id,name,album_group,album_type,release_date,popularity
1,You Make Me Feel Brand New,NULL,compilation,2007-10-09 00:00:00.0000000,0
10,Eyes Open - Live,NULL,album,2007-01-01 00:00:00.0000000,0
100,Le retour du dernier de la classe,NULL,album,2012-10-22 00:00:00.0000000,42
1000,Come Over (Instrumental Version),NULL,album,2012-06-01 00:00:00.0000000,0
1001,Can't Stop Now,NULL,album,2012-06-14 00:00:00.0000000,35
584,Polka Medley (Folge 1): Nimm dir Zeit für Fröhlichkeit / I komm heut Nacht auf a Bussel zu dir / Wir kommen von den Bergen / Bergvagabunden / Heut will i lustig sein / Ohne Musig geht nix,NULL,album,2005-04-29 00:00:00.0000000,0
1002,Lezgi,NULL,album,1994-08-16 00:00:00.0000000,5
1003,Last Night,NULL,album,2006-01-01 00:00:00.0000000,0
1004,"Spaceship (feat. Kelis, apl.de.ap & Jean-Baptiste) - Pance Party Remix",NULL,single,2010-08-13 00:00:00.0000000,0
1005,Werkk,NULL,single,2013-04-22 00:00:00.0000000,0
1006,Desert Kid,NULL,compilation,2014-03-03 00:00:00.0000000,0
1007,Gypsy,NULL,album,2008-12-31 00:00:00.0000000,0
1008,Bout It Bout It,NULL,album,2013-09-20 00:00:00.0000000,0
1009,I Will Be Waiting,NULL,album,2007-01-01 00:00:00.0000000,0
101,Won't Be The Same - Monoverse Radio Edit,NULL,compilation,2015-08-17 00:00:00.0000000,0
1010,Nobody Does It Better,NULL,album,1998-01-01 00:00:00.0000000,0
1011,Ms. Bird Live From Superdrome - Album Version (Edited),NULL,album,2002-01-01 00:00:00.0000000,0
1012,손발이 오글오글 Hands And Feet Are Ogeul-Ogeul,NULL,album,2009-06-25 00:00:00.0000000,0
1013,Hesitation Blues,NULL,album,2013-10-15 00:00:00.0000000,0
1014,Huelga De Estrellas,NULL,album,2012-11-12 00:00:00.0000000,0
1015,Filia Sion,NULL,album,2012-05-25 00:00:00.0000000,27
1016,Live At Billy Bob's Texas,NULL,album,2005-06-14 00:00:00.0000000,0
1017,Off On,NULL,album,2014-10-07 00:00:00.0000000,0
1018,What Ever Happened To?,NULL,compilation,2011-05-30 00:00:00.0000000,0
1019,Chemical X - Original Mix,NULL,compilation,2011-09-03 00:00:00.0000000,0
102,Steels Drums - Original mix,NULL,album,2016-01-30 00:00:00.0000000,0
1020,Night and Day - Unique Duet Lounge Mix,NULL,compilation,2013-06-03 00:00:00.0000000,0
1021,The Rifles EP,NULL,single,2008-12-12 00:00:00.0000000,0
1022,Esto No Es Moda,NULL,album,2016-04-08 00:00:00.0000000,0
1023,It's the Most Wonderful Time of the Year (Professional Backing Track) - In the Style of Andy Williams,NULL,album,2012-12-05 00:00:00.0000000,0
1024,You Can't Go Home Again,NULL,album,2002-02-04 00:00:00.0000000,0
1025,Cada Dia Te Quiero Mas,NULL,album,2015-09-09 00:00:00.0000000,0
1026,"Белые кораблики (из сказки ""Площадь картонных часов"")",NULL,album,2015-05-21 00:00:00.0000000,0
1027,Nyabinghi Chant,NULL,album,2001-01-01 00:00:00.0000000,0
1028,A Mi Madre,NULL,album,2015-06-15 00:00:00.0000000,0
1029,The Joy of Sunsets,NULL,album,2017-04-27 00:00:00.0000000,0
103,Blurred Lines (Originally Performed by Robin Thicke Feat. T.I and Pharrell) [Karaoke Version],NULL,single,2013-07-11 00:00:00.0000000,0
1030,The Problem of Evil - Acoustic,NULL,single,2017-07-07 00:00:00.0000000,0
1031,Under The Same Sky - Beat Service Radio Edit,NULL,compilation,2012-08-27 00:00:00.0000000,0
1032,Show Me Light,NULL,compilation,2007-01-05 00:00:00.0000000,0
1033,Emborraches,NULL,album,2016-08-04 00:00:00.0000000,0
1034,Glagolitic Mass: Intrada,NULL,album,2009-01-01 00:00:00.0000000,0
1035,"Il Trovatore / Act 3: ""Quale d'armi fragor""",NULL,album,2001-01-01 00:00:00.0000000,0
1036,Jesus Loves Me - Artist: Peggy Duquesnel,NULL,compilation,2007-07-06 00:00:00.0000000,0
1037,"When It's Sleepy Time Down South, Pt. 1",NULL,compilation,2006-06-01 00:00:00.0000000,0
1038,La Chiflera - En Vivo,NULL,album,2017-09-04 00:00:00.0000000,0
1039,Deutschland - Radio Mix,NULL,album,2001-09-28 00:00:00.0000000,0
104,Who What When Where,NULL,compilation,2015-08-21 00:00:00.0000000,0
1040,Llego Con Tres Heridas,NULL,album,2017-04-07 00:00:00.0000000,0
1041,Live Like We're Dying (Made Famous by Kris Allen),NULL,album,2011-03-01 00:00:00.0000000,0
1042,Death of the Rockstar,NULL,single,2014-06-17 00:00:00.0000000,2
1043,Tango Caliente,NULL,album,2012-03-13 00:00:00.0000000,0
1044,Gruppenreise (Rashad Becker Remix),NULL,compilation,2010-05-28 00:00:00.0000000,0
1045,Midnight Sky,NULL,single,2020-08-14 00:00:00.0000000,75
1046,Lovers and Leavers,NULL,album,2016-04-08 00:00:00.0000000,47
1047,Raindrops,NULL,single,2010-01-01 00:00:00.0000000,0
1048,Jubilee Stomp,NULL,album,2010-02-04 00:00:00.0000000,0
1049,The Council,NULL,album,2010-01-01 00:00:00.0000000,0
105,"Chamber Concerto in A Minor, RV 108: I. Allegro",NULL,album,2016-02-05 00:00:00.0000000,0
1050,"Plündern, Rauben, Morden",NULL,album,2008-04-18 00:00:00.0000000,0
1051,Gun Powder,NULL,single,2016-12-16 00:00:00.0000000,0
1052,Romaria,NULL,album,2014-09-23 00:00:00.0000000,0
1053,Titanium,NULL,compilation,2015-10-05 00:00:00.0000000,0
1054,Pote tin Kyriaki (Never on Sunday): Main Theme (arr. R. Shaw for orchestra),NULL,album,2013-11-19 00:00:00.0000000,0
1055,"7 Minuets, K.65a: No.6 in G Major",NULL,album,2000-01-01 00:00:00.0000000,0
1056,I'll Be a Writer,NULL,album,2015-10-09 00:00:00.0000000,0
1057,Mystic Indian Hitmakers,NULL,album,2010-05-08 00:00:00.0000000,1
1058,Want to Want Me (Lullaby Rendition),NULL,album,2015-08-12 00:00:00.0000000,0
1059,There and Back,NULL,album,2008-01-01 00:00:00.0000000,0
106,Something For The Weekend,NULL,single,2011-01-01 00:00:00.0000000,0
1060,ぼくらのバロム1 (超人バロム・1) - LIVE,NULL,album,2005-04-06 00:00:00.0000000,0
1061,So Many Memories,NULL,album,2014-05-12 00:00:00.0000000,0
1062,Lucky Number 7,NULL,single,2021-02-12 00:00:00.0000000,39
1063,Avalon,NULL,album,2012-03-06 00:00:00.0000000,0
1064,"Quran,Short Sura`s, Vol. 1",NULL,album,2014-01-01 00:00:00.0000000,25
1065,My Last Affair,NULL,compilation,2011-11-14 00:00:00.0000000,0
1066,Burn,NULL,album,2013-08-26 00:00:00.0000000,0
1067,Embrace the Moment,NULL,single,2015-11-07 00:00:00.0000000,0
1068,The Music of Astor Piazzolla,NULL,compilation,2011-10-04 00:00:00.0000000,1
1069,Macarena,NULL,compilation,2013-10-18 00:00:00.0000000,0
107,Bailando Hits 2014,NULL,compilation,2014-09-19 00:00:00.0000000,0
1070,Polar AC,NULL,album,1975-01-01 00:00:00.0000000,8
1071,Bernard & Louise,NULL,album,1997-01-01 00:00:00.0000000,39
1072,Wheel Of Time,NULL,album,2010-11-01 00:00:00.0000000,0
1073,Dos Cantores,NULL,album,2007-03-30 00:00:00.0000000,0
1074,The Third Three Years,NULL,compilation,2014-11-24 00:00:00.0000000,18
1075,Plus One,NULL,single,2011-12-04 00:00:00.0000000,0
1076,"Aoi Shiori -Galileo Galilei- (From ""Ao Hana"")",NULL,album,2016-09-29 00:00:00.0000000,0
1077,Feel,NULL,album,2013-11-05 00:00:00.0000000,0
1078,"Chapter 6 - Live at Ekko, Utrecht 13.04.08",NULL,album,2004-01-01 00:00:00.0000000,0
1079,Set,NULL,album,1990-01-01 00:00:00.0000000,0
108,Spotify Singles,NULL,single,2021-03-17 00:00:00.0000000,42
1080,Ogni Tanto È Bello Stare Soli - 2001 Remaster,NULL,album,1986-10-01 00:00:00.0000000,0
1081,Ocean Avenue,NULL,album,2009-05-31 00:00:00.0000000,0
1082,Mi Ranchito,NULL,album,2001-01-07 00:00:00.0000000,0
1083,Drive,NULL,album,2015-09-04 00:00:00.0000000,0
1084,"Shake, Rattle and Roll",NULL,compilation,2011-08-12 00:00:00.0000000,0
1085,Dead Man' Dream,NULL,album,2004-08-30 00:00:00.0000000,0
1086,Down at the Old Bull and Bush,NULL,album,2000-11-01 00:00:00.0000000,0
1087,"Norma: Norma, Act I: Casta diva",NULL,compilation,2007-01-01 00:00:00.0000000,0
1088,Damai,NULL,album,2016-06-10 00:00:00.0000000,0
1089,Everything Will Rust,NULL,album,2013-01-01 00:00:00.0000000,0
109,Symphony No.5 In C Sharp Minor - 4th Movement,NULL,compilation,2010-05-01 00:00:00.0000000,0
1090,Bois bourgeois (Live),NULL,album,2016-10-14 00:00:00.0000000,0
1091,Pájaro Campana,NULL,compilation,2010-11-23 00:00:00.0000000,0
1092,Beethoven: Cello Sonatas & Variations,NULL,album,1976-01-01 00:00:00.0000000,11
1093,Baby Baby Baby,NULL,compilation,2007-06-22 00:00:00.0000000,0
1094,"The Moon, the Sky, Forever (From 'Sailor Moon')",NULL,compilation,2014-01-01 00:00:00.0000000,0
1095,Elif Dedim Be Dedim,NULL,album,1986-12-12 00:00:00.0000000,0
1096,Mendelssohn: Piano Quartets Nos. 2 and 3,NULL,album,1994-04-12 00:00:00.0000000,14
1097,This Is How We Do - Dance Remix,NULL,album,2015-09-18 00:00:00.0000000,0
1098,Sails of Charon,NULL,album,2010-05-05 00:00:00.0000000,0
1099,Jeopardy - Spanish Mix,NULL,album,2014-06-24 00:00:00.0000000,0
11,So This Is What We Doing?,NULL,album,2017-09-22 00:00:00.0000000,0
110,Night & Day I Miss You So,NULL,album,2013-01-01 00:00:00.0000000,0
1100,Waiting On,NULL,album,2012-05-06 00:00:00.0000000,0
1101,Kinsenka,NULL,album,2006-12-06 00:00:00.0000000,0
1102,Una Cancion de Amor,NULL,album,1999-09-08 00:00:00.0000000,0
1103,Dynamite (feat. Allday),NULL,single,2015-06-09 00:00:00.0000000,36
1104,"The Gang That Sang ""Heart of My Heart""",NULL,album,2009-06-04 00:00:00.0000000,0
1105,Blazing - Instrumental,NULL,album,2016-11-09 00:00:00.0000000,0
1106,Unknown Room,NULL,album,2019-03-08 00:00:00.0000000,19
1107,La Cumparsita,NULL,compilation,2013-04-29 00:00:00.0000000,0
1108,Mindfullness Meditation,NULL,album,2016-02-29 00:00:00.0000000,0
1109,Tell Her That I Love Her,NULL,album,2008-02-12 00:00:00.0000000,0
111,"Sleep over Pieces, Vol. 1",NULL,album,2007-12-21 00:00:00.0000000,4
1110,Tribal Drums of Africa,NULL,album,2011-02-16 00:00:00.0000000,0
1111,O Destino Não Quis,NULL,album,2015-11-13 00:00:00.0000000,0
1112,Jee P Funk,NULL,album,2011-06-01 00:00:00.0000000,0
1113,Embrace The Change,NULL,album,2009-09-25 00:00:00.0000000,0
1114,Imitation of Life,NULL,album,2010-07-20 00:00:00.0000000,0
1115,Organically Grown,NULL,album,2001-01-01 00:00:00.0000000,0
1116,El Rosalito,NULL,album,2014-01-17 00:00:00.0000000,0
1117,Finnish Folksongs With Kantele,NULL,single,1962-01-01 00:00:00.0000000,0
1118,Amor de Mis Amores,NULL,album,2015-01-08 00:00:00.0000000,0
1119,Take A Ride - Feat. Humboldt County Freestyle Kings,NULL,album,2005-01-01 00:00:00.0000000,0
112,Eastern monarchs,NULL,album,2015-01-12 00:00:00.0000000,0
1120,Drei Geistliche Chöre Op.37: 3. Regina coeli laetare,NULL,album,2015-01-01 00:00:00.0000000,0
1121,Left and Leaving - Live,NULL,album,2010-03-23 00:00:00.0000000,0
1122,Fo nou profité,NULL,compilation,2017-04-14 00:00:00.0000000,0
1123,"Danzas y Bailes de Chile: Zona Norte e Isla de Pascua, Vol. 1",NULL,compilation,2008-01-01 00:00:00.0000000,5
1124,L'addio,NULL,compilation,2009-08-17 00:00:00.0000000,0
1125,Dil Nachde (Live),NULL,album,2014-07-01 00:00:00.0000000,0
1126,Do You Hear What I Hear?,NULL,single,2013-11-19 00:00:00.0000000,0
1127,Take The A Train - from Let's Spend The Night Together,NULL,compilation,2011-04-27 00:00:00.0000000,0
1128,Vivaldi: Cello Sonatas,NULL,album,2019-09-06 00:00:00.0000000,15
1129,Ital Dub,NULL,album,2009-08-18 00:00:00.0000000,15
113,Regal Ceremony,NULL,album,2012-08-07 00:00:00.0000000,0
1130,In the Name of Love,NULL,compilation,2008-01-01 00:00:00.0000000,0
1131,When the Sun Shine's Through,NULL,single,2011-02-15 00:00:00.0000000,0
1132,Fetish for Fightin',NULL,compilation,2010-07-20 00:00:00.0000000,0
1133,"Lo, How A Rose E'er Blooming",NULL,album,1994-01-01 00:00:00.0000000,0
1134,You're the First the Last My Everything - Workout Mix + 125 bpm,NULL,album,2014-12-09 00:00:00.0000000,0
1135,"Vivaldi: Le quattro stagioni (The Four Seasons), Op. 8: Violin Concerto No. 1 in E Major, RV 269, ""La Primavera"". III. Allegro",NULL,album,1996-03-01 00:00:00.0000000,0
1136,Reiki Healing Hand,NULL,album,2014-04-14 00:00:00.0000000,0
1137,Mortuary Mary,NULL,album,2013-07-16 00:00:00.0000000,0
1138,Ser De Agua (REMASTERS),NULL,album,1991-01-01 00:00:00.0000000,45
1139,Tie Me Down,NULL,album,2002-01-01 00:00:00.0000000,0
114,She Loves You,NULL,album,2014-11-20 00:00:00.0000000,0
1140,Pelotero A La Bola,NULL,album,2002-06-24 00:00:00.0000000,0
1141,Hand Inna Di Air,NULL,album,2011-03-25 00:00:00.0000000,0
1142,Anthology,NULL,album,2003-01-21 00:00:00.0000000,40
1143,The First Train Heading South,NULL,album,2014-10-02 00:00:00.0000000,0
1144,Squad Goals,NULL,album,2016-09-30 00:00:00.0000000,0
1145,Cherry Blossom,NULL,album,2014-12-26 00:00:00.0000000,0
1146,Ideas,NULL,single,2015-12-11 00:00:00.0000000,0
1147,Ausar Auset and Heru (The Trinity),NULL,album,2016-08-22 00:00:00.0000000,0
1148,My Sweet Lord,NULL,compilation,2008-01-01 00:00:00.0000000,0
1149,Make You Cry - Sean Roman Remix,NULL,album,2015-03-30 00:00:00.0000000,0
115,Todo Me Gusta de Ti,NULL,album,1970-01-01 00:00:00.0000000,0
1150,Beautiful Vacation,NULL,single,2015-10-09 00:00:00.0000000,0
1151,Mounala Manasa,NULL,album,2006-01-01 00:00:00.0000000,0
1152,Boss (NES ver.),NULL,album,2014-01-01 00:00:00.0000000,0
1153,Aullan Sirenas,NULL,album,2017-06-29 00:00:00.0000000,0
1154,No Man's Land,NULL,album,2015-06-30 00:00:00.0000000,0
1155,The Main Attraction (Instrumental),NULL,album,2013-11-19 00:00:00.0000000,0
1156,Un Beso Y Una Flor,NULL,album,2009-01-01 00:00:00.0000000,0
1157,Don't You Rock Me Daddy-O,NULL,album,2006-01-01 00:00:00.0000000,0
1158,Chiang Mai,NULL,compilation,2014-09-05 00:00:00.0000000,0
1159,Rappin' Blues,NULL,single,1999-02-10 00:00:00.0000000,0
116,Te Quiero,NULL,album,1993-05-23 00:00:00.0000000,0
1160,Another Love (In the Style of Tom Odell) [Karaoke Instrumental Version],NULL,album,2013-07-24 00:00:00.0000000,0
1161,Stronger Now,NULL,album,2013-08-06 00:00:00.0000000,0
1162,Il cuore è uno zingaro,NULL,album,2008-06-10 00:00:00.0000000,0
1163,"Hope: Friends Gather/Caroling, Caroling",NULL,compilation,1996-12-01 00:00:00.0000000,0
1164,Trap Somethin',NULL,album,2013-11-18 00:00:00.0000000,0
1165,Villa Rides,NULL,album,2009-12-21 00:00:00.0000000,0
1166,Deeper (feat. Johnny Adkison),NULL,album,2016-03-01 00:00:00.0000000,0
1167,Broken Mirror - Italo Mix,NULL,single,1995-03-21 00:00:00.0000000,0
1168,Camino hacia la ruina,NULL,album,2000-01-01 00:00:00.0000000,29
1169,Prince Harry,NULL,album,2012-09-14 00:00:00.0000000,0
117,Ljubezen je kot mavrica Anika Horvat/Big Band in Simfoniki RTV Slovenija,NULL,album,2014-03-31 00:00:00.0000000,10
1170,Esprit Mélancolie,NULL,compilation,2009-03-30 00:00:00.0000000,0
1171,Incomplete (Re-Recorded),NULL,compilation,2014-06-10 00:00:00.0000000,0
1172,Unearthed: The Early Days,NULL,album,2004-01-01 00:00:00.0000000,3
1173,Musicione,NULL,compilation,1997-01-28 00:00:00.0000000,0
1174,Van Veen: Piano Music,NULL,album,2014-04-25 00:00:00.0000000,7
1175,Lullaby Renditions of the Ramones,NULL,album,2007-01-30 00:00:00.0000000,24
1176,Ascendit Deus,NULL,album,2015-03-03 00:00:00.0000000,0
1177,Doin' Me,NULL,album,2010-04-20 00:00:00.0000000,0
1178,Thunderstorm in the Backyard,NULL,album,2016-03-01 00:00:00.0000000,0
1179,"О, Варум",NULL,album,2007-01-01 00:00:00.0000000,0
118,Temporary Lover (Part Time Mix),NULL,album,2013-04-15 00:00:00.0000000,0
1180,Enfant Du Destin - (Daoud),NULL,album,2013-06-20 00:00:00.0000000,0
1181,San Remo,NULL,single,1957-08-30 00:00:00.0000000,0
1182,Hitler's Nipples,NULL,album,2008-01-01 00:00:00.0000000,0
1183,The Fire Of Love - No Breakbeat Edit,NULL,single,2008-09-16 00:00:00.0000000,0
1184,Going Home,NULL,album,1998-01-01 00:00:00.0000000,0
1185,I Want a Wraith (Bonus Track),NULL,album,2017-09-08 00:00:00.0000000,0
1186,Rendezvous,NULL,album,2015-07-17 00:00:00.0000000,0
1187,Cloud 9 - Instrumental Version,NULL,album,2015-10-16 00:00:00.0000000,0
1188,Coffee in the Gobi,NULL,album,2001-08-08 00:00:00.0000000,0
1189,Big House in the Glen,NULL,compilation,1995-01-13 00:00:00.0000000,0
119,And We Sing,NULL,album,2016-09-16 00:00:00.0000000,0
1190,I Wish That I Could Hurt That Way Again,NULL,compilation,2010-01-01 00:00:00.0000000,0
1191,All Your Shoes Talk,NULL,album,2013-10-15 00:00:00.0000000,0
1192,Maybe,NULL,compilation,2008-09-01 00:00:00.0000000,0
1193,Costureiriña Bonita,NULL,album,2007-05-01 00:00:00.0000000,0
1194,Essence,NULL,compilation,2015-08-19 00:00:00.0000000,0
1195,An Easy One,NULL,album,2004-01-01 00:00:00.0000000,0
1196,Bir Kadın Nasıl Döner Köşeyi,NULL,compilation,2004-01-01 00:00:00.0000000,0
1197,Alone,NULL,album,2007-11-01 00:00:00.0000000,0
1198,Cumbión del Sur (feat. Itagui),NULL,album,2014-03-11 00:00:00.0000000,0
1199,Are You Ready,NULL,album,1999-05-02 00:00:00.0000000,43
12,Scheiße,NULL,album,2011-05-23 00:00:00.0000000,0
120,Uptown - Live,NULL,album,1988-01-01 00:00:00.0000000,0
1200,Anguish of Youth,NULL,album,2011-01-01 00:00:00.0000000,0
1201,She's Fiddling,NULL,album,2001-01-01 00:00:00.0000000,0
1202,The Reflection Wave One - Original Sound Track,NULL,album,2017-08-16 00:00:00.0000000,8
1203,Dark Thrones & Black Flags,NULL,album,2008-01-01 00:00:00.0000000,0
1204,Partes Extra Partes,NULL,album,2006-01-01 00:00:00.0000000,0
1205,100% Klassik Vol. 2,NULL,album,2009-11-27 00:00:00.0000000,21
1206,Golden,NULL,album,2011-05-17 00:00:00.0000000,0
1207,Newfoundland Canadian Celtic Ballad,NULL,album,2016-01-15 00:00:00.0000000,0
1208,Intro (Twist It Up),NULL,album,2015-03-15 00:00:00.0000000,0
1209,Revolution - Live,NULL,album,2009-09-04 00:00:00.0000000,0
121,Destiny Islands,NULL,album,2017-05-24 00:00:00.0000000,0
1210,Ateu Comovido,NULL,album,2000-01-01 00:00:00.0000000,0
1211,Love U Baby,NULL,compilation,2015-11-03 00:00:00.0000000,0
1212,Rhythm Cone,NULL,album,2009-08-14 00:00:00.0000000,0
1213,Kamikaze 2016,NULL,album,2016-09-18 00:00:00.0000000,0
1214,Genesis - Original Mix,NULL,album,2016-09-05 00:00:00.0000000,0
1215,Fa Lude Oh!,NULL,album,2006-01-01 00:00:00.0000000,0
1216,愛さえあれば,NULL,album,2014-04-22 00:00:00.0000000,0
1217,El Dinero No Es la Vida,NULL,album,2001-08-14 00:00:00.0000000,0
1218,Changes Her Mind,NULL,album,1982-01-01 00:00:00.0000000,0
1219,Tchaikovsky: The Nutcracker; The Sleeping Beauty - highlights,NULL,album,1994-01-01 00:00:00.0000000,26
122,Never Had a Love Like This Before,NULL,album,2010-04-20 00:00:00.0000000,0
1220,A State Of Trance (ASOT 734) - Welcome to Hour 2,NULL,album,2015-10-08 00:00:00.0000000,0
1221,Papa-Oom-Mow-Mow - Party! Sessions Mix,NULL,album,2015-11-20 00:00:00.0000000,0
1222,Teach Me To Trust,NULL,album,1995-08-22 00:00:00.0000000,0
1223,Forward,NULL,album,2014-08-01 00:00:00.0000000,0
1224,Blue,NULL,album,1999-11-23 00:00:00.0000000,61
1225,Porque Nao Lhe Dizes,NULL,album,2010-01-01 00:00:00.0000000,0
1226,"Nocturne in B Major, Op. 40, B. 47",NULL,album,2010-11-16 00:00:00.0000000,0
1227,Por Puro Amor,NULL,album,1995-01-01 00:00:00.0000000,49
1228,Deep Waters,NULL,album,2012-01-01 00:00:00.0000000,0
1229,No Justice No Peace,NULL,album,1994-01-01 00:00:00.0000000,0
123,Move 2 Thiz - Radio Edit,NULL,album,2011-12-19 00:00:00.0000000,0
1230,One O'Clock Jump,NULL,compilation,2003-03-27 00:00:00.0000000,0
1231,Oye Como Suena (feat. Lil Eto & Soundboy Carter),NULL,album,2013-11-26 00:00:00.0000000,0
1232,B6 F8 Artificial Intelligence Composition Systems,NULL,album,2012-02-18 00:00:00.0000000,0
1233,"Préludes, Book I, L 117: X. La Cathédrale Engloutie (The Sunken Cathedral): Profondément calme",NULL,album,2012-11-06 00:00:00.0000000,0
1234,"Supplication - Live at Springfield Civic Center Arena, Springfield, MA, May 11, 1978",NULL,album,2002-01-01 00:00:00.0000000,0
1235,Pussycat Pussycat,NULL,album,2013-04-19 00:00:00.0000000,0
1236,DJ-Kicks (Brandt Brauer Frick) [DJ Mix],NULL,album,2014-02-24 00:00:00.0000000,19
1237,No Es de Pena,NULL,album,2012-12-06 00:00:00.0000000,0
1238,Where Or When,NULL,compilation,2011-04-18 00:00:00.0000000,0
1239,Call of Duty: Ghosts,NULL,album,2013-11-01 00:00:00.0000000,0
124,Vivaldi: Orlando Furioso,NULL,album,2004-10-19 00:00:00.0000000,25
1240,I'd Rather Be Right Here,NULL,album,1992-01-01 00:00:00.0000000,0
1241,Reina Del Caribe,NULL,album,2011-05-27 00:00:00.0000000,0
1242,Settle the Score,NULL,album,2015-08-25 00:00:00.0000000,0
1243,Banner Man,NULL,album,2007-07-11 00:00:00.0000000,0
1244,Millennials,NULL,single,2017-05-09 00:00:00.0000000,18
1245,La Camioneta Gris,NULL,album,2014-12-08 00:00:00.0000000,0
1246,You're Gonna Need a Bigger Goat,NULL,album,2017-02-01 00:00:00.0000000,0
1247,Cumbia Del Violin,NULL,album,2003-01-01 00:00:00.0000000,0
1248,Plains of Nebrasky-O,NULL,compilation,2000-09-12 00:00:00.0000000,0
1249,Every Perfect Picture,NULL,album,2012-05-08 00:00:00.0000000,0
125,Poetry,NULL,album,2013-09-17 00:00:00.0000000,0
1250,Heart of Hearts,NULL,album,1987-01-01 00:00:00.0000000,0
1251,Whoppin' And Squallin',NULL,album,1981-01-01 00:00:00.0000000,0
1252,20 Años Cantándole a México,NULL,album,2021-02-16 00:00:00.0000000,7
1253,Joyful Season,NULL,album,2005-01-01 00:00:00.0000000,9
1254,The Log Splitter Set,NULL,album,2007-05-22 00:00:00.0000000,0
1255,Westcoast,NULL,album,2012-03-06 00:00:00.0000000,0
1256,Lion,NULL,single,2011-02-14 00:00:00.0000000,0
1257,Lost In Silence,NULL,album,2006-09-01 00:00:00.0000000,0
1258,Crying,NULL,album,2009-01-26 00:00:00.0000000,0
1259,Bury Me,NULL,album,2016-01-22 00:00:00.0000000,0
126,Feeling Good,NULL,album,2015-11-27 00:00:00.0000000,0
1260,Elude,NULL,album,2017-11-20 00:00:00.0000000,0
1261,The Ghost in the Parlour,NULL,album,2013-03-19 00:00:00.0000000,0
1262,"Horn Concerto No. 1 in D Major, K. 412: II. Rondo: Allegro",NULL,album,2007-08-01 00:00:00.0000000,0
1263,Ballade,NULL,album,2015-06-14 00:00:00.0000000,0
1264,Leland Mississippi Blues,NULL,album,2013-05-10 00:00:00.0000000,0
1265,Vedo nero - Originally Performed By Zucchero,NULL,album,2011-10-19 00:00:00.0000000,0
1266,Day I Die,NULL,album,2010-02-16 00:00:00.0000000,0
1267,"Porno, poker et jeux vidéo",NULL,album,2014-02-10 00:00:00.0000000,0
1268,"Verdi: La Traviata: Un di, felice, eterea - Act One",NULL,album,2002-04-02 00:00:00.0000000,0
1269,Folium,NULL,compilation,2013-12-06 00:00:00.0000000,0
127,Voyage,NULL,single,2018-10-11 00:00:00.0000000,0
1270,Jesu O Tsohile,NULL,album,2009-01-01 00:00:00.0000000,30
1271,Ciudad del Caos,NULL,album,2012-09-03 00:00:00.0000000,8
1272,Without a Fight,NULL,album,2012-12-31 00:00:00.0000000,0
1273,Auf d'Nocht,NULL,album,2013-05-28 00:00:00.0000000,0
1274,Alles,NULL,album,2017-03-06 00:00:00.0000000,0
1275,Great Is Thy Faithfulness,NULL,album,2005-01-01 00:00:00.0000000,0
1276,Livin' Like a Joker,NULL,single,2011-02-21 00:00:00.0000000,0
1277,Gambling Man,NULL,single,2013-04-05 00:00:00.0000000,0
1278,Cirlce of Light,NULL,album,2014-03-03 00:00:00.0000000,0
1279,My Darling's Last Goodbye,NULL,album,2015-07-01 00:00:00.0000000,0
128,Marvelous - Oxford Remix,NULL,single,2012-07-17 00:00:00.0000000,0
1280,"Rumble in Brighton - Live at Loreley, August 20th 1983",NULL,album,2015-06-19 00:00:00.0000000,0
1281,Gospel Masters: Rock My Soul,NULL,album,2005-11-30 00:00:00.0000000,0
1282,End States,NULL,album,2005-07-12 00:00:00.0000000,0
1283,Death Around The Corner,NULL,album,2011-03-30 00:00:00.0000000,0
1284,Dark Side - Live,NULL,album,2013-11-29 00:00:00.0000000,0
1285,Ylime,NULL,album,1998-10-20 00:00:00.0000000,0
1286,Yoga Healing,NULL,album,2011-04-25 00:00:00.0000000,0
1287,Best Puzzy of the Year 2019,NULL,album,2019-12-11 00:00:00.0000000,0
1288,Wounded Surfer Boy,NULL,album,2011-02-25 00:00:00.0000000,0
1289,"Bizet: Carmen, WD 31, Act 1 Scene 4: No. 5, Havanaise, ""L'amour est un oiseau rebelle"" (Carmen, Chorus)",NULL,album,2000-01-01 00:00:00.0000000,0
129,What's Going On,NULL,album,2010-09-20 00:00:00.0000000,0
1290,Livin' Without You - Remastered 2003,NULL,album,2002-12-26 00:00:00.0000000,0
1291,Oyeme,NULL,album,2013-10-25 00:00:00.0000000,0
1292,What I've Got in Mind,NULL,compilation,2008-01-01 00:00:00.0000000,0
1293,Point Of Know Return,NULL,album,2009-10-16 00:00:00.0000000,0
1294,Home,NULL,album,2017-08-18 00:00:00.0000000,0
1295,"Red, White, And Blue Collar",NULL,album,2013-12-09 00:00:00.0000000,0
1296,In Love Again,NULL,album,2015-12-17 00:00:00.0000000,0
1297,Baby I Like Your Style,NULL,album,2017-07-25 00:00:00.0000000,0
1298,Two Sides to Every Story,NULL,album,2012-03-12 00:00:00.0000000,4
1299,A Little At A Time,NULL,album,2006-09-12 00:00:00.0000000,0
13,Stompin' at the Savoy - 2004 Remaster,NULL,album,1959-01-01 00:00:00.0000000,0
130,Cold for That - Instrumental,NULL,album,2009-05-05 00:00:00.0000000,0
1300,House Built Around Your Voice,NULL,album,2012-01-24 00:00:00.0000000,0
1301,Yeah 3X,NULL,single,2011-01-24 00:00:00.0000000,0
1302,Love Is Here To Stay,NULL,compilation,2012-12-14 00:00:00.0000000,0
1303,Sigo Con la Misma Bandera,NULL,album,2012-08-24 00:00:00.0000000,0
1304,Alta la Frente (Himno del Centenario del Deportivo Alavés),NULL,single,2021-01-15 00:00:00.0000000,27
1305,Ти си сам,NULL,album,2009-01-01 00:00:00.0000000,0
1306,17 Again,NULL,compilation,2014-07-08 00:00:00.0000000,0
1307,You,NULL,album,2015-08-18 00:00:00.0000000,0
1308,Rock N Roll Never Looked So Beautiful,NULL,album,2010-01-01 00:00:00.0000000,0
1309,Mannschaft - Commentaires,NULL,album,2015-05-26 00:00:00.0000000,0
131,Human Being (Bassnectar Edit),NULL,album,2013-07-23 00:00:00.0000000,0
1310,Truck Turning At Intersection (Version 2) [Sound Effect],NULL,album,2012-10-22 00:00:00.0000000,0
1311,Step Into The Light (Mix Cut) - Original Mix,NULL,compilation,2015-12-18 00:00:00.0000000,0
1312,Hey Jude,NULL,album,2009-07-27 00:00:00.0000000,0
1313,Sao Verought,NULL,album,2006-04-24 00:00:00.0000000,0
1314,Sem Ferrolho & Sem Tramela,NULL,album,1997-01-01 00:00:00.0000000,35
1315,Orion (ASOT 775),NULL,album,2016-08-04 00:00:00.0000000,0
1316,"Djazz La, Vol. 8: Goin' In",NULL,album,2015-04-01 00:00:00.0000000,18
1317,Narrative Spells Infatuation Shocker,NULL,album,2006-01-01 00:00:00.0000000,0
1318,"Romeo and Juliet, Suite No. 1, Op. 64bis: VI. Romeo and Juliet (Balcony Scene)",NULL,compilation,2013-10-01 00:00:00.0000000,0
1319,Action Film (feat. Brymo),NULL,album,2011-01-22 00:00:00.0000000,0
132,Woebegone,NULL,album,2009-03-01 00:00:00.0000000,0
1320,"Please, Don't (feat. rjd2 and Aaron Livingston)",NULL,album,2011-10-11 00:00:00.0000000,0
1321,Pile Driver,NULL,album,2010-08-17 00:00:00.0000000,0
1322,Wrong,NULL,album,2011-01-01 00:00:00.0000000,0
1323,Dímelo tu,NULL,album,2010-08-27 00:00:00.0000000,0
1324,Can't Spend The Day Without You - Original Mix,NULL,album,2012-07-02 00:00:00.0000000,0
1325,Back to the Island,NULL,album,2016-06-01 00:00:00.0000000,0
1326,Space Ghost Purp,NULL,album,2013-07-29 00:00:00.0000000,0
1327,"Symphony No. 6 in F Major, Op. 68 ""Pastoral"": III. Merry Gathering of Country Folk: Allegro",NULL,album,2015-02-01 00:00:00.0000000,0
1328,I can't Forget you,NULL,album,2008-07-28 00:00:00.0000000,0
1329,All of Your Stories Fly,NULL,album,2011-05-30 00:00:00.0000000,0
133,La Huella de Mis Besos,NULL,album,2013-02-21 00:00:00.0000000,0
1330,Middledistancerunner,NULL,single,2010-07-30 00:00:00.0000000,0
1331,Part-Time Lover,NULL,compilation,2015-03-03 00:00:00.0000000,0
1332,Cold In The State Of Me,NULL,album,2008-06-09 00:00:00.0000000,0
1333,The project (Part two),NULL,album,2009-03-03 00:00:00.0000000,0
1334,I'll Be Your Mirror (Acoustic Version - Bonus Track),NULL,album,2008-04-01 00:00:00.0000000,0
1335,Umbhaqanga,NULL,album,2010-05-17 00:00:00.0000000,0
1336,The Heart of Love,NULL,compilation,2011-11-29 00:00:00.0000000,0
1337,Höstvisa,NULL,album,1997-01-01 00:00:00.0000000,11
1338,Farha,NULL,album,2015-11-24 00:00:00.0000000,0
1339,Blind Those Eyes,NULL,album,2013-04-30 00:00:00.0000000,0
134,DNA EP,NULL,single,2014-06-23 00:00:00.0000000,0
1340,Piano Solo (Music for 2021),NULL,album,2021-01-06 00:00:00.0000000,0
1341,Brazil,NULL,album,2016-10-31 00:00:00.0000000,0
1342,Greetings From L.A.,NULL,album,1972-01-01 00:00:00.0000000,42
1343,Quando você chegar,NULL,album,1994-05-20 00:00:00.0000000,0
1344,What They Do,NULL,album,2004-07-13 00:00:00.0000000,0
1345,You've Got a Bad Case of the Religions,NULL,album,2015-01-23 00:00:00.0000000,0
1346,Calypso @ Dirty Jim's,NULL,album,2004-01-01 00:00:00.0000000,31
1347,Dead Walker,NULL,album,2015-12-11 00:00:00.0000000,0
1348,Happiness,NULL,compilation,2013-12-25 00:00:00.0000000,0
1349,Heartbreaker - Sordon's Version,NULL,single,2014-06-20 00:00:00.0000000,0
135,Cause It's Funky,NULL,album,1990-03-30 00:00:00.0000000,0
1350,Periodico De Siempre,NULL,album,2009-01-01 00:00:00.0000000,0
1351,"O Come, All Ye Faithful",NULL,album,1999-06-15 00:00:00.0000000,0
1352,Latviešu Auto Roks! '80-tie,NULL,album,2009-05-05 00:00:00.0000000,16
1353,The Honeybees In My Heart,NULL,album,2007-01-01 00:00:00.0000000,0
1354,No Easy Way,NULL,single,2010-12-21 00:00:00.0000000,0
1355,Geen Brain,NULL,single,2018-04-12 00:00:00.0000000,12
1356,Shining star,NULL,album,2010-09-21 00:00:00.0000000,0
1357,Blessings,NULL,album,2015-10-09 00:00:00.0000000,0
1358,Jordan Am A Hard Road To Travel,NULL,album,2010-11-11 00:00:00.0000000,0
1359,Bread + Wine,NULL,album,2016-04-29 00:00:00.0000000,0
136,Great I AM - Live,NULL,compilation,2013-06-04 00:00:00.0000000,0
1360,"Pssst! Hey, The Lord Is Awesome. Pass It On.",NULL,album,2007-01-01 00:00:00.0000000,0
1361,Father and Son - Acoustic Trumpet Mix,NULL,compilation,2014-08-22 00:00:00.0000000,0
1362,Bounce!!,NULL,album,2009-03-24 00:00:00.0000000,0
1363,Discography,NULL,album,2008-01-01 00:00:00.0000000,25
1364,80s Babies,NULL,album,2010-04-10 00:00:00.0000000,0
1365,O Little Town of Bethlehem (Instrumental),NULL,album,2012-11-23 00:00:00.0000000,0
1366,Way Out,NULL,album,2004-11-30 00:00:00.0000000,0
1367,Блудливые Коты,NULL,album,1998-06-28 00:00:00.0000000,0
1368,Reggae Pledge,NULL,album,2003-01-01 00:00:00.0000000,0
1369,"Open My Eyes, That I May See",NULL,album,2016-07-12 00:00:00.0000000,0
137,The Lords Of The New Church,NULL,album,1982-01-01 00:00:00.0000000,30
1370,Living in the Promised Land,NULL,album,2005-01-04 00:00:00.0000000,0
1371,Deedle (No.1) [feat. Kenny Dorham],NULL,compilation,2012-03-02 00:00:00.0000000,0
1372,Where the Tragic Happens,NULL,album,2017-08-25 00:00:00.0000000,3
1373,Number X,NULL,album,2014-03-04 00:00:00.0000000,0
1374,93 Hz,NULL,album,2012-06-01 00:00:00.0000000,0
1375,"Gruber: Stille Nacht, heilige Nacht, H. 145",NULL,album,2010-11-22 00:00:00.0000000,0
1376,Your Feet's Too Big - 2000 Remastered Version,NULL,album,1943-01-01 00:00:00.0000000,0
1377,Хипхайп,NULL,album,2019-04-07 00:00:00.0000000,1
1378,O Little Town Of Bethlehem,NULL,compilation,2008-11-18 00:00:00.0000000,0
1379,"Concerto La Pastorella For 3 Violins, Cello & Continuo In D, RV 95: Allegro",NULL,album,2006-01-01 00:00:00.0000000,0
138,Si Tu M'emmènes — Karaoké Avec Chant Témoin — Rendu Célèbre Par Jean-Jacques Goldman,NULL,album,2011-01-18 00:00:00.0000000,0
1380,Burnside on Burnside,NULL,album,2001-01-01 00:00:00.0000000,24
1381,If I Could Tell You No,NULL,album,2010-07-27 00:00:00.0000000,0
1382,Ô Paradis from L'Africaine,NULL,album,1963-01-01 00:00:00.0000000,0
1383,This Wandering,NULL,single,2017-04-08 00:00:00.0000000,0
1384,Free Yourself - Main Mix,NULL,single,2015-05-29 00:00:00.0000000,0
1385,Sparkle,NULL,album,2014-06-23 00:00:00.0000000,0
1386,The Charge at Gettysburg,NULL,album,2009-07-12 00:00:00.0000000,0
1387,Day & Night,NULL,single,2015-01-07 00:00:00.0000000,0
1388,Ditties,NULL,compilation,2011-08-26 00:00:00.0000000,0
1389,Speechless / Deaf,NULL,single,2017-11-20 00:00:00.0000000,15
139,Blame - Acoustic,NULL,album,2014-12-20 00:00:00.0000000,0
1390,La Strada,NULL,album,2006-01-17 00:00:00.0000000,0
1391,Rain Slick,NULL,album,2017-04-14 00:00:00.0000000,0
1392,"La Piscine, An Invitation by Laetitia Sadier to Keep on Swimming",NULL,single,2011-09-30 00:00:00.0000000,4
1393,Nature Sounds Ocean 6,NULL,album,2013-09-23 00:00:00.0000000,0
1394,"Symphony No.6 in D minor, Op.104: 4. Allegro molto",NULL,album,2007-01-01 00:00:00.0000000,0
1395,"MOZART Violin Concerto in G major KV 216, II. Andante (MQA remix 2016)",NULL,album,2006-09-16 00:00:00.0000000,0
1396,Je L'Aime Tant,NULL,album,2004-01-01 00:00:00.0000000,0
1397,Love Yourself (Spanish Version),NULL,single,2016-04-21 00:00:00.0000000,0
1398,El Zopilote Mojado,NULL,album,2015-06-15 00:00:00.0000000,0
1399,Intro,NULL,album,2005-04-19 00:00:00.0000000,0
14,DjYBTheGreat Presents: 40 Going North Vol. 1,NULL,album,2012-12-14 00:00:00.0000000,0
140,I'm Gonna Live Till I Die,NULL,compilation,2009-01-01 00:00:00.0000000,0
1400,Low End,NULL,album,2016-06-27 00:00:00.0000000,0
1401,Whispering Bells,NULL,album,2008-11-18 00:00:00.0000000,0
1402,WalKings - Hypelyrix Remix,NULL,compilation,2016-11-11 00:00:00.0000000,0
1403,Apex Predator,NULL,album,2013-07-12 00:00:00.0000000,0
1404,Honky Tonk Badonkadonk - Jack Da House Remix,NULL,single,2006-01-01 00:00:00.0000000,0
1405,STORMWORKS: 2. Before the Storm,NULL,album,1996-01-01 00:00:00.0000000,0
1406,Bout This Dream,NULL,album,2013-06-07 00:00:00.0000000,0
1407,Was wirklich zählt,NULL,album,2018-04-13 00:00:00.0000000,8
1408,John Brown's Body,NULL,album,1962-01-01 00:00:00.0000000,0
1409,Someday - Live,NULL,album,2009-10-20 00:00:00.0000000,0
141,"Dribble, Dribble, Dribble!",NULL,album,2008-12-23 00:00:00.0000000,0
1410,A Thousand Nights - Original Mix,NULL,compilation,2009-02-25 00:00:00.0000000,0
1411,"Whatever You Wish - Ό,τι θέλεις",NULL,compilation,2007-07-15 00:00:00.0000000,0
1412,These Draftin' Blues,NULL,album,2014-03-01 00:00:00.0000000,0
1413,We Fall,NULL,album,2014-02-24 00:00:00.0000000,42
1414,Higher Department,NULL,album,2014-10-13 00:00:00.0000000,0
1415,Hindenburg: I Couldn't Understand It,NULL,album,2003-01-01 00:00:00.0000000,0
1416,A Different Way,NULL,album,2013-10-08 00:00:00.0000000,0
1417,Little Things,NULL,single,2020-10-09 00:00:00.0000000,42
1418,Give Peace to the People,NULL,album,1975-01-01 00:00:00.0000000,0
1419,Coast Guard Song,NULL,album,2011-02-25 00:00:00.0000000,0
142,Whiskey Terror,NULL,album,1996-01-01 00:00:00.0000000,0
1420,Love Makes The Changes,NULL,album,2006-01-27 00:00:00.0000000,0
1421,Black Cat Bone,NULL,album,2008-01-01 00:00:00.0000000,0
1422,Light It Up,NULL,single,2016-11-18 00:00:00.0000000,0
1423,The Feel Reprise,NULL,album,2016-11-04 00:00:00.0000000,0
1424,Unrooza,NULL,album,2011-03-07 00:00:00.0000000,0
1425,Pioneer I Know,NULL,album,2014-09-30 00:00:00.0000000,0
1426,Transitions,NULL,single,2012-07-27 00:00:00.0000000,0
1427,What's The Matter With You?,NULL,compilation,1992-01-01 00:00:00.0000000,0
1428,Save Me,NULL,single,2015-02-10 00:00:00.0000000,0
1429,Lo Que Nos Dejó La Revolución,NULL,album,2009-09-21 00:00:00.0000000,19
143,It's Too Late (feat. Hayley Gene Penner),NULL,single,2013-07-23 00:00:00.0000000,0
1430,Despedida,NULL,album,2008-09-30 00:00:00.0000000,0
1431,Starlit Hour,NULL,compilation,2011-06-01 00:00:00.0000000,0
1432,Pyre - A Cold Spring Sampler,NULL,compilation,2016-10-21 00:00:00.0000000,4
1433,"Rhapsody on a Theme of Paganini, Op. 43: Variation 16. Allegretto",NULL,album,2017-08-25 00:00:00.0000000,0
1434,2 chasa nazad,NULL,album,2010-03-02 00:00:00.0000000,0
1435,Que Cante la Gorda,NULL,album,2005-11-22 00:00:00.0000000,0
1436,For You Blue,NULL,compilation,2010-04-01 00:00:00.0000000,0
1437,80's a tribute to the 80's Vol. 1,NULL,compilation,1997-01-01 00:00:00.0000000,0
1438,NonaRia,NULL,album,2018-02-09 00:00:00.0000000,38
1439,Imadjigui,NULL,album,2004-01-01 00:00:00.0000000,0
144,"How Long, Diana?",NULL,album,2007-01-01 00:00:00.0000000,0
1440,Greensleeves,NULL,album,2006-01-01 00:00:00.0000000,0
1441,Knights of Armour,NULL,album,2007-01-01 00:00:00.0000000,0
1442,The Nightingale Set - Jigs,NULL,album,2007-09-09 00:00:00.0000000,0
1443,Perfect Lies,NULL,album,2012-05-29 00:00:00.0000000,0
1444,Rainbows,NULL,single,2012-02-27 00:00:00.0000000,0
1445,Ignorance,NULL,album,2001-02-13 00:00:00.0000000,0
1446,Sarabandes,NULL,album,2006-10-19 00:00:00.0000000,22
1447,Hasdi De Phul,NULL,compilation,2009-01-01 00:00:00.0000000,0
1448,Make It Wonderful - Morlando Club Dub,NULL,single,2014-03-04 00:00:00.0000000,0
1449,Cloud #9 (as made famous by Bryan Adams),NULL,album,2009-08-01 00:00:00.0000000,0
145,Querido Enemigo,NULL,album,2017-05-19 00:00:00.0000000,0
1450,The Nitty Gritty,NULL,compilation,1995-01-01 00:00:00.0000000,0
1451,Sport national - Live,NULL,album,2013-05-27 00:00:00.0000000,0
1452,Beverly Jean,NULL,compilation,2012-07-09 00:00:00.0000000,0
1453,Take the Highway - Live,NULL,album,2006-01-01 00:00:00.0000000,0
1454,Catch That Teardrop,NULL,compilation,2009-03-01 00:00:00.0000000,0
1455,The Great Pilgrimage,NULL,album,2010-10-19 00:00:00.0000000,0
1456,Dans la cour,NULL,album,2004-01-01 00:00:00.0000000,0
1457,Lean On Note Block Cover,NULL,album,2015-08-28 00:00:00.0000000,0
1458,"Swing Me an Old-Fashioned Song - From ""Little Miss Broadway""",NULL,album,1999-01-01 00:00:00.0000000,0
1459,Back To House - Jovonn's Classic Goldhouse Mix,NULL,single,2014-06-30 00:00:00.0000000,0
146,The Rose,NULL,album,1996-01-01 00:00:00.0000000,0
1460,Nada Más,NULL,single,2020-02-12 00:00:00.0000000,36
1461,Mi Viaje: De Nuevo León To The New York Island,NULL,album,2015-10-30 00:00:00.0000000,13
1462,Lyrical Murder,NULL,album,2007-07-01 00:00:00.0000000,0
1463,Little Bitty,NULL,album,2012-07-01 00:00:00.0000000,0
1464,Sneakin' Sally Through The Alley - Hammersmith Palais 31/05/83,NULL,compilation,2010-01-01 00:00:00.0000000,0
1465,Through The Storm,NULL,compilation,2003-01-01 00:00:00.0000000,0
1466,In Flames,NULL,album,2016-10-14 00:00:00.0000000,0
1467,Sueños Aborígenes,NULL,single,2016-05-14 00:00:00.0000000,0
1468,"Bach: Cantata ""Was mir behagt, ist nur die muntre Jagd"", BWV 208: No. 9, Aria ""Schafe können sicher weiden"" (Arr. for Chorus)",NULL,album,1998-02-24 00:00:00.0000000,0
1469,"""Es ist gewisslich an der Zeit"" BWV 307/734 - Arranged by Wilhelm Kempff",NULL,album,2011-01-01 00:00:00.0000000,0
147,Liebesträume (Sueños de Amor),NULL,album,2015-11-24 00:00:00.0000000,0
1470,Won't Don't Blues,NULL,album,2010-02-04 00:00:00.0000000,0
1471,Una notte al telefono,NULL,album,1999-11-08 00:00:00.0000000,0
1472,Amor Sin Esperanza,NULL,album,2003-01-01 00:00:00.0000000,0
1473,A Thousand Miles Away,NULL,compilation,2009-08-31 00:00:00.0000000,0
1474,Rock N Roll - Original Mix,NULL,compilation,2013-01-07 00:00:00.0000000,0
1475,Rhythm Machine,NULL,album,2011-02-25 00:00:00.0000000,0
1476,Seven,NULL,single,2017-05-22 00:00:00.0000000,0
1477,Tere Na Di Mehndi,NULL,album,2015-01-01 00:00:00.0000000,0
1478,Infinity,NULL,compilation,2017-03-17 00:00:00.0000000,0
1479,Shalom Rav,NULL,album,2010-09-08 00:00:00.0000000,0
148,Bio on the Bayou,NULL,compilation,2015-02-25 00:00:00.0000000,0
1480,Suzette,NULL,album,2011-06-28 00:00:00.0000000,0
1481,It's Great When You're Straight ... Yeah,NULL,album,1995-01-01 00:00:00.0000000,29
1482,Love,NULL,album,2015-05-11 00:00:00.0000000,0
1483,O,NULL,single,2014-08-04 00:00:00.0000000,1
1484,E Aloha E,NULL,album,1995-11-01 00:00:00.0000000,0
1485,Tomber longtemps,NULL,album,2014-11-17 00:00:00.0000000,0
1486,My Wild Irish Rose / I Love You Truly,NULL,compilation,2012-02-16 00:00:00.0000000,0
1487,"Wake Up,Girls!Character song series 島田真夢",NULL,single,2014-09-03 00:00:00.0000000,1
1488,星星点灯 - Tribute Version,NULL,album,2014-09-17 00:00:00.0000000,0
1489,Rain from Above,NULL,album,2017-03-17 00:00:00.0000000,0
149,No Pude Enamorarme Más - En Vivo,NULL,album,2016-10-21 00:00:00.0000000,0
1490,לגדול,NULL,album,2013-08-06 00:00:00.0000000,0
1491,I'm in the Mood,NULL,album,2004-01-01 00:00:00.0000000,0
1492,Aviation - Original Mix,NULL,compilation,2016-02-15 00:00:00.0000000,0
1493,Iwa Lewa,NULL,album,2012-03-20 00:00:00.0000000,0
1494,Todo Es Diferente,NULL,album,2006-04-26 00:00:00.0000000,0
1495,Universal Night,NULL,album,2013-03-23 00:00:00.0000000,0
1496,How Great Thou Art - Instrumental,NULL,album,2014-10-24 00:00:00.0000000,0
1497,"Brahms: Clarinet Sonata No. 1 in F Minor, Op. 120 No. 1: I. Allegro appassionato",NULL,album,2007-01-08 00:00:00.0000000,0
1498,Music of the World's Peoples: Vol. 1,NULL,compilation,1951-01-01 00:00:00.0000000,4
1499,Gigi (arr. R. Hayman): Gigi (Main Theme),NULL,album,1991-11-01 00:00:00.0000000,0
15,誰來愛我,NULL,compilation,2013-12-03 00:00:00.0000000,0
150,Jah Send Us Dub,NULL,album,2011-01-01 00:00:00.0000000,0
1500,Bloom / Rise,NULL,single,2020-05-29 00:00:00.0000000,29
1501,Haydn: String Quartets Nos. 2 & 8,NULL,album,2015-05-01 00:00:00.0000000,1
1502,Nu tändas tusen juleljus,NULL,album,2015-11-27 00:00:00.0000000,0
1503,"Moments musicaux, D. 780: No. 3 in F Minor (Allegretto moderato)",NULL,album,2006-01-01 00:00:00.0000000,0
1504,Mu - Original Mix,NULL,single,2013-10-31 00:00:00.0000000,0
1505,Kijuso (feat. Rayvanny),NULL,single,2017-11-24 00:00:00.0000000,15
1506,Swindle,NULL,single,2011-09-16 00:00:00.0000000,0
1507,Ode to Paul,NULL,album,1974-01-01 00:00:00.0000000,0
1508,That's Enough,NULL,album,2009-07-01 00:00:00.0000000,0
1509,Hot (Made Famous by Inna),NULL,album,2010-06-01 00:00:00.0000000,0
151,The Dying Soldier,NULL,compilation,2011-01-25 00:00:00.0000000,0
1510,Devil On Our Side: B-Sides & Rarities,NULL,album,2008-06-24 00:00:00.0000000,13
1511,Rose Marie (Live),NULL,album,2012-01-27 00:00:00.0000000,0
1512,Angel On My Shoulder,NULL,compilation,2012-06-01 00:00:00.0000000,0
1513,Got Nobody To Tell,NULL,compilation,2010-01-01 00:00:00.0000000,0
1514,My Deceitful Heart,NULL,album,2009-08-10 00:00:00.0000000,0
1515,Water of Mystery,NULL,album,2001-05-08 00:00:00.0000000,0
1516,Fared El Atrash Ela El Abad 1,NULL,album,1939-01-01 00:00:00.0000000,4
1517,Counting The Points [Mix Cut] - Original Mix,NULL,compilation,2011-09-30 00:00:00.0000000,0
1518,"Chopin: Piano Trio in G Minor, Op. 8: IV. Finale. Allegretto",NULL,album,2009-12-14 00:00:00.0000000,0
1519,Laudemus Virginem,NULL,album,2016-12-02 00:00:00.0000000,0
152,Best You've Ever Had,NULL,single,2020-10-23 00:00:00.0000000,48
1520,Goza de Mi,NULL,album,1986-01-01 00:00:00.0000000,0
1521,"Life, Wine and Secrets",NULL,album,2020-10-20 00:00:00.0000000,5
1522,Black Marble & Sweet Fire,NULL,album,2002-05-21 00:00:00.0000000,0
1523,Give Of Your Best To The Master,NULL,album,2007-05-07 00:00:00.0000000,0
1524,اني مو كلتلك,NULL,album,2012-01-01 00:00:00.0000000,0
1525,One Away Ticket,NULL,album,2009-11-10 00:00:00.0000000,0
1526,Through The Day,NULL,single,2013-06-24 00:00:00.0000000,0
1527,El Carro Viejo de Fili,NULL,album,1999-01-01 00:00:00.0000000,0
1528,If God Be For Us,NULL,album,2014-09-30 00:00:00.0000000,0
1529,High Yellow,NULL,album,2005-05-24 00:00:00.0000000,0
153,Les mystères douloureux : Répons bref Defecerunt,NULL,compilation,2011-01-08 00:00:00.0000000,0
1530,Bolt Cutter (Live from Spotify Nyc),NULL,single,2012-04-17 00:00:00.0000000,0
1531,List of Leaving,NULL,album,2016-09-12 00:00:00.0000000,0
1532,Regular Pilates Lesson to Feel Well,NULL,album,2015-10-21 00:00:00.0000000,0
1533,Devoured by Death,NULL,single,2015-10-23 00:00:00.0000000,0
1534,Take It As It Comes,NULL,album,2011-04-11 00:00:00.0000000,0
1535,Last Year Hurts,NULL,album,2008-01-01 00:00:00.0000000,0
1536,Он,NULL,compilation,2015-01-01 00:00:00.0000000,0
1537,Funny,NULL,album,2013-01-11 00:00:00.0000000,0
1538,Marmaduke (Alternate No.9),NULL,compilation,2001-02-01 00:00:00.0000000,0
1539,Ergo 2 Salonika,NULL,album,2020-10-31 00:00:00.0000000,48
154,Chill Of An Early Fall,NULL,album,1991-01-01 00:00:00.0000000,36
1540,On the Radio - Radio Edit,NULL,compilation,2009-05-15 00:00:00.0000000,0
1541,"Gianni Schicchi: ""O mio babbino caro""",NULL,album,2000-01-01 00:00:00.0000000,0
1542,Rosa Lee McFall 2,NULL,album,2011-01-04 00:00:00.0000000,0
1543,Veo Veo (126 bpm / Latin Pop),NULL,album,2014-03-07 00:00:00.0000000,0
1544,Hay Un Ser (1972),NULL,album,2001-01-01 00:00:00.0000000,0
1545,Silent Night,NULL,album,2012-01-01 00:00:00.0000000,0
1546,The Ear Is On Strike (Re-Recorded),NULL,single,2010-09-28 00:00:00.0000000,0
1547,April in Paris,NULL,compilation,2013-04-21 00:00:00.0000000,0
1548,Let's Do It (Let's Fall In Love) [Cadbury's Cream Egg]: Lets' Do It! [Let's Fall In Love] [Cadbury's Cream Egg],NULL,compilation,2016-03-04 00:00:00.0000000,0
1549,"Brandenburg Concerto No. 3 in G Major, BWV 1048: I. Allegro",NULL,compilation,2009-01-01 00:00:00.0000000,0
155,Ho Hey,NULL,album,2015-05-12 00:00:00.0000000,0
1550,Ask Her,NULL,album,2017-07-07 00:00:00.0000000,0
1551,This Is Not New York,NULL,compilation,2018-04-25 00:00:00.0000000,0
1552,Национальная идея,NULL,album,2014-12-05 00:00:00.0000000,0
1553,Seasons Change,NULL,album,2013-09-24 00:00:00.0000000,0
1554,"Italian Suite, Op. 68: II. Pastorale",NULL,album,1992-05-20 00:00:00.0000000,0
1555,В играх ночей,NULL,album,2014-07-09 00:00:00.0000000,0
1556,Run,NULL,album,2008-01-01 00:00:00.0000000,0
1557,The Shadow of Mario,NULL,album,2016-08-29 00:00:00.0000000,0
1558,Estefelé,NULL,album,2011-01-01 00:00:00.0000000,0
1559,Cool Shake,NULL,album,2010-01-19 00:00:00.0000000,0
156,No Paid Holidays,NULL,album,2008-06-24 00:00:00.0000000,15
1560,Falling,NULL,album,2006-01-01 00:00:00.0000000,0
1561,This Guy,NULL,album,2012-04-16 00:00:00.0000000,0
1562,Get It Off,NULL,single,2013-01-21 00:00:00.0000000,0
1563,Del Hueso una Flor,NULL,album,2014-01-31 00:00:00.0000000,0
1564,Kookaburra,NULL,album,2006-01-01 00:00:00.0000000,0
1565,O Melhor do Forró,NULL,compilation,2010-01-28 00:00:00.0000000,0
1566,Girlfriend - Feat. Coota Bang,NULL,compilation,2009-10-21 00:00:00.0000000,0
1567,Testamento Vital,NULL,album,2007-01-01 00:00:00.0000000,0
1568,Sunflower,NULL,album,2015-10-02 00:00:00.0000000,0
1569,I Won,NULL,album,2017-07-13 00:00:00.0000000,0
157,"Yedhalo Tholivalape - From ""Erra Gulaabilu""",NULL,album,2015-05-27 00:00:00.0000000,0
1570,Segredos - Ao Vivo,NULL,album,2015-12-16 00:00:00.0000000,41
1571,Callando Boca,NULL,album,2010-04-12 00:00:00.0000000,0
1572,Cosas,NULL,album,2011-01-01 00:00:00.0000000,0
1573,Lagoon,NULL,album,2017-04-28 00:00:00.0000000,0
1574,Detox,NULL,single,2012-11-19 00:00:00.0000000,0
1575,Merry Xmas Everybody,NULL,album,2012-10-28 00:00:00.0000000,0
1576,I Won't Dance,NULL,compilation,2001-01-01 00:00:00.0000000,0
1577,Continuous Mix 1,NULL,album,2010-09-13 00:00:00.0000000,0
1578,United We Stand,NULL,album,2012-04-24 00:00:00.0000000,6
1579,Yolcu,NULL,album,1997-07-05 00:00:00.0000000,43
158,Forest Ghost (Global Electronic Dance Club Mix),NULL,compilation,2014-11-13 00:00:00.0000000,0
1580,I Think I Made a Boo Boo,NULL,album,2013-01-25 00:00:00.0000000,0
1581,The Music of Venezuela / Billo & his Caracas Boys / Recordings 1948 - 1958,NULL,album,2009-07-01 00:00:00.0000000,1
1582,Ganga,NULL,single,2004-01-01 00:00:00.0000000,0
1583,Mi Pan De Cada Dia,NULL,album,2015-06-15 00:00:00.0000000,0
1584,Render Me,NULL,album,2006-11-21 00:00:00.0000000,0
1585,De Papo pro ar,NULL,album,1998-01-01 00:00:00.0000000,0
1586,Tee Say Malee (12-?-45),NULL,album,2009-02-09 00:00:00.0000000,0
1587,Morgendagens Søsken,NULL,compilation,2003-03-18 00:00:00.0000000,0
1588,Tight Eyes (Instrumental),NULL,album,2009-06-02 00:00:00.0000000,0
1589,Don't You Feel,NULL,compilation,2011-04-19 00:00:00.0000000,0
159,"Sonata No. 2 In A Major, Op. 2 No. 2 - Iv. Rondo: Grazioso",NULL,album,2008-05-20 00:00:00.0000000,0
1590,"Les Saisons, Op. 37B - January",NULL,compilation,2009-07-01 00:00:00.0000000,0
1591,All on Me,NULL,single,2016-06-13 00:00:00.0000000,0
1592,Bonfire - Ritmo Remix,NULL,album,2012-08-21 00:00:00.0000000,0
1593,Madame Robert,NULL,album,2007-01-01 00:00:00.0000000,0
1594,No Digas Quizás - En Vivo,NULL,album,2014-08-12 00:00:00.0000000,0
1595,Treadin',NULL,single,2013-04-16 00:00:00.0000000,2
1596,Don't You Go,NULL,album,2014-06-23 00:00:00.0000000,0
1597,Delirio (Collection),NULL,album,2016-02-02 00:00:00.0000000,0
1598,Le Cri De L'innocent (feat. Jean Marc Lerigab),NULL,album,2015-03-09 00:00:00.0000000,0
1599,Royal Flash - Original Mix,NULL,compilation,2012-02-24 00:00:00.0000000,0
16,Giving Up the Ghost,NULL,album,2013-09-21 00:00:00.0000000,0
160,Dark Dancers of the Mardi Gras,NULL,compilation,2011-04-01 00:00:00.0000000,0
1600,Street Bangerz Volume 10,NULL,album,2016-07-01 00:00:00.0000000,29
1601,Display 24,NULL,album,2013-06-10 00:00:00.0000000,0
1602,Mascagni: Cavalleria rusticana: Intermezzo sinfonico (Andante sostenuto),NULL,compilation,2012-10-29 00:00:00.0000000,0
1603,Sympathy,NULL,album,2009-08-03 00:00:00.0000000,0
1604,Dead End Dancefloor,NULL,single,2017-05-05 00:00:00.0000000,0
1605,A Must To Avoid,NULL,compilation,2012-02-17 00:00:00.0000000,0
1606,Deaths Door,NULL,single,2017-06-12 00:00:00.0000000,16
1607,Where Or When,NULL,album,1999-05-18 00:00:00.0000000,0
1608,Green Leaves,NULL,album,2013-01-01 00:00:00.0000000,0
1609,"The Sleeping Beauty, Op.66, TH.13 / Prologue: 3g. Pas de six: Variation V (Violente)",NULL,album,1999-01-01 00:00:00.0000000,0
161,Desk Fan Sound 7 (Medium Power with Thunder & Rain Sounds),NULL,album,2016-11-11 00:00:00.0000000,0
1610,Five,NULL,album,2013-04-07 00:00:00.0000000,3
1611,Under the Covers,NULL,compilation,2014-01-14 00:00:00.0000000,18
1612,Ain't Too Proud to Beg-9,NULL,album,2009-01-01 00:00:00.0000000,0
1613,Hearts Like Ours,NULL,compilation,2015-08-28 00:00:00.0000000,0
1614,Just Dance (Karaoke with Background Vocals)[In the Style of Lady Gaga],NULL,album,2011-02-22 00:00:00.0000000,0
1615,Relaxing Mindfulness Meditation,NULL,album,2016-08-16 00:00:00.0000000,0
1616,Sacred Waters,NULL,compilation,2016-04-08 00:00:00.0000000,0
1617,Me Gusta,NULL,compilation,2016-04-28 00:00:00.0000000,0
1618,Fresh Hell,NULL,album,2016-10-05 00:00:00.0000000,0
1619,People Of The Earth Tribe - Joules Graves Live Volume One,NULL,album,2001-01-01 00:00:00.0000000,1
162,Hmb,NULL,album,2016-02-17 00:00:00.0000000,24
1620,I Do It 4 Tha Gangstas,NULL,album,2007-01-23 00:00:00.0000000,0
1621,All Is Fair(Remix),NULL,album,2011-05-11 00:00:00.0000000,0
1622,Spit For Athena,NULL,album,2005-08-16 00:00:00.0000000,0
1623,He's Got a Secret,NULL,album,1984-01-01 00:00:00.0000000,0
1624,"The Valkyrie: Act II - ""Prelude""",NULL,album,2011-10-23 00:00:00.0000000,0
1625,Bazin Delice,NULL,compilation,2011-04-05 00:00:00.0000000,0
1626,Princess Leia's Theme,NULL,album,2014-04-22 00:00:00.0000000,0
1627,Kao Staklo,NULL,single,2017-12-12 00:00:00.0000000,1
1628,Fences,NULL,album,2005-05-19 00:00:00.0000000,0
1629,The Descent,NULL,album,2012-12-04 00:00:00.0000000,0
163,Replay - Jason Nevins Club Mix,NULL,compilation,2010-01-01 00:00:00.0000000,0
1630,Blood From A Stone,NULL,album,2008-05-28 00:00:00.0000000,0
1631,Teddy Wilson & His Orchestra Vol 1,NULL,album,1935-01-01 00:00:00.0000000,0
1632,Steps,NULL,single,2015-09-25 00:00:00.0000000,0
1633,Unusual Heat,NULL,album,1991-06-14 00:00:00.0000000,39
1634,Shazam I'm Glamorous (Titus Jones Remix) [Remastered],NULL,album,2013-12-14 00:00:00.0000000,0
1635,Natural Ebb,NULL,album,2015-06-12 00:00:00.0000000,0
1636,Baila Mi Festejo,NULL,single,2018-03-06 00:00:00.0000000,8
1637,Solid Ground (Workout Remix),NULL,album,2016-12-31 00:00:00.0000000,0
1638,Victory,NULL,album,2013-12-15 00:00:00.0000000,0
1639,Illusion,NULL,album,2015-01-30 00:00:00.0000000,0
164,Ladder to Hell (Dubstep Masters DJ Mix P.103-2),NULL,compilation,2012-10-26 00:00:00.0000000,0
1640,King of the Mountain (Karaoke Version),NULL,album,2012-07-26 00:00:00.0000000,0
1641,Dal Bouey,NULL,album,2007-01-01 00:00:00.0000000,0
1642,Clarinet Concerto In B Flat,NULL,album,1975-01-01 00:00:00.0000000,0
1643,"Strauss, Richard: Burleske in D Minor, TrV 145: II. Tranquillo",NULL,album,2001-09-01 00:00:00.0000000,0
1644,Immensity of Space - Original Mix,NULL,single,2015-01-28 00:00:00.0000000,0
1645,Come On Home,NULL,album,1967-01-01 00:00:00.0000000,0
1646,Away in a Manger,NULL,album,2017-11-17 00:00:00.0000000,0
1647,Going Underground,NULL,compilation,2006-01-01 00:00:00.0000000,0
1648,Sounds On Sail,NULL,album,2015-04-01 00:00:00.0000000,0
1649,No One Likes Us,NULL,album,2006-08-08 00:00:00.0000000,0
165,Sunshine Of Doom,NULL,album,2006-10-24 00:00:00.0000000,1
1650,Marshmallow Keep,NULL,album,2011-05-09 00:00:00.0000000,0
1651,Clap Me - Kink Cover Version,NULL,compilation,2011-02-07 00:00:00.0000000,0
1652,Medley: Where Is the Love / Feel Like Making Love,NULL,album,2008-01-01 00:00:00.0000000,0
1653,Como Me Gusta Quererte,NULL,album,2015-07-10 00:00:00.0000000,0
1654,Tunnels,NULL,single,2017-07-23 00:00:00.0000000,0
1655,Voyage voyage,NULL,compilation,2017-12-08 00:00:00.0000000,0
1656,Drink another Beer,NULL,album,2010-09-17 00:00:00.0000000,0
1657,"No God, Only Religion - Live",NULL,album,1998-10-26 00:00:00.0000000,0
1658,Unchain Me - Live In Studio 2001,NULL,album,2014-05-09 00:00:00.0000000,0
1659,Skiing,NULL,album,2005-01-01 00:00:00.0000000,0
166,Spaceman,NULL,album,1972-01-01 00:00:00.0000000,0
1660,Here Comes...,NULL,compilation,2005-09-13 00:00:00.0000000,0
1661,The Ram,NULL,album,2012-04-17 00:00:00.0000000,0
1662,Walk Away,NULL,album,2016-12-03 00:00:00.0000000,0
1663,You Can't Go Home Again,NULL,album,2000-01-01 00:00:00.0000000,0
1664,Una Rosa Para Ti - Cumbia,NULL,album,1998-01-01 00:00:00.0000000,0
1665,slowly in…,NULL,album,1999-05-01 00:00:00.0000000,0
1666,Choke Out,NULL,single,2015-06-15 00:00:00.0000000,0
1667,Golden Circle,NULL,single,2010-04-24 00:00:00.0000000,0
1668,Some Kinda Love - Closet Mix,NULL,compilation,1995-01-01 00:00:00.0000000,0
1669,Zu Zu,NULL,compilation,2009-07-01 00:00:00.0000000,0
167,Bloomdido,NULL,compilation,2013-04-10 00:00:00.0000000,0
1670,Chain & Whip,NULL,album,2015-01-30 00:00:00.0000000,0
1671,"Debussy: Images, Book 1, L. 105, L. 110: II. Hommage à Rameau",NULL,album,2004-03-01 00:00:00.0000000,0
1672,Díme Que Me Quieres,NULL,compilation,2012-11-21 00:00:00.0000000,0
1673,"Das neugeborne Kindelein, BWV 122: Aria. O Menschen, die ihr taglich sundigt (Bass)",NULL,album,2008-01-01 00:00:00.0000000,0
1674,Le dernier jour - Hidden Track,NULL,album,2009-03-07 00:00:00.0000000,0
1675,Blessed Be The Name,NULL,album,2009-11-17 00:00:00.0000000,0
1676,Horseshoe Lake,NULL,album,2008-04-08 00:00:00.0000000,0
1677,El Secuestro,NULL,album,2014-08-05 00:00:00.0000000,0
1678,The Bear Went over the Mountain,NULL,album,2009-06-08 00:00:00.0000000,0
1679,For Those I Never Knew,NULL,album,2015-10-13 00:00:00.0000000,12
168,No Coração da Jornada,NULL,compilation,2013-05-06 00:00:00.0000000,46
1680,"Strange Things - From ""Toy Story""/Soundtrack Version",NULL,single,2009-01-01 00:00:00.0000000,0
1681,Let Me Know,NULL,compilation,2004-09-03 00:00:00.0000000,0
1682,Magnetic heart beat,NULL,album,2008-05-27 00:00:00.0000000,0
1683,Around The Sun,NULL,album,2009-11-17 00:00:00.0000000,0
1684,Whole Lot of Hard Work,NULL,album,2014-11-04 00:00:00.0000000,0
1685,The K-52's: A Tribute to the B-52's,NULL,album,2007-01-01 00:00:00.0000000,2
1686,Untitled,NULL,album,2007-10-09 00:00:00.0000000,0
1687,"Pirate Songs, Sea Songs & Shanties",NULL,album,2006-01-01 00:00:00.0000000,17
1688,We Come Back To Zero,NULL,album,2013-11-11 00:00:00.0000000,0
1689,Promo 2019,NULL,single,2019-10-21 00:00:00.0000000,0
169,The Waiting Room,NULL,single,2020-08-26 00:00:00.0000000,38
1690,Stronger (feat. Gamble & Burke),NULL,single,2014-10-10 00:00:00.0000000,0
1691,Lastur Bidean,NULL,album,2008-06-13 00:00:00.0000000,3
1692,Bonus Time Baby,NULL,album,2011-10-11 00:00:00.0000000,0
1693,D'amour ou d'amitié,NULL,album,2016-02-26 00:00:00.0000000,0
1694,Blue Eyes Don't Lie,NULL,album,2008-01-01 00:00:00.0000000,0
1695,Thin Blue Ribbon,NULL,album,2013-04-22 00:00:00.0000000,0
1696,You're Devastating,NULL,album,1951-01-01 00:00:00.0000000,0
1697,Low Field,NULL,compilation,2006-05-29 00:00:00.0000000,0
1698,Blind Walk,NULL,album,2002-01-01 00:00:00.0000000,0
1699,Corazón De Papel,NULL,album,2005-01-01 00:00:00.0000000,0
17,Jealous Again - Live,NULL,album,2006-01-24 00:00:00.0000000,0
170,Tuppe tuppe Mariscià,NULL,album,1987-01-01 00:00:00.0000000,10
1700,Te Quiero,NULL,compilation,2015-06-15 00:00:00.0000000,0
1701,Neue Sonne,NULL,album,2014-04-04 00:00:00.0000000,0
1702,Regret,NULL,album,2016-06-10 00:00:00.0000000,0
1703,Everlasting God,NULL,compilation,2013-06-04 00:00:00.0000000,0
1704,Processional and Maria (The Wedding),NULL,album,1965-01-01 00:00:00.0000000,0
1705,Gotcha,NULL,album,2012-11-19 00:00:00.0000000,0
1706,Channel One Is a Joker - Dub Cartel' Session;Instrumental Dub Version,NULL,compilation,2003-07-01 00:00:00.0000000,0
1707,"Dead Moon, Live at Satyricon",NULL,album,2015-04-18 00:00:00.0000000,9
1708,2098 - Original Mix,NULL,single,2010-06-28 00:00:00.0000000,0
1709,I'm Back,NULL,album,2008-07-29 00:00:00.0000000,0
171,Extinction Event,NULL,single,2013-11-29 00:00:00.0000000,0
1710,Debris,NULL,single,2013-09-02 00:00:00.0000000,25
1711,I'm Straight,NULL,album,2016-10-28 00:00:00.0000000,0
1712,My Paradise - DJ Kara Remix,NULL,album,2012-02-27 00:00:00.0000000,0
1713,⚐⚑⚐A ƤŁAǤỮȄ ǾƑ ƑŁAǤṨ⚐⚑⚐,NULL,album,2014-10-07 00:00:00.0000000,0
1714,Lonely Prophet (Mario Hammer and the Lonely Robot Remix),NULL,album,2016-10-07 00:00:00.0000000,0
1715,Vinyl Richie,NULL,album,2017-06-19 00:00:00.0000000,0
1716,Answering Machine,NULL,compilation,2016-08-12 00:00:00.0000000,0
1717,Heartache,NULL,compilation,2016-07-25 00:00:00.0000000,0
1718,Moviendo Caderas,NULL,compilation,2014-04-20 00:00:00.0000000,0
1719,If Jesus Came to Your House,NULL,compilation,2005-01-01 00:00:00.0000000,0
172,A Child's Christmas In Bethlehem,NULL,album,2013-11-05 00:00:00.0000000,0
1720,Firestarter,NULL,album,2009-01-01 00:00:00.0000000,0
1721,Song Of The Lonely Teen,NULL,album,2012-11-09 00:00:00.0000000,0
1722,"A State Of Trance (ASOT 771) - Coming Up, Pt. 1",NULL,album,2016-07-07 00:00:00.0000000,0
1723,Gates Of Hell,NULL,album,2017-03-24 00:00:00.0000000,0
1724,Love My Baby,NULL,compilation,1950-01-01 00:00:00.0000000,0
1725,Walls,NULL,album,2009-09-15 00:00:00.0000000,0
1726,Whistling Gypsy,NULL,compilation,2006-01-01 00:00:00.0000000,0
1727,Nemesis Divina,NULL,album,2012-09-06 00:00:00.0000000,0
1728,Canon in D Major,NULL,album,2015-10-07 00:00:00.0000000,0
1729,Oxygen (Original),NULL,album,2006-01-01 00:00:00.0000000,0
173,Be Anything but Be Mine,NULL,album,2017-06-02 00:00:00.0000000,0
1730,The Last Battle,NULL,album,2016-11-18 00:00:00.0000000,0
1731,MAINFRAME,NULL,album,2021-01-29 00:00:00.0000000,39
1732,Mairzy Doats,NULL,compilation,2006-10-28 00:00:00.0000000,0
1733,Mestre sala dos mares,NULL,album,2013-02-04 00:00:00.0000000,0
1734,Roadside Art,NULL,album,1996-01-01 00:00:00.0000000,0
1735,Take A Chance,NULL,album,2015-01-13 00:00:00.0000000,0
1736,Holding On,NULL,single,2017-06-23 00:00:00.0000000,6
1737,Ass Go (feat. Messy Mya),NULL,compilation,2011-05-31 00:00:00.0000000,0
1738,Que Daría Yo - En Vivo - Mexico / 2005,NULL,album,2005-01-01 00:00:00.0000000,0
1739,Stars (with Jerome Isma-Ae) (Hardwell Remix) [feat. Jerome Isma-Ae.],NULL,album,2011-03-18 00:00:00.0000000,0
174,Zufall in der Wirklichkeit,NULL,album,1983-11-06 00:00:00.0000000,0
1740,Tango de Manzana,NULL,album,2014-12-29 00:00:00.0000000,0
1741,Dream Eater,NULL,single,2016-04-05 00:00:00.0000000,0
1742,Not That Wonderful (To You),NULL,album,2011-11-29 00:00:00.0000000,0
1743,Naomi - Original Mix,NULL,compilation,2012-07-12 00:00:00.0000000,0
1744,For Your Sister,NULL,album,1998-01-01 00:00:00.0000000,0
1745,"Chopin: Mazurka No. 19 in B Minor, Op. 30 No. 2",NULL,album,2010-10-20 00:00:00.0000000,0
1746,Freckle Lip,NULL,album,2012-12-04 00:00:00.0000000,0
1747,Loading The Coffins,NULL,album,1998-02-01 00:00:00.0000000,0
1748,Sto Già Bene,NULL,album,2002-01-01 00:00:00.0000000,0
1749,Un Mundo Cruel (A Cruel World),NULL,album,2010-03-23 00:00:00.0000000,0
175,Om Namasivaya,NULL,compilation,1980-12-31 00:00:00.0000000,0
1750,Birds of Paradise,NULL,album,2017-05-26 00:00:00.0000000,0
1751,Sometimes I'm Happy - Hit The Deck 1927,NULL,album,2009-02-16 00:00:00.0000000,0
1752,Rain Down,NULL,album,2007-10-23 00:00:00.0000000,0
1753,The Old Rugged Cross,NULL,album,2005-01-01 00:00:00.0000000,0
1754,Visité A Mi Padre,NULL,album,2006-01-01 00:00:00.0000000,0
1755,Montpelier Collie,NULL,album,2010-04-01 00:00:00.0000000,0
1756,Mic Check,NULL,album,2008-03-18 00:00:00.0000000,0
1757,Deadly Doll,NULL,single,2017-09-08 00:00:00.0000000,0
1758,The Lip,NULL,compilation,2012-07-01 00:00:00.0000000,0
1759,Only Jesus,NULL,album,2003-05-27 00:00:00.0000000,0
176,Markiplier,NULL,album,2014-07-04 00:00:00.0000000,0
1760,Luna,NULL,album,2001-01-01 00:00:00.0000000,0
1761,Santa Nit,NULL,album,2012-01-01 00:00:00.0000000,0
1762,Two Feet on the Ground and Your Head in the Storm,NULL,album,2011-01-01 00:00:00.0000000,0
1763,Walentynki,NULL,single,2021-02-14 00:00:00.0000000,9
1764,Don't Step on the Cracks,NULL,album,1984-06-01 00:00:00.0000000,0
1765,Was 2 hol 10,NULL,album,2017-02-03 00:00:00.0000000,0
1766,Forever Young,NULL,compilation,2014-09-01 00:00:00.0000000,0
1767,We Can Work It Out,NULL,album,2007-05-01 00:00:00.0000000,0
1768,Hats Off,NULL,album,2012-04-12 00:00:00.0000000,0
1769,Dat Ride,NULL,compilation,2015-12-25 00:00:00.0000000,0
177,A Night In Bahia,NULL,album,1992-01-01 00:00:00.0000000,0
1770,America the Beautiful,NULL,album,2012-05-14 00:00:00.0000000,0
1771,El Caballito,NULL,compilation,2015-04-20 00:00:00.0000000,0
1772,Here for You,NULL,album,2016-10-05 00:00:00.0000000,0
1773,Drivel / The Waterslide Song / I'm So Blue,NULL,album,1991-03-01 00:00:00.0000000,0
1774,Anything For You,NULL,album,2007-01-01 00:00:00.0000000,0
1775,Umba Yeah,NULL,album,2015-09-20 00:00:00.0000000,0
1776,Creatures of the Night,NULL,album,2013-09-20 00:00:00.0000000,0
1777,Better Together,NULL,single,2020-06-26 00:00:00.0000000,20
1778,Day of Reckoning,NULL,album,2013-02-11 00:00:00.0000000,0
1779,Today,NULL,compilation,2005-09-20 00:00:00.0000000,0
178,If I Get Lucky,NULL,album,1979-01-01 00:00:00.0000000,0
1780,"Mazurkas, Op. 50: No. 3 in C-Sharp Minor",NULL,album,2017-10-06 00:00:00.0000000,0
1781,Dopamine If I Do,NULL,album,2017-08-18 00:00:00.0000000,0
1782,Set of 5: II. Allegro,NULL,album,2005-02-01 00:00:00.0000000,0
1783,Nothing But A Heartache,NULL,album,2015-10-16 00:00:00.0000000,0
1784,Tabarin,NULL,album,2014-05-11 00:00:00.0000000,0
1785,Solitude,NULL,album,2016-12-02 00:00:00.0000000,0
1786,We Shall See The King,NULL,album,2002-01-01 00:00:00.0000000,0
1787,It's All Over,NULL,album,2006-08-24 00:00:00.0000000,0
1788,Weightless,NULL,album,2011-01-01 00:00:00.0000000,0
1789,John Hardy,NULL,album,1995-01-01 00:00:00.0000000,0
179,Wit tha Shyt (feat. Tee Cee 4800 & Reem Riches),NULL,album,2013-12-12 00:00:00.0000000,0
1790,Higher Than the Sun - Pedro Del Mar & DoubleV Remix,NULL,album,2013-10-07 00:00:00.0000000,0
1791,Truth in Your Eyes,NULL,album,2016-06-10 00:00:00.0000000,0
1792,Springtime Stroll,NULL,album,2017-03-16 00:00:00.0000000,0
1793,Loop-Loop,NULL,album,1996-01-01 00:00:00.0000000,0
1794,Iparho - Live,NULL,album,2008-01-31 00:00:00.0000000,0
1795,Chase the Sun - Musica Feliz Ibiza Beat Remix,NULL,single,2011-06-02 00:00:00.0000000,0
1796,Saudade Fez um Samba,NULL,compilation,2012-06-25 00:00:00.0000000,0
1797,Le Sacre du Printemps / Pt 2: Le Sacrifice: 1. Introduction,NULL,album,2001-01-01 00:00:00.0000000,0
1798,Go With You,NULL,album,2014-02-05 00:00:00.0000000,0
1799,Mutated Rats,NULL,album,2010-10-14 00:00:00.0000000,0
18,Time Of The Season,NULL,album,2002-05-31 00:00:00.0000000,0
180,The Wheels on the Bus (Learn It) (Sing-Along),NULL,album,2014-04-18 00:00:00.0000000,0
1800,Event Horizon,NULL,album,2017-05-19 00:00:00.0000000,1
1801,"Whiskey, You're The Devil",NULL,compilation,2000-01-01 00:00:00.0000000,0
1802,Save My Mind for Later - Blockhead Remix,NULL,album,2014-07-02 00:00:00.0000000,0
1803,Chura Liya (Remix),NULL,album,2017-03-01 00:00:00.0000000,0
1804,Mr. Bassie (Extended Mix),NULL,compilation,2001-01-01 00:00:00.0000000,0
1805,The Grinding Wheel,NULL,album,2017-02-10 00:00:00.0000000,0
1806,"Lieutenant Kijé Suite, Op. 60: I. The Birth of Kijé",NULL,album,1963-01-01 00:00:00.0000000,0
1807,Witch Hunt [ASOT 672] - Original Mix,NULL,album,2014-07-18 00:00:00.0000000,0
1808,On a Misty Night,NULL,album,2013-11-01 00:00:00.0000000,0
1809,The Rhyme,NULL,album,2013-03-20 00:00:00.0000000,0
181,Balls,NULL,album,2016-05-13 00:00:00.0000000,0
1810,Why?,NULL,album,2016-03-01 00:00:00.0000000,0
1811,Shotgun Willie,NULL,compilation,2014-04-18 00:00:00.0000000,0
1812,Ambient Sounds,NULL,album,2016-08-25 00:00:00.0000000,0
1813,Get Up! (Before the Night Is Over),NULL,album,2012-08-12 00:00:00.0000000,0
1814,Mano To - Original Mix,NULL,compilation,2014-10-07 00:00:00.0000000,0
1815,Bando-Lero,NULL,album,2014-04-04 00:00:00.0000000,0
1816,"Schumann: Piano Quintet in E-Flat Major, Op. 44: II. In modo d'una marcia. Un poco largamente (Live)",NULL,album,2011-05-09 00:00:00.0000000,0
1817,Para Andrea,NULL,single,2013-06-03 00:00:00.0000000,0
1818,Reaper Sweepstakes,NULL,album,2008-02-26 00:00:00.0000000,0
1819,Endlessly,NULL,album,2009-12-01 00:00:00.0000000,0
182,Time,NULL,album,2008-03-03 00:00:00.0000000,0
1820,She Loves Me,NULL,compilation,2012-06-05 00:00:00.0000000,0
1821,Calm Piano Music,NULL,album,2016-06-30 00:00:00.0000000,0
1822,Lalande,NULL,album,2015-05-05 00:00:00.0000000,0
1823,Chrysalis,NULL,album,2016-09-09 00:00:00.0000000,0
1824,Temptation,NULL,album,2014-04-27 00:00:00.0000000,0
1825,Evil Is,NULL,album,1979-01-01 00:00:00.0000000,0
1826,Lif Up EP,NULL,single,2014-09-22 00:00:00.0000000,5
1827,Blue Room,NULL,album,2008-09-30 00:00:00.0000000,0
1828,The Bottle's Lookin' Better,NULL,album,2000-02-15 00:00:00.0000000,0
1829,El Dios que Adoramos (En Vivo desde Por Su Causa 2012),NULL,album,2013-04-04 00:00:00.0000000,45
183,Feeling We Used to Know,NULL,album,2008-05-30 00:00:00.0000000,0
1830,Truck Stop Rock,NULL,album,2008-01-01 00:00:00.0000000,0
1831,High,NULL,album,2004-04-19 00:00:00.0000000,0
1832,Pa La Calle Sin Rumbo (feat. Farruko),NULL,album,2014-09-30 00:00:00.0000000,0
1833,Fight,NULL,single,2013-10-03 00:00:00.0000000,0
1834,"Atto I, Scena I: Aria ""Chiamo Il Mio Ben Così"" (Orfeo) (Gluck)",NULL,album,1998-01-01 00:00:00.0000000,0
1835,Somewhere,NULL,compilation,2006-06-21 00:00:00.0000000,0
1836,Better for Me,NULL,single,2013-12-05 00:00:00.0000000,0
1837,Snowflake,NULL,album,2013-01-11 00:00:00.0000000,0
1838,Kingdom Hall,NULL,album,2014-03-02 00:00:00.0000000,0
1839,Outside Woman Blues,NULL,album,2009-01-01 00:00:00.0000000,0
184,Es reißt uns auseinander,NULL,album,2006-01-01 00:00:00.0000000,0
1840,Perpetration,NULL,single,2021-02-12 00:00:00.0000000,0
1841,Burning Fever,NULL,compilation,1994-01-01 00:00:00.0000000,0
1842,Tash Wax / Super Freak,NULL,single,2012-08-24 00:00:00.0000000,0
1843,Nuclear War (Live)\\xA0,NULL,album,2016-01-01 00:00:00.0000000,0
1844,Zdrada - 2011 Remaster,NULL,album,1984-01-01 00:00:00.0000000,0
1845,Long Way Down (Instrumental Version),NULL,album,2014-07-25 00:00:00.0000000,0
1846,30 Años,NULL,album,2015-05-07 00:00:00.0000000,0
1847,Ride Captain Ride - Live - 1975,NULL,album,1976-05-23 00:00:00.0000000,0
1848,Wooden Bridges,NULL,single,2016-06-14 00:00:00.0000000,0
1849,Flúgvandi Biðil (Føroysk Vísu- Og Kvæðaløg),NULL,compilation,1997-01-01 00:00:00.0000000,0
185,Inability To Speak,NULL,album,2012-07-30 00:00:00.0000000,0
1850,Como Fué Capaz,NULL,album,2006-01-01 00:00:00.0000000,0
1851,Las Copetonas,NULL,album,2011-09-27 00:00:00.0000000,0
1852,The Lost Album,NULL,album,2007-01-01 00:00:00.0000000,37
1853,Complicated,NULL,album,2009-03-03 00:00:00.0000000,0
1854,Club Kings,NULL,single,2014-04-18 00:00:00.0000000,0
1855,Nothing Lasts Forever,NULL,album,2010-05-18 00:00:00.0000000,0
1856,O Sonho Sempre Vem Pra Quem Sonhar...,NULL,compilation,2010-01-01 00:00:00.0000000,0
1857,Night Lies,NULL,album,1998-01-01 00:00:00.0000000,0
1858,Tonight,NULL,single,2020-04-15 00:00:00.0000000,21
1859,Be My Baby,NULL,album,2010-11-09 00:00:00.0000000,0
186,Requiem Tuba Mirum,NULL,compilation,2007-03-01 00:00:00.0000000,0
1860,Don't Play Around (MANIK Remix),NULL,single,2016-10-01 00:00:00.0000000,0
1861,I Got It,NULL,album,2009-04-03 00:00:00.0000000,0
1862,Fan - Loop,NULL,album,2017-04-06 00:00:00.0000000,0
1863,Dauerlinie,NULL,album,2012-03-12 00:00:00.0000000,0
1864,3 Danzas concertantes: II. Andantino,NULL,album,1998-01-01 00:00:00.0000000,0
1865,Andeel,NULL,album,1997-03-03 00:00:00.0000000,0
1866,Io per Lei,NULL,compilation,2013-03-26 00:00:00.0000000,0
1867,The Party,NULL,single,2014-09-29 00:00:00.0000000,0
1868,Hydromorph,NULL,single,2018-10-29 00:00:00.0000000,3
1869,The Saga Continues,NULL,album,2016-10-14 00:00:00.0000000,37
187,After Midnight,NULL,compilation,2011-05-27 00:00:00.0000000,0
1870,Battement tendu 3,NULL,album,2014-06-19 00:00:00.0000000,0
1871,Seek And Annoy,NULL,album,1997-07-15 00:00:00.0000000,0
1872,Gutter Lands,NULL,album,2017-10-17 00:00:00.0000000,0
1873,Missing You,NULL,compilation,2011-10-05 00:00:00.0000000,0
1874,I Remember,NULL,album,2015-06-11 00:00:00.0000000,0
1875,Ofnir,NULL,album,2015-08-17 00:00:00.0000000,0
1876,Violin Sonata in G Minor: III. Finale: Tres anime,NULL,album,2013-08-06 00:00:00.0000000,0
1877,My Band - In the Style of D12 (Karaoke Version Teaching Vocal),NULL,album,2010-02-01 00:00:00.0000000,0
1878,Navega,NULL,album,2007-01-01 00:00:00.0000000,0
1879,Ten Til Midnight,NULL,album,2009-10-20 00:00:00.0000000,11
188,Chain On,NULL,compilation,2016-01-12 00:00:00.0000000,0
1880,Beamer Benz Or Bentley Freestyle,NULL,album,2010-10-01 00:00:00.0000000,0
1881,"Rondo In E Flat Major, K. 371",NULL,album,1989-06-15 00:00:00.0000000,0
1882,Fuck a Promo,NULL,compilation,2012-07-12 00:00:00.0000000,0
1883,Whoso That Will All Feats,NULL,album,2008-04-29 00:00:00.0000000,0
1884,Lethal (feat. Young Breed),NULL,album,2017-01-24 00:00:00.0000000,0
1885,"Nocturne in G Minor, Op. 15 No. 3",NULL,album,1993-01-01 00:00:00.0000000,0
1886,Hank and Joe and Me,NULL,compilation,2013-07-26 00:00:00.0000000,0
1887,Throwin Hunnids,NULL,album,2013-01-21 00:00:00.0000000,0
1888,Synanthesia,NULL,album,2005-01-01 00:00:00.0000000,15
1889,Economix - Helmut Kraft NY Rooftop Remix,NULL,single,2013-02-11 00:00:00.0000000,0
189,Circus Company presents Snuggle & Slap,NULL,compilation,2009-10-12 00:00:00.0000000,24
1890,Go To The Beach (해변으로 가요),NULL,album,2009-01-01 00:00:00.0000000,0
1891,Spinal Swarm,NULL,album,2015-02-23 00:00:00.0000000,0
1892,Mañana es domingo,NULL,album,1989-02-12 00:00:00.0000000,0
1893,Fireflies (Originally Performed By Owl City) [Harp Instrumental Karaoke Version],NULL,album,2014-12-01 00:00:00.0000000,0
1894,Second Fantasia for Renaissance Guitar,NULL,album,2014-07-23 00:00:00.0000000,0
1895,Safe & Sound (Acoustic Version),NULL,album,2014-06-01 00:00:00.0000000,0
1896,#BringBackTheGroove - Original Mix,NULL,album,2016-12-09 00:00:00.0000000,0
1897,Vespers For The Feast Of The Blessed Virgin Mary: Antiphon: Iam Hiems Transiit,NULL,album,2006-12-22 00:00:00.0000000,0
1898,Headlunge,NULL,album,2016-06-01 00:00:00.0000000,31
1899,Mon Amour,NULL,compilation,2012-12-28 00:00:00.0000000,0
19,Vince & Bola,NULL,album,2000-01-01 00:00:00.0000000,32
190,あなたの愛が欠落して,NULL,album,2017-03-02 00:00:00.0000000,0
1900,María bonita,NULL,album,2016-11-16 00:00:00.0000000,0
1901,Get the Groove (Dubstep Masters DJ Mix P.102-4),NULL,compilation,2012-10-26 00:00:00.0000000,0
1902,Iceberg Blues,NULL,album,2007-01-01 00:00:00.0000000,0
1903,"Aankhon Aankhon Mein Baat Hone Do - From ""Aankhon Aankhon Mein""",NULL,album,2015-05-19 00:00:00.0000000,0
1904,Hypnotism Vortex,NULL,compilation,2013-01-01 00:00:00.0000000,0
1905,Riddim Driven: Guardian Angel,NULL,compilation,2007-11-06 00:00:00.0000000,26
1906,Missione Morte Molo 83 (Seq. 9),NULL,album,1966-01-01 00:00:00.0000000,0
1907,"Islands in Space, Pt. 2",NULL,album,2016-09-30 00:00:00.0000000,0
1908,The Plastics Revolution,NULL,album,2009-09-25 00:00:00.0000000,13
1909,Bubblin',NULL,album,2007-01-24 00:00:00.0000000,0
191,Flores De Colores,NULL,album,2007-01-01 00:00:00.0000000,26
1910,Un Ballo in Maschera (1995 - Remaster): Alzati!...Eri tu,NULL,compilation,2003-04-22 00:00:00.0000000,0
1911,Machine,NULL,single,2017-09-08 00:00:00.0000000,1
1912,Estás Caliente,NULL,compilation,2016-04-28 00:00:00.0000000,0
1913,'Round Town,NULL,album,1972-01-01 00:00:00.0000000,0
1914,Can't Stop the Wind,NULL,album,1998-04-03 00:00:00.0000000,0
1915,Out Of The Darkest Night,NULL,compilation,2006-10-31 00:00:00.0000000,0
1916,Mulher Indigesta,NULL,compilation,2010-07-26 00:00:00.0000000,0
1917,What,NULL,album,2014-10-15 00:00:00.0000000,0
1918,Good Company (feat. Jason Gray),NULL,album,2017-01-18 00:00:00.0000000,0
1919,Balla,NULL,album,1990-03-16 00:00:00.0000000,0
192,La Voz,NULL,compilation,2015-06-15 00:00:00.0000000,0
1920,Proud Lady,NULL,album,2010-07-01 00:00:00.0000000,0
1921,Time Eternal v1,NULL,album,2012-01-01 00:00:00.0000000,0
1922,Strip,NULL,album,2003-01-01 00:00:00.0000000,0
1923,Erik Satie - Gymnopedie n.1 - Classical French Ambient Music,NULL,album,2010-09-15 00:00:00.0000000,0
1924,Ms Rockin Booty,NULL,album,2012-03-14 00:00:00.0000000,0
1925,The Boxer,NULL,album,2007-04-30 00:00:00.0000000,0
1926,Are You Hiding out in Hell? / Hi Pressure,NULL,single,2011-11-21 00:00:00.0000000,0
1927,"Maine, Vol. 2 (feat. Dilyrium, Unique Divinci, Joey Dionne & Kid Karma)",NULL,album,2016-03-02 00:00:00.0000000,0
1928,Le Bricoleur De Big Sur - Live At The Village Vanguard/1984,NULL,album,2002-01-01 00:00:00.0000000,0
1929,Les pieds devant,NULL,album,2009-01-01 00:00:00.0000000,0
193,Japan 4,NULL,album,2016-01-01 00:00:00.0000000,0
1930,Waikaloa,NULL,album,2001-01-01 00:00:00.0000000,0
1931,Farewell Anthem,NULL,album,1990-01-01 00:00:00.0000000,0
1932,Someday Baby,NULL,album,2014-01-20 00:00:00.0000000,0
1933,Again,NULL,compilation,2016-01-01 00:00:00.0000000,0
1934,Got the Moon,NULL,album,2015-07-31 00:00:00.0000000,0
1935,Relacionamento,NULL,album,2020-09-25 00:00:00.0000000,45
1936,"Hollow Man (From ""Hollow Man"")",NULL,compilation,2008-12-30 00:00:00.0000000,0
1937,Mi Dulce Amor,NULL,album,2013-09-24 00:00:00.0000000,0
1938,Mooste,NULL,album,2008-01-01 00:00:00.0000000,0
1939,Supply And Demand,NULL,album,2006-01-01 00:00:00.0000000,64
194,Srimati Radharani,NULL,album,2012-08-21 00:00:00.0000000,0
1940,為你,NULL,compilation,2003-01-01 00:00:00.0000000,0
1941,I Heard That Lonesome Whistle,NULL,compilation,2013-07-26 00:00:00.0000000,0
1942,Heart Department - The Mover Remix,NULL,single,2015-06-05 00:00:00.0000000,0
1943,Au clair de la lune,NULL,compilation,2016-09-15 00:00:00.0000000,0
1944,Magnificat anima mea (Chorus),NULL,album,2012-01-03 00:00:00.0000000,0
1945,Harvester,NULL,album,2007-05-21 00:00:00.0000000,0
1946,Tootie Ma,NULL,album,2016-02-12 00:00:00.0000000,0
1947,Eye of The Storm,NULL,album,2015-10-16 00:00:00.0000000,0
1948,"Piano Concerto No.2 in B flat major, Op.19: 1. Allegro con brio",NULL,album,2010-01-01 00:00:00.0000000,0
1949,Memphis Blues: Robert Wilkins and Gus Cannon,NULL,album,1998-01-01 00:00:00.0000000,11
195,So Long Ago,NULL,album,2011-08-26 00:00:00.0000000,0
1950,Our Pale Departure,NULL,album,2016-04-04 00:00:00.0000000,0
1951,The Magic Touch,NULL,compilation,2012-10-22 00:00:00.0000000,0
1952,Tumble Dry,NULL,compilation,2013-04-03 00:00:00.0000000,0
1953,"Hi, Louis",NULL,album,1995-06-01 00:00:00.0000000,0
1954,Gutta,NULL,album,2017-01-12 00:00:00.0000000,0
1955,Chillout Tantric Music,NULL,album,2019-08-08 00:00:00.0000000,3
1956,Being At War With Each Other,NULL,single,2015-12-11 00:00:00.0000000,0
1957,Astrid rockar fett,NULL,album,2001-01-01 00:00:00.0000000,0
1958,Guard,NULL,album,2007-01-01 00:00:00.0000000,0
1959,Hot Hot Hot,NULL,single,2012-05-21 00:00:00.0000000,0
196,Synchronism,NULL,album,1995-01-01 00:00:00.0000000,0
1960,Unity,NULL,single,2013-06-04 00:00:00.0000000,0
1961,Misquita Linda,NULL,album,2006-09-12 00:00:00.0000000,0
1962,"Mass No. 11 in D Minor, Hob.XXII:11 ""Nelsonmesse"": Credo: Et resurrexit",NULL,album,2017-01-13 00:00:00.0000000,0
1963,"12 Etudes, Op. 8 (1894): No. 4 in B Major: Piacevole",NULL,album,2012-02-07 00:00:00.0000000,0
1964,By Your Side,NULL,compilation,2010-01-01 00:00:00.0000000,0
1965,Sunshine Day - Power Remix,NULL,album,2012-06-25 00:00:00.0000000,0
1966,Ghana's Forest,NULL,album,2015-05-25 00:00:00.0000000,0
1967,Young Love,NULL,album,2013-09-26 00:00:00.0000000,0
1968,Tempo de Festa,NULL,compilation,2014-03-10 00:00:00.0000000,0
1969,More Than Seven,NULL,compilation,2011-06-24 00:00:00.0000000,0
197,Verdadero,NULL,compilation,2013-01-23 00:00:00.0000000,0
1970,I Should Be Ur Girl,NULL,album,2009-01-01 00:00:00.0000000,0
1971,Many Words of Disapproval,NULL,album,2017-01-27 00:00:00.0000000,0
1972,Captivator - Sub Mariner Mix,NULL,compilation,2013-07-05 00:00:00.0000000,0
1973,They Aint 100,NULL,compilation,2016-09-28 00:00:00.0000000,0
1974,A mi Pueblo: A mi pueblo,NULL,album,2006-01-01 00:00:00.0000000,0
1975,Tell Me Why,NULL,album,2004-01-01 00:00:00.0000000,0
1976,Smooth MF,NULL,single,2020-07-17 00:00:00.0000000,36
1977,Like an Animal - 3Reason Remix Edit,NULL,single,2014-11-26 00:00:00.0000000,0
1978,You Done Me Wrong,NULL,album,1995-05-08 00:00:00.0000000,0
1979,Tower Storm Attack,NULL,album,2008-09-15 00:00:00.0000000,0
198,Hit Me with Your Best Shot (Basslouder Remix Edit),NULL,single,2013-09-06 00:00:00.0000000,0
1980,Versículo Gangsta,NULL,album,2019-02-02 00:00:00.0000000,6
1981,All The Way,NULL,album,2003-09-08 00:00:00.0000000,0
1982,Goodbye Lover - Main Titles - Sandra's Theme,NULL,compilation,2002-01-01 00:00:00.0000000,0
1983,"Tattoos, Trackers and Shark Repellent",NULL,album,2016-09-02 00:00:00.0000000,0
1984,Descomprension,NULL,album,2004-06-24 00:00:00.0000000,0
1985,Reflection,NULL,album,2014-07-29 00:00:00.0000000,0
1986,Sospiri,NULL,album,2007-07-17 00:00:00.0000000,0
1987,Deck the Halls,NULL,album,2014-12-01 00:00:00.0000000,0
1988,Bound to Break,NULL,album,2016-05-01 00:00:00.0000000,0
1989,December Song (I Dreamed of Christmas),NULL,compilation,2011-11-21 00:00:00.0000000,0
199,Beyond 8,NULL,album,2012-01-01 00:00:00.0000000,0
1990,Take It Ova (Feat. T-Rex & Pop Sh*T),NULL,album,2007-11-06 00:00:00.0000000,0
1991,Great Balls of Fire,NULL,album,2006-06-21 00:00:00.0000000,0
1992,Ganjaman,NULL,album,2010-10-12 00:00:00.0000000,0
1993,Day's,NULL,album,2016-08-24 00:00:00.0000000,0
1994,"Piano Concerto No. 1 in D Minor, Op. 15: III Rondo - Allegro non troppo",NULL,album,2017-05-05 00:00:00.0000000,0
1995,"Kleine geistliche Konzerte, Part II, Op. 9, SWV 306-337: Die Furcht des Herren, SWV 318",NULL,album,2006-01-01 00:00:00.0000000,0
1996,You Love Me (109 BPM),NULL,album,2015-10-08 00:00:00.0000000,0
1997,Rosemary,NULL,album,2011-11-20 00:00:00.0000000,0
1998,Tonto,NULL,album,2015-09-17 00:00:00.0000000,0
1999,Jingle Bells,NULL,compilation,2011-01-01 00:00:00.0000000,0
2,O Roteirista,NULL,album,2014-10-03 00:00:00.0000000,0
20,Song for World Forgiveness,NULL,album,2017-06-09 00:00:00.0000000,0
200,Talk Dirty To Me - Live,NULL,album,1991-01-01 00:00:00.0000000,0
2000,Arabian Legend - Extented DJ Version,NULL,compilation,2012-01-13 00:00:00.0000000,0
2001,Da Te Nema,NULL,compilation,2007-01-01 00:00:00.0000000,0
2002,"Apollo ""Apollon musagète"" Tableau 2: Tableau II: Pas d'action: Apollo and the Muses",NULL,album,2016-07-01 00:00:00.0000000,0
2003,"Handel : Samson : Act 2 ""To song and dance we give the day"" [Chorus]",NULL,album,2009-07-21 00:00:00.0000000,0
2004,Miss Grindin,NULL,album,2011-01-01 00:00:00.0000000,0
2005,Marshland Chatters and Chirps for Meditation,NULL,album,2014-05-31 00:00:00.0000000,0
2006,Spellbound,NULL,compilation,2005-07-12 00:00:00.0000000,0
2007,Dios es amor - New Version,NULL,album,2009-05-30 00:00:00.0000000,0
2008,Canção De Amor,NULL,album,2012-01-01 00:00:00.0000000,0
2009,O Herr Jesu Christe,NULL,album,2001-01-01 00:00:00.0000000,0
201,Bad Habit - ATFC's Classic Re-Mixed,NULL,compilation,2009-02-17 00:00:00.0000000,0
2010,A Million Things,NULL,compilation,2014-11-10 00:00:00.0000000,0
2011,Сухуми,NULL,album,2014-11-20 00:00:00.0000000,0
2012,Mon sort est digne de pitié...,NULL,album,2009-12-21 00:00:00.0000000,0
2013,The Hard (feat. Gibbs),NULL,album,2014-09-16 00:00:00.0000000,0
2014,Can You Hear the Rain Love,NULL,album,2001-10-15 00:00:00.0000000,0
2015,Intro,NULL,album,2012-06-19 00:00:00.0000000,0
2016,Amazon,NULL,album,2014-06-16 00:00:00.0000000,0
2017,It's all planned,NULL,compilation,1998-01-01 00:00:00.0000000,0
2018,Puumaja,NULL,album,2015-08-28 00:00:00.0000000,0
2019,Gingerwitch Green,NULL,album,2008-08-01 00:00:00.0000000,1
202,Addicted to You,NULL,album,2014-01-01 00:00:00.0000000,0
2020,Hold My Hand (Piano Version),NULL,album,2015-11-01 00:00:00.0000000,0
2021,Theme From One Flew Over The Cuckoo's Nest,NULL,album,2010-10-05 00:00:00.0000000,0
2022,40 Aniversario: EN VIVO,NULL,album,2004-01-01 00:00:00.0000000,30
2023,I Hate Syracuse,NULL,album,2007-01-01 00:00:00.0000000,0
2024,Blue,NULL,compilation,2009-12-08 00:00:00.0000000,0
2025,Udd Chaliyee,NULL,album,2007-10-15 00:00:00.0000000,0
2026,White House Blues,NULL,compilation,2011-08-02 00:00:00.0000000,0
2027,Fallin' Out,NULL,album,2008-10-14 00:00:00.0000000,0
2028,No Hay Marcha en Nueva York,NULL,album,1988-03-15 00:00:00.0000000,0
2029,Que Paso,NULL,album,2007-10-30 00:00:00.0000000,0
203,Niña,NULL,album,2016-03-11 00:00:00.0000000,0
2030,Romanian Folk Dances (arr. Z. Székely) [Live],NULL,album,2016-09-26 00:00:00.0000000,0
2031,The Camera,NULL,compilation,2011-11-11 00:00:00.0000000,0
2032,The Secret,NULL,album,2011-11-08 00:00:00.0000000,0
2033,Don't Wait,NULL,album,2007-03-05 00:00:00.0000000,0
2034,Hollywood,NULL,album,2014-11-18 00:00:00.0000000,0
2035,Una Paloma Blanca,NULL,album,2006-01-01 00:00:00.0000000,0
2036,Inhalation,NULL,album,2014-03-22 00:00:00.0000000,0
2037,Up Close,NULL,album,2016-03-18 00:00:00.0000000,0
2038,La Puneta - Joe Kendut Remix,NULL,single,2013-03-05 00:00:00.0000000,0
2039,The One I Love - Live,NULL,compilation,2007-05-29 00:00:00.0000000,0
204,Sonata g-moll: Corrente,NULL,album,2004-01-01 00:00:00.0000000,0
2040,MacArthur Park (Karaoke Instrumental Track) [In the Style of Donna Summer],NULL,album,2008-02-10 00:00:00.0000000,0
2041,Vomit,NULL,album,2012-05-28 00:00:00.0000000,0
2042,Megalith,NULL,album,2014-10-07 00:00:00.0000000,0
2043,Ventana Vieja,NULL,album,2014-10-15 00:00:00.0000000,0
2044,Comin' Back,NULL,album,1997-01-01 00:00:00.0000000,0
2045,Sink or Swim,NULL,album,2013-12-11 00:00:00.0000000,0
2046,Ella,NULL,album,2003-01-01 00:00:00.0000000,0
2047,One Day Living,NULL,compilation,2010-02-05 00:00:00.0000000,0
2048,Dyed in the Wool,NULL,album,2008-04-22 00:00:00.0000000,0
2049,Stinky Nuts,NULL,album,2006-07-18 00:00:00.0000000,0
205,Belugas,NULL,single,2019-09-08 00:00:00.0000000,19
2050,Snaps,NULL,album,1972-01-01 00:00:00.0000000,0
2051,"For Whom The Bell Tolls - Live At The Lyceum Theatre, London, UK / December 20th, 1984",NULL,album,1984-07-26 00:00:00.0000000,0
2052,Tokyo Audio Waffle - Maple Mont-blanc -,NULL,compilation,2014-07-23 00:00:00.0000000,1
2053,Nomas el Pilar Quedo,NULL,album,2014-08-17 00:00:00.0000000,0
2054,Time Off,NULL,compilation,2017-01-29 00:00:00.0000000,0
2055,Sunlight - Live Version,NULL,compilation,2013-10-25 00:00:00.0000000,0
2056,A Thousand Years,NULL,album,2014-09-30 00:00:00.0000000,0
2057,Dare Accepted,NULL,album,2016-09-07 00:00:00.0000000,0
2058,The Glory of the Blood,NULL,compilation,2008-01-02 00:00:00.0000000,0
2059,Freestyle,NULL,album,2008-03-22 00:00:00.0000000,0
206,Isizungu (Desolation),NULL,album,2010-08-24 00:00:00.0000000,0
2060,Mm Ba Ba Mm (Aware),NULL,album,2011-05-19 00:00:00.0000000,0
2061,"Symphony No.2 in C minor - ""Resurrection"" / 5th Movement: Langsam. Misterioso - ""Auferstehen, ja auferstehen wirst du gesät""",NULL,album,1995-01-01 00:00:00.0000000,0
2062,Deep Shadows,NULL,compilation,2004-01-01 00:00:00.0000000,0
2063,One Day Like This (Karaoke Version) - Originally Performed By Elbow,NULL,album,2012-03-23 00:00:00.0000000,0
2064,"The Sleeping Beauty, Op. 66 (arr. I. Stravinsky for orchestra): Act III: Bluebird Pas de deux: Variation 2: Andantino",NULL,album,2012-02-07 00:00:00.0000000,0
2065,Billie,NULL,single,2021-03-10 00:00:00.0000000,35
2066,Together (In A State Of Trance) [ANR033] - Original Mix,NULL,compilation,2014-12-23 00:00:00.0000000,0
2067,Little Bit Crazy - Made By Monkeys Remix,NULL,compilation,2011-07-14 00:00:00.0000000,0
2068,Lizard in the Spring,NULL,single,2016-04-08 00:00:00.0000000,0
2069,Buy Now Pay as You Go (Out-Take),NULL,album,1982-01-01 00:00:00.0000000,0
207,Love Bug - Guitar DJ Tool,NULL,single,2013-05-09 00:00:00.0000000,0
2070,Siamo Winx Questa E' Magia,NULL,compilation,2015-12-04 00:00:00.0000000,0
2071,Shadow [Mix Cut] - W&W Remix,NULL,compilation,2014-09-16 00:00:00.0000000,0
2072,Al Hilwa Tallit,NULL,album,2011-10-18 00:00:00.0000000,0
2073,Winter Wonderland,NULL,album,2005-11-09 00:00:00.0000000,0
2074,I Don't Want to be Your Dad,NULL,album,2016-02-18 00:00:00.0000000,0
2075,World Gone Crazy (Nick Murray Mix) [feat. Coury Palermo],NULL,album,2009-06-15 00:00:00.0000000,0
2076,"The Seasons, Op. 37a: V. May ""White Nights""",NULL,album,2016-11-25 00:00:00.0000000,0
2077,Warwick Avenue,NULL,album,2007-06-06 00:00:00.0000000,0
2078,Y Llueve Todavía,NULL,album,2008-11-10 00:00:00.0000000,0
2079,I Feel So Blue,NULL,album,2010-09-06 00:00:00.0000000,0
208,Misery,NULL,album,2012-11-12 00:00:00.0000000,0
2080,Pins and Needles,NULL,album,2015-07-01 00:00:00.0000000,0
2081,Strapped - Four4 Mix,NULL,album,2007-01-01 00:00:00.0000000,0
2082,Formato Mínimo,NULL,album,2003-06-15 00:00:00.0000000,0
2083,That's Just the Way it Goes,NULL,album,2010-08-31 00:00:00.0000000,0
2084,Dear World: The Tea Party,NULL,album,1969-01-01 00:00:00.0000000,0
2085,Nella Fantasia,NULL,album,2011-01-01 00:00:00.0000000,0
2086,Gotta Travel On,NULL,album,2005-01-01 00:00:00.0000000,0
2087,The Last Time I Saw Richard - Ao Vivo Em São Paulo / 1999,NULL,album,1999-06-23 00:00:00.0000000,0
2088,Love With A Thinker,NULL,album,2011-02-14 00:00:00.0000000,0
2089,A Day at the Carnival,NULL,compilation,2010-08-10 00:00:00.0000000,0
209,Odds & Ends,NULL,album,2015-09-25 00:00:00.0000000,36
2090,Giochiamo,NULL,single,2013-09-30 00:00:00.0000000,0
2091,How Long Has This Been Going On?,NULL,album,1998-01-01 00:00:00.0000000,0
2092,"Goodnight, My Love",NULL,compilation,1998-01-01 00:00:00.0000000,0
2093,The Tender Land: Grandpa Moss: Halloo halloo,NULL,album,2002-01-01 00:00:00.0000000,0
2094,My Star,NULL,album,2008-01-01 00:00:00.0000000,0
2095,Nana - Original Mix,NULL,album,2017-04-28 00:00:00.0000000,0
2096,Suburban Street,NULL,album,2010-08-18 00:00:00.0000000,0
2097,Music for Studying,NULL,album,2014-05-28 00:00:00.0000000,0
2098,Indigo,NULL,album,2005-01-01 00:00:00.0000000,6
2099,Sauna,NULL,album,2006-01-31 00:00:00.0000000,0
21,Over And Over Again - Elephante Original Remix,NULL,single,2015-11-21 00:00:00.0000000,0
210,Everybody Chillin',NULL,album,2009-04-20 00:00:00.0000000,0
2100,Cumbia de Barrio,NULL,album,2005-02-01 00:00:00.0000000,0
2101,Rhythm,NULL,single,2021-03-26 00:00:00.0000000,22
2102,Bel kréati,NULL,album,2009-12-08 00:00:00.0000000,0
2103,Sorrowful Centruroïde,NULL,album,2011-05-07 00:00:00.0000000,0
2104,Want To Coast?,NULL,album,1999-01-01 00:00:00.0000000,0
2105,I Like It - I Like It,NULL,album,2011-01-01 00:00:00.0000000,0
2106,"Blood, Brains & Rock 'N' Roll",NULL,album,2007-03-13 00:00:00.0000000,28
2107,Siberia,NULL,album,2005-09-20 00:00:00.0000000,0
2108,Capsized - Feat. Overflow,NULL,album,2006-02-09 00:00:00.0000000,0
2109,Maybe I Don't Need You,NULL,single,2013-08-03 00:00:00.0000000,0
211,Weed Hawks,NULL,album,2010-09-01 00:00:00.0000000,0
2110,What Child Is This?,NULL,album,1996-01-01 00:00:00.0000000,0
2111,Let It Snow! Let It Snow! Let It Snow!,NULL,compilation,2011-10-24 00:00:00.0000000,0
2112,Based Basic - Amo & Navas Rework,NULL,album,2013-02-11 00:00:00.0000000,0
2113,Mood Indigo,NULL,album,2000-01-31 00:00:00.0000000,0
2114,Sam Haircut,NULL,album,2013-07-09 00:00:00.0000000,0
2115,Corrido de Elias Mercado,NULL,compilation,2012-08-23 00:00:00.0000000,0
2116,"Looks like Rain - Live at Palladium, New York, NY, April 30, 1977",NULL,album,2005-01-01 00:00:00.0000000,0
2117,Daybreaker,NULL,album,2002-07-29 00:00:00.0000000,35
2118,Scared Money,NULL,single,2011-12-13 00:00:00.0000000,0
2119,Parting Thoughts to the Next in Line,NULL,album,2012-11-06 00:00:00.0000000,0
212,You're Still the Only One,NULL,album,2011-09-15 00:00:00.0000000,0
2120,Psst...Psst...Psst,NULL,album,1966-01-01 00:00:00.0000000,20
2121,"Scottish Fantasy Op. 46, Allegro, Part 1",NULL,album,2012-01-26 00:00:00.0000000,0
2122,Under The Radar,NULL,album,2013-03-29 00:00:00.0000000,0
2123,Vampy Funky Bernie (3rd Tune Olympic),NULL,compilation,2008-01-01 00:00:00.0000000,0
2124,"Radiomatic, Vol. 2: Cocktail Party",NULL,compilation,2010-11-22 00:00:00.0000000,10
2125,Cosmo (Mix Cut),NULL,compilation,2017-10-14 00:00:00.0000000,0
2126,Auster Chord - Bonus Track,NULL,album,2013-09-24 00:00:00.0000000,0
2127,某時某刻 - DACH/Sunday Remix,NULL,album,2017-09-21 00:00:00.0000000,0
2128,Aunque la Vida Duele,NULL,album,2016-07-01 00:00:00.0000000,0
2129,Blues In The Night,NULL,compilation,2011-05-05 00:00:00.0000000,0
213,"Divertissement, Op. 43bis: II. Nocturne",NULL,album,1993-11-01 00:00:00.0000000,0
2130,So Good,NULL,album,2004-01-01 00:00:00.0000000,0
2131,Inner Roads and Outer Paths,NULL,album,2019-10-04 00:00:00.0000000,34
2132,Zindagi Jhoom Kar,NULL,compilation,2005-11-08 00:00:00.0000000,0
2133,How Now,NULL,album,2016-09-09 00:00:00.0000000,0
2134,This Guy's In Love With You,NULL,album,2002-01-01 00:00:00.0000000,0
2135,Soulstice,NULL,album,2006-01-01 00:00:00.0000000,32
2136,Energy Drinks,NULL,album,2012-08-12 00:00:00.0000000,0
2137,The Last Kiss You Gave Me (10-23-40),NULL,album,2008-12-01 00:00:00.0000000,0
2138,Brand New,NULL,album,2012-05-07 00:00:00.0000000,0
2139,Palhaço,NULL,album,2000-01-01 00:00:00.0000000,0
214,Origin,NULL,album,2001-12-31 00:00:00.0000000,0
2140,M.A.U. #1,NULL,album,1998-01-01 00:00:00.0000000,0
2141,Requiem for the Undersea,NULL,album,2021-01-28 00:00:00.0000000,1
2142,Universal Soldier - Remastered 2003,NULL,compilation,2006-01-01 00:00:00.0000000,0
2143,I'll Get Over You,NULL,album,1975-01-01 00:00:00.0000000,0
2144,Obsession - Radio Edit,NULL,compilation,2014-02-10 00:00:00.0000000,0
2145,The Love,NULL,album,2014-11-10 00:00:00.0000000,0
2146,Temporary,NULL,album,2007-05-22 00:00:00.0000000,0
2147,The Shipwreckers,NULL,album,2007-10-23 00:00:00.0000000,0
2148,100 Miles from Home,NULL,album,2004-03-19 00:00:00.0000000,0
2149,Free Worshipper,NULL,single,2012-08-14 00:00:00.0000000,0
215,"Ludwig van Beethoven: Konzert für Klavier & Orchester Nr. 1, C-Dur, op. 15 - Ouverture zu "" Coriolan "" , C-Moll, op. 6",NULL,album,1998-09-28 00:00:00.0000000,0
2150,Troll's Orbit,NULL,single,2017-07-25 00:00:00.0000000,0
2151,Modesto Villarreal,NULL,album,1995-03-29 00:00:00.0000000,0
2152,06 Day - Swedish - Discourses - Vipassana Meditation,NULL,album,2000-01-01 00:00:00.0000000,0
2153,Thieves in the Temple,NULL,album,2012-06-10 00:00:00.0000000,0
2154,Flaco Chases Brandon,NULL,album,2016-09-09 00:00:00.0000000,0
2155,Trevor C. Belmont,NULL,album,2017-03-27 00:00:00.0000000,0
2156,Достучаться до Небес,NULL,album,2013-01-01 00:00:00.0000000,0
2157,Morrison's Jig / Leila's Fancy,NULL,album,2008-08-21 00:00:00.0000000,0
2158,Lonely Man Blues,NULL,album,2007-01-01 00:00:00.0000000,0
2159,Dark Star,NULL,album,2007-01-01 00:00:00.0000000,0
216,Le Fusion,NULL,single,2017-04-07 00:00:00.0000000,1
2160,Go Away Little Girl,NULL,album,2010-01-01 00:00:00.0000000,0
2161,Sanditon (Original Television Soundtrack),NULL,album,2019-12-20 00:00:00.0000000,36
2162,Vivir Sin Ti,NULL,album,1999-01-01 00:00:00.0000000,0
2163,You Saved Me,NULL,album,2004-06-29 00:00:00.0000000,0
2164,Country Town / The Mood,NULL,compilation,2014-04-20 00:00:00.0000000,0
2165,Shout,NULL,compilation,2001-10-30 00:00:00.0000000,0
2166,Pretty Pink,NULL,album,2017-10-27 00:00:00.0000000,0
2167,Tonight's Music,NULL,album,2001-01-01 00:00:00.0000000,0
2168,Follow Me,NULL,single,2017-05-28 00:00:00.0000000,0
2169,Arriba Mi Sinaloa,NULL,album,2002-03-07 00:00:00.0000000,0
217,Você por Perto,NULL,single,2014-08-05 00:00:00.0000000,0
2170,"Violin Concerto In D, Op.61: 2. Larghetto -",NULL,album,2011-01-01 00:00:00.0000000,0
2171,"French Suite No.5 in G, BWV 816: 6. Loure",NULL,album,1993-01-01 00:00:00.0000000,0
2172,A Holly Jolly Christmas,NULL,compilation,2016-11-25 00:00:00.0000000,0
2173,Sing-Along Harper,NULL,album,2007-09-20 00:00:00.0000000,0
2174,Known for Possesion,NULL,album,2009-01-01 00:00:00.0000000,0
2175,Wilhelm Stenhammar – A Musical Portrait,NULL,album,2012-03-01 00:00:00.0000000,6
2176,Mushroom Disco,NULL,single,2017-09-25 00:00:00.0000000,0
2177,Corner Stone - Dub,NULL,compilation,2000-01-01 00:00:00.0000000,0
2178,The One I Love,NULL,album,2012-01-01 00:00:00.0000000,0
2179,"Versos & Versiones, Vol. 1",NULL,album,2016-11-25 00:00:00.0000000,0
218,Magnificat,NULL,album,2001-01-01 00:00:00.0000000,0
2180,Thakida Thakida,NULL,single,2016-10-07 00:00:00.0000000,0
2181,On a Bus to St. Cloud,NULL,album,2012-07-01 00:00:00.0000000,0
2182,"Big Money, Big Things",NULL,album,2011-08-16 00:00:00.0000000,0
2183,Intro,NULL,album,2009-06-10 00:00:00.0000000,0
2184,Shake It Baby (1954),NULL,album,2006-01-01 00:00:00.0000000,0
2185,The Lonely One - Goetz & Marc A. RMX,NULL,single,2000-01-01 00:00:00.0000000,0
2186,Nilin the Memory Hunter,NULL,album,2013-06-03 00:00:00.0000000,0
2187,Proximus With Adiemus - Club Video Edit,NULL,single,2000-01-01 00:00:00.0000000,0
2188,Set You Adrift,NULL,album,2011-01-01 00:00:00.0000000,0
2189,Purple Card,NULL,album,2016-06-16 00:00:00.0000000,0
219,Flashbulb Memory,NULL,album,2016-12-30 00:00:00.0000000,0
2190,Blues With B.B.,NULL,album,1991-01-01 00:00:00.0000000,0
2191,Dis-moi Joséphine,NULL,album,2008-05-01 00:00:00.0000000,0
2192,Fang's Theme (From Final Fantasy XIII),NULL,album,2016-06-13 00:00:00.0000000,0
2193,New Your City,NULL,compilation,2000-10-01 00:00:00.0000000,0
2194,"Peer Gynt-Suite Nr. 1, Op. 46: III. Anitras dans (Anitra's Dance)",NULL,album,2007-10-30 00:00:00.0000000,0
2195,VII. Femina Gemens: Plany D'Estelina (Manuel Forcano / Anonimus Sefardi),NULL,album,2006-01-01 00:00:00.0000000,0
2196,Welcome,NULL,album,2005-09-21 00:00:00.0000000,0
2197,Just Your Fool,NULL,compilation,2008-01-01 00:00:00.0000000,0
2198,Where Is Our Love,NULL,album,2011-05-09 00:00:00.0000000,0
2199,Evening Lullabies,NULL,album,2018-08-31 00:00:00.0000000,0
22,Somethin' Else,NULL,compilation,2010-01-01 00:00:00.0000000,0
220,The Other Side,NULL,album,2013-09-10 00:00:00.0000000,0
2200,Speak Softly Love (Theme From The Godfather),NULL,album,1999-01-01 00:00:00.0000000,0
2201,Liaison - David Puentez Radio Edit,NULL,album,2013-05-10 00:00:00.0000000,0
2202,Eat Your Friends,NULL,compilation,2016-01-01 00:00:00.0000000,1
2203,Guru Brahma Mantra (Devotion),NULL,album,2013-04-23 00:00:00.0000000,0
2204,Let It Shine,NULL,album,2009-11-25 00:00:00.0000000,0
2205,Only the Paranoid Survive,NULL,album,2011-11-02 00:00:00.0000000,0
2206,Shake your belly,NULL,album,2006-12-13 00:00:00.0000000,0
2207,Nadine,NULL,album,2009-11-01 00:00:00.0000000,0
2208,Discopolis 2.0 (ANR114) - Kydus Remix,NULL,compilation,2016-07-26 00:00:00.0000000,0
2209,Miss Independent,NULL,album,2016-08-26 00:00:00.0000000,0
221,"Run up, Get Done Up",NULL,single,2017-04-04 00:00:00.0000000,0
2210,Careless Whisper,NULL,compilation,2006-03-02 00:00:00.0000000,0
2211,Piano Portraits,NULL,album,2010-01-27 00:00:00.0000000,11
2212,Hoy Tengo Que Decirte Papa,NULL,album,2016-06-10 00:00:00.0000000,0
2213,Milo Mou Kokkino,NULL,compilation,2011-10-14 00:00:00.0000000,0
2214,"Reiki Healing (The Power of Emotional and Physical Healing Music, Healing Reiki Music, Healing Meditation Music)",NULL,album,2019-04-04 00:00:00.0000000,0
2215,Singing Bowl 2,NULL,album,2017-03-17 00:00:00.0000000,0
2216,Symphonic Sgt. Pepper,NULL,album,2010-04-26 00:00:00.0000000,5
2217,Orate,NULL,album,2010-11-13 00:00:00.0000000,0
2218,Thumbin' for a Ride,NULL,album,2016-02-01 00:00:00.0000000,19
2219,Green Walls,NULL,album,2012-11-27 00:00:00.0000000,0
222,"Whiskey River - Live at Harrah's Casino, Lake Tahoe, NV - April 1978",NULL,album,1978-01-01 00:00:00.0000000,0
2220,El Diez,NULL,album,2007-05-24 00:00:00.0000000,0
2221,We Missed It,NULL,single,2017-02-13 00:00:00.0000000,0
2222,Look to Your Laurels,NULL,album,2007-08-25 00:00:00.0000000,0
2223,A Tes Seins — Karaoké Playback Instrumental — Rendu Célèbre Par Claude Nougaro,NULL,album,2011-01-18 00:00:00.0000000,0
2224,Fools Cry - Extended Version,NULL,compilation,2013-09-27 00:00:00.0000000,0
2225,Am I Blue - Original,NULL,compilation,2011-12-09 00:00:00.0000000,0
2226,Songs Of The Carter Family,NULL,album,2005-01-01 00:00:00.0000000,29
2227,The Boss,NULL,album,2009-01-01 00:00:00.0000000,0
2228,Live Before I Die,NULL,album,2010-05-01 00:00:00.0000000,0
2229,Dirty Wake,NULL,album,2000-01-01 00:00:00.0000000,12
223,When Will I See You Again,NULL,album,2009-01-01 00:00:00.0000000,0
2230,Radiance,NULL,compilation,2014-11-21 00:00:00.0000000,0
2231,Educated Fool,NULL,album,1992-01-01 00:00:00.0000000,0
2232,The Godfather Pt. III: Vincent's Theme,NULL,album,2014-04-15 00:00:00.0000000,0
2233,Boney,NULL,album,2012-01-31 00:00:00.0000000,0
2234,"Symphony No. 4 in D Major, K. 19: II. Andante",NULL,compilation,2013-10-29 00:00:00.0000000,0
2235,Numa Sala de Reboco,NULL,album,2002-03-15 00:00:00.0000000,0
2236,Stuck 2,NULL,album,2013-10-15 00:00:00.0000000,0
2237,Kickstart,NULL,album,2017-11-24 00:00:00.0000000,0
2238,Wan Light - Glasgow School Version,NULL,album,2010-11-08 00:00:00.0000000,0
2239,Krek kuca,NULL,compilation,2013-10-03 00:00:00.0000000,0
224,Lo Profiler,NULL,album,2003-12-09 00:00:00.0000000,0
2240,Estoy A Punto (As Made Famous by Bronco),NULL,compilation,2011-08-30 00:00:00.0000000,0
2241,Siboney - Original Mix,NULL,album,2014-10-04 00:00:00.0000000,0
2242,Krispy - Remix,NULL,album,2007-01-01 00:00:00.0000000,0
2243,黃玫瑰 (Yellow Rose),NULL,compilation,2012-03-01 00:00:00.0000000,0
2244,Esa Muchachita,NULL,single,2015-02-20 00:00:00.0000000,0
2245,Walk Right Through It,NULL,album,2009-05-01 00:00:00.0000000,0
2246,Cyborg Onslaught,NULL,album,2014-08-14 00:00:00.0000000,0
2247,Solway dawn/race to the summit,NULL,album,2009-06-15 00:00:00.0000000,0
2248,La Gioconda: Dance of the Hours,NULL,album,2011-01-05 00:00:00.0000000,0
2249,New York Is A Woman,NULL,album,2010-10-12 00:00:00.0000000,0
225,Symphony in C Major: I. Moderato alla breve,NULL,album,1948-01-01 00:00:00.0000000,0
2250,Macarena,NULL,compilation,2011-12-05 00:00:00.0000000,0
2251,What Was In That Letter (Vocal Rehearsal),NULL,album,2014-04-22 00:00:00.0000000,0
2252,小傘花,NULL,album,2017-09-08 00:00:00.0000000,0
2253,When I'm Yours,NULL,album,1976-01-01 00:00:00.0000000,0
2254,Top Of The World - Carl Noren & Swedish Egil Remix,NULL,album,2012-08-24 00:00:00.0000000,0
2255,Children of the Night,NULL,single,2011-06-17 00:00:00.0000000,1
2256,I Cant Win,NULL,album,2017-09-28 00:00:00.0000000,0
2257,"Shake, Rattle & Roll",NULL,compilation,2011-04-01 00:00:00.0000000,0
2258,The Great Speckled Bird,NULL,album,1998-10-27 00:00:00.0000000,0
2259,Mere Kabu - The Baba Bulley Shah & Baba Farid Mix: Gazelle Memories,NULL,album,1999-04-27 00:00:00.0000000,0
226,The Fight,NULL,compilation,2014-02-07 00:00:00.0000000,0
2260,The Wolf,NULL,album,2016-01-13 00:00:00.0000000,0
2261,Every Once In A While,NULL,album,2007-10-29 00:00:00.0000000,0
2262,"Tsutaeteyo (From ""Koi Suru Madori"")",NULL,album,2013-09-11 00:00:00.0000000,0
2263,Something,NULL,compilation,2011-06-01 00:00:00.0000000,0
2264,Staggerswallowswell,NULL,single,2004-08-31 00:00:00.0000000,0
2265,Manne-risms,NULL,album,2007-01-23 00:00:00.0000000,0
2266,This Is the Scorcher,NULL,album,2017-01-13 00:00:00.0000000,0
2267,Gimme A Break (Demonstration Version - Includes Lead Singer),NULL,album,2008-01-01 00:00:00.0000000,0
2268,Inspiration,NULL,album,2010-06-09 00:00:00.0000000,0
2269,Tied Down,NULL,album,2016-04-26 00:00:00.0000000,0
227,Transcendance (feat. Bunz),NULL,album,2010-10-20 00:00:00.0000000,0
2270,NY Minute,NULL,album,2010-12-05 00:00:00.0000000,0
2271,Die Without You,NULL,album,2012-01-01 00:00:00.0000000,0
2272,Silencio Manual,NULL,album,2002-01-12 00:00:00.0000000,0
2273,WHEN YOUR LOVER HAS GONE - Original,NULL,album,2013-05-17 00:00:00.0000000,0
2274,Prelude of Light,NULL,album,2017-06-01 00:00:00.0000000,0
2275,Crazy World,NULL,album,2015-05-12 00:00:00.0000000,0
2276,Mil Palabras Con Sus Dientes,NULL,album,1999-10-19 00:00:00.0000000,49
2277,Lifesblood For The Downtrodden,NULL,album,2005-02-08 00:00:00.0000000,0
2278,The Session,NULL,album,2002-02-19 00:00:00.0000000,0
2279,Dienstbefreiung,NULL,compilation,2015-04-17 00:00:00.0000000,0
228,Brundlefly,NULL,album,2009-05-22 00:00:00.0000000,0
2280,Number 000 (10-22-52),NULL,album,2005-01-01 00:00:00.0000000,0
2281,"Pagliacci / Act 1: ""Nedda! Silvio, a quest'ora""",NULL,album,1953-01-01 00:00:00.0000000,0
2282,Get Your Thing Off,NULL,album,1995-09-05 00:00:00.0000000,0
2283,Only You,NULL,compilation,2015-04-28 00:00:00.0000000,0
2284,"Bewitched: Main Title (From the Original Score to ""Bewitched"")",NULL,compilation,2013-10-02 00:00:00.0000000,0
2285,Kiss The Girl,NULL,compilation,2006-09-29 00:00:00.0000000,0
2286,Lost Friends,NULL,album,2018-05-04 00:00:00.0000000,49
2287,Food on the Table,NULL,album,2015-05-08 00:00:00.0000000,0
2288,Gemini,NULL,album,1996-01-01 00:00:00.0000000,0
2289,"Violin Sonata in G Minor, Op. 3 No. 2: V. Grave",NULL,album,2016-03-11 00:00:00.0000000,0
229,Praise The Night Time,NULL,album,2007-08-07 00:00:00.0000000,0
2290,I Got It Bad (And That Ain't Good),NULL,album,2012-07-12 00:00:00.0000000,0
2291,Passenger,NULL,album,2014-04-29 00:00:00.0000000,7
2292,Out of Our Minds,NULL,album,2009-11-06 00:00:00.0000000,0
2293,Delgadina,NULL,album,2009-04-06 00:00:00.0000000,0
2294,Lost Child,NULL,album,2015-04-01 00:00:00.0000000,0
2295,Fall Leaves,NULL,album,2013-08-15 00:00:00.0000000,0
2296,Tus Ojos,NULL,album,2016-11-11 00:00:00.0000000,0
2297,Roving Galway Boy,NULL,album,1999-01-01 00:00:00.0000000,0
2298,Beg For Mercy,NULL,album,2011-11-21 00:00:00.0000000,0
2299,"Dancehall Sun Hits, Vol. 2 (2015)",NULL,compilation,2015-07-17 00:00:00.0000000,12
23,Le Gusta El Vacile,NULL,single,2017-02-09 00:00:00.0000000,0
230,Run Tha Trap - Original Mix,NULL,album,2015-06-22 00:00:00.0000000,0
2300,Нелюбимая,NULL,single,2017-03-09 00:00:00.0000000,0
2301,PANDORA,NULL,album,2021-03-24 00:00:00.0000000,50
2302,Dualité,NULL,album,2015-10-23 00:00:00.0000000,0
2303,Sadness Housework,NULL,single,2015-01-25 00:00:00.0000000,0
2304,Snowed In with You,NULL,single,2011-11-15 00:00:00.0000000,0
2305,Carambola,NULL,compilation,2013-07-01 00:00:00.0000000,0
2306,"Like Seriously, How Many Time?",NULL,album,2013-01-01 00:00:00.0000000,0
2307,Let the Party Begin,NULL,album,2015-01-01 00:00:00.0000000,0
2308,3 Pieces for String Quartet: No. 1. —,NULL,album,2009-06-30 00:00:00.0000000,0
2309,We Make It Rain,NULL,compilation,2004-04-06 00:00:00.0000000,0
231,Ablaze - Original Mix,NULL,compilation,2015-12-25 00:00:00.0000000,0
2310,The Moon & St. Christopher,NULL,album,2014-10-20 00:00:00.0000000,0
2311,Turkish March,NULL,album,1919-01-01 00:00:00.0000000,0
2312,You're Doin' It Too Hard,NULL,compilation,2009-01-01 00:00:00.0000000,0
2313,Viva Matamoros,NULL,album,1994-01-01 00:00:00.0000000,0
2314,Corrupted - Judge Jules Edit,NULL,single,2006-05-05 00:00:00.0000000,0
2315,Fierce Out,NULL,album,2012-03-16 00:00:00.0000000,0
2316,Lonesome Drive,NULL,single,2016-05-19 00:00:00.0000000,0
2317,‘twas the Day After Christmas (Poem),NULL,album,1998-11-01 00:00:00.0000000,0
2318,Good Mother,NULL,album,2000-01-01 00:00:00.0000000,0
2319,Jingle Bells,NULL,compilation,2011-01-01 00:00:00.0000000,0
232,Ven a cantar,NULL,album,2002-05-22 00:00:00.0000000,0
2320,Queremos Ser,NULL,album,2012-10-29 00:00:00.0000000,0
2321,Write A Drinking Song,NULL,album,2016-11-18 00:00:00.0000000,0
2322,I Will Not Take These Things For Granted,NULL,album,2011-09-06 00:00:00.0000000,0
2323,Pure Space,NULL,album,2014-01-01 00:00:00.0000000,0
2324,Tramontana,NULL,compilation,2012-08-02 00:00:00.0000000,0
2325,Live At Water Canyon,NULL,album,2008-12-03 00:00:00.0000000,8
2326,I Am in the Market for You,NULL,album,2013-05-09 00:00:00.0000000,0
2327,La camisa negra,NULL,album,2016-08-19 00:00:00.0000000,0
2328,Fils prodigue,NULL,album,2012-11-22 00:00:00.0000000,0
2329,RAINASH,NULL,single,2016-04-21 00:00:00.0000000,4
233,Congotronics,NULL,album,2004-01-01 00:00:00.0000000,15
2330,Veda (feat. Mikrokosmos),NULL,album,2014-01-18 00:00:00.0000000,0
2331,Missing You,NULL,compilation,2011-12-13 00:00:00.0000000,0
2332,Lead Sails (And A Paper Anchor),NULL,album,2008-01-01 00:00:00.0000000,0
2333,Ceres - Original Mix,NULL,compilation,2014-12-01 00:00:00.0000000,0
2334,Celebrity,NULL,album,2001-07-24 00:00:00.0000000,58
2335,Conditions,NULL,single,2017-03-10 00:00:00.0000000,0
2336,Zoning,NULL,album,2006-09-19 00:00:00.0000000,0
2337,Todo Mundo,NULL,album,2016-01-29 00:00:00.0000000,18
2338,Sove,NULL,single,2016-04-29 00:00:00.0000000,0
2339,I Roslagens famn (Calle Schewens vals),NULL,compilation,1975-01-01 00:00:00.0000000,0
234,Meet You Under Neon,NULL,album,2013-07-12 00:00:00.0000000,0
2340,Danzarin,NULL,album,2013-07-20 00:00:00.0000000,0
2341,Det Bor En Gammel Baker,NULL,album,2009-09-01 00:00:00.0000000,0
2342,Got to Get You into My Life,NULL,album,2013-05-09 00:00:00.0000000,0
2343,Real Recognize Real,NULL,album,2009-02-24 00:00:00.0000000,21
2344,No Volveré a Amar,NULL,compilation,2015-05-03 00:00:00.0000000,0
2345,Jungle,NULL,compilation,2014-01-29 00:00:00.0000000,0
2346,Trinkle Tinkle - Live,NULL,album,1958-01-01 00:00:00.0000000,0
2347,Put Your Hands Up,NULL,album,2013-02-22 00:00:00.0000000,0
2348,Ren,NULL,single,2021-01-15 00:00:00.0000000,40
2349,"Kanye West: ""Pinocchio Story"" Commentary",NULL,album,2015-12-04 00:00:00.0000000,0
235,Still No Money for Guns - Original,NULL,single,2011-09-18 00:00:00.0000000,0
2350,VI,NULL,album,2001-06-01 00:00:00.0000000,0
2351,Sister Sue,NULL,compilation,2007-08-21 00:00:00.0000000,0
2352,5 Years Diynamic,NULL,compilation,2012-07-16 00:00:00.0000000,27
2353,Thug Luv,NULL,compilation,2011-05-05 00:00:00.0000000,0
2354,Mary's Magnificat,NULL,album,2013-12-02 00:00:00.0000000,0
2355,Night And Day,NULL,compilation,1996-01-01 00:00:00.0000000,0
2356,"Bach, J.S.: Toccata & Fugue BWV 565; Organ Works BWV 534, 542, 564 & 525",NULL,album,1986-01-01 00:00:00.0000000,21
2357,Let's Burn Down The Corn Field,NULL,album,2015-01-01 00:00:00.0000000,0
2358,Los Dos Compadres,NULL,album,1996-01-01 00:00:00.0000000,0
2359,"La Cetra: Concerto No. 3 in G Minor, RV334: iii. Allegro non molto",NULL,compilation,2013-02-26 00:00:00.0000000,0
236,Tu Chenan Yari Ke,NULL,compilation,2011-01-01 00:00:00.0000000,0
2360,Strollin' Blues,NULL,album,2011-12-05 00:00:00.0000000,0
2361,Be Glorified - Live,NULL,album,2012-08-05 00:00:00.0000000,0
2362,Bathysphere's Daylight Shrubbery EP,NULL,single,2002-01-01 00:00:00.0000000,8
2363,Chopo,NULL,album,1997-01-01 00:00:00.0000000,0
2364,Rap ist kein Picknick,NULL,album,2012-10-12 00:00:00.0000000,0
2365,Brenna Whitaker (Deluxe),NULL,album,2015-10-23 00:00:00.0000000,0
2366,It's Yours,NULL,album,2001-01-01 00:00:00.0000000,0
2367,The Voodoo EP,NULL,single,2016-12-19 00:00:00.0000000,12
2368,Your Name Is The Same,NULL,album,1993-01-15 00:00:00.0000000,0
2369,Back O'Town Blues,NULL,album,2017-07-20 00:00:00.0000000,0
237,Old Devil Moon,NULL,album,2011-10-01 00:00:00.0000000,0
2370,Sing Praises,NULL,album,2010-05-15 00:00:00.0000000,0
2371,My Favorite Things,NULL,album,2014-02-22 00:00:00.0000000,0
2372,The Most Relaxing Classical Piano Music Collection in The Universe,NULL,album,2009-10-25 00:00:00.0000000,21
2373,Crucifix,NULL,album,2017-08-07 00:00:00.0000000,0
2374,Song of Departure - Digitonal Cloudless Mix,NULL,compilation,2010-06-28 00:00:00.0000000,0
2375,You Know I'm No Good,NULL,album,2016-08-05 00:00:00.0000000,0
2376,Atilio Stampone Cronología - Vivencias (1980),NULL,album,1980-03-03 00:00:00.0000000,4
2377,Michal Strogow (From „Michel Strogoff”),NULL,album,2002-01-01 00:00:00.0000000,0
2378,Cool Kids,NULL,single,2016-05-09 00:00:00.0000000,0
2379,Valli Profonde,NULL,album,2009-08-11 00:00:00.0000000,0
238,Bring It to Me (feat. James Levelle),NULL,album,2015-08-25 00:00:00.0000000,0
2380,Legion of Evil,NULL,album,2014-04-07 00:00:00.0000000,0
2381,Sa Ta Na Ma,NULL,album,2015-06-11 00:00:00.0000000,0
2382,"Symphony No. 1 in D Major ""Titan"": II. Kräftig bewegt",NULL,compilation,2013-09-17 00:00:00.0000000,0
2383,Sursucio (feat. Keley Blues & Miles),NULL,album,2016-09-30 00:00:00.0000000,0
2384,Barstow: 8 Hitchhikers' Inscriptions: I. Today I Am a Man,NULL,album,1993-04-04 00:00:00.0000000,0
2385,Something Personal,NULL,album,2011-05-21 00:00:00.0000000,0
2386,Patty is a Smokin' Hot Babe,NULL,album,2011-03-15 00:00:00.0000000,0
2387,Throw It Down - Rockwell Remix,NULL,single,2014-04-20 00:00:00.0000000,0
2388,"Pictures At An Exhibition: 7. Limoges, le marché",NULL,album,2015-09-04 00:00:00.0000000,0
2389,Kehni Hai Ek Baat,NULL,album,1993-07-29 00:00:00.0000000,0
239,Sweet Georgia Brown,NULL,album,1975-01-01 00:00:00.0000000,0
2390,Better World - Vip Edition 1,NULL,compilation,2009-08-14 00:00:00.0000000,0
2391,La Rafaelita,NULL,album,2015-07-14 00:00:00.0000000,0
2392,Bene così,NULL,album,2013-06-11 00:00:00.0000000,0
2393,Your Love Is My Drug (Made Famous by Ke$ha),NULL,album,2010-05-01 00:00:00.0000000,0
2394,Home,NULL,album,2003-01-01 00:00:00.0000000,0
2395,Think About This,NULL,single,2012-04-30 00:00:00.0000000,0
2396,Half Idiot,NULL,compilation,1992-01-01 00:00:00.0000000,0
2397,Nearer My God To Thee/Never An Absolution,NULL,album,1999-01-01 00:00:00.0000000,0
2398,Bem Feito,NULL,album,1999-01-01 00:00:00.0000000,0
2399,The Heart Of Our Family,NULL,album,2003-08-25 00:00:00.0000000,0
24,Come and Go Blues,NULL,album,1973-01-01 00:00:00.0000000,0
240,Nongolo,NULL,album,1997-10-27 00:00:00.0000000,0
2400,IV. Moderato,NULL,album,1992-01-01 00:00:00.0000000,0
2401,Watch It Bounce,NULL,album,2014-03-24 00:00:00.0000000,0
2402,4Head,NULL,album,2008-06-17 00:00:00.0000000,0
2403,When Joanna Loved Me,NULL,compilation,2013-10-04 00:00:00.0000000,0
2404,Meneame la cuna,NULL,album,2011-07-05 00:00:00.0000000,0
2405,Keep Your Darkness Secret,NULL,album,2014-03-26 00:00:00.0000000,0
2406,Nashville,NULL,album,2007-09-07 00:00:00.0000000,0
2407,Whiskey & Wine (Live in Green Meteor Studio),NULL,album,2014-02-07 00:00:00.0000000,0
2408,Roxette - 2006 Remaster,NULL,album,2006-06-26 00:00:00.0000000,0
2409,Creeme (Cuando Te Diga),NULL,album,2014-11-04 00:00:00.0000000,0
241,Корабль ждёт!,NULL,album,2009-09-22 00:00:00.0000000,0
2410,Undefeated (feat. Swaggerfly),NULL,album,2012-11-23 00:00:00.0000000,0
2411,Waiting For The Next World,NULL,album,1999-03-15 00:00:00.0000000,0
2412,Bois Night Out,NULL,album,1995-01-01 00:00:00.0000000,0
2413,Keep Moving On,NULL,album,2016-08-15 00:00:00.0000000,0
2414,No Es Una Gial (feat. De La Ghetto),NULL,album,2013-05-24 00:00:00.0000000,0
2415,Lumpy Gravy (feat. Tom Scott),NULL,album,2016-04-01 00:00:00.0000000,0
2416,Famoso,NULL,album,2004-01-01 00:00:00.0000000,0
2417,Party Girl,NULL,album,2015-10-07 00:00:00.0000000,0
2418,Pero Avanzando,NULL,album,2017-09-15 00:00:00.0000000,1
2419,Taking Off!,NULL,album,2013-01-31 00:00:00.0000000,0
242,Cancion urgente para Nicaragua,NULL,album,2011-06-07 00:00:00.0000000,0
2420,Peace Of Mind,NULL,album,2009-03-09 00:00:00.0000000,0
2421,Evaline,NULL,album,2010-01-01 00:00:00.0000000,0
2422,Lies Are Nothing,NULL,album,1987-01-01 00:00:00.0000000,0
2423,My Death - Live Theatre Version,NULL,album,2012-10-05 00:00:00.0000000,0
2424,Rodeo for the Sheepish,NULL,album,2009-10-07 00:00:00.0000000,0
2425,Evangeline Waltz,NULL,compilation,2012-10-25 00:00:00.0000000,0
2426,Universe - Lanoiraudel Montmartre Remix,NULL,album,2009-10-26 00:00:00.0000000,0
2427,Superman,NULL,album,2006-02-03 00:00:00.0000000,0
2428,White Falcon Fuzz,NULL,album,2009-10-27 00:00:00.0000000,0
2429,"Spooky Organ Dissonant Chord, No. 1",NULL,album,2013-09-20 00:00:00.0000000,0
243,You'll Never Walk Alone,NULL,album,1995-01-01 00:00:00.0000000,0
2430,Tired Of Being Superstitious,NULL,album,2009-01-27 00:00:00.0000000,0
2431,Cielito lindo - inter. Orq. Típica de la Escuela Normal Veracruzana,NULL,compilation,1997-01-01 00:00:00.0000000,0
2432,Missing M,NULL,single,2009-01-14 00:00:00.0000000,0
2433,Not for Want of Trying,NULL,album,2013-01-01 00:00:00.0000000,0
2434,Flat Stuff,NULL,compilation,2013-09-24 00:00:00.0000000,0
2435,年度之歌,NULL,compilation,2013-01-01 00:00:00.0000000,0
2436,อย่าตอบแทนความรักด้วยความสงสาร,NULL,compilation,2013-06-20 00:00:00.0000000,0
2437,Split,NULL,single,2011-05-24 00:00:00.0000000,1
2438,CHIN. IND. SPEC. REST.,NULL,album,2014-12-08 00:00:00.0000000,0
2439,Mai Tai,NULL,album,1984-01-01 00:00:00.0000000,33
244,Launch Sequence,NULL,album,2015-09-15 00:00:00.0000000,0
2440,"Sitting with My Head Down, Pt. 2 (Always Slowed)",NULL,album,2016-06-29 00:00:00.0000000,0
2441,Coloured Kisses,NULL,album,1991-01-01 00:00:00.0000000,0
2442,"Kalliwoda, J.W.: Symphonies Nos. 5 and 6",NULL,album,1992-01-01 00:00:00.0000000,0
2443,Aphrodisiac Lounge (15 Finest Lounge Tracks & Deep Chill Experience),NULL,compilation,2012-10-30 00:00:00.0000000,5
2444,"Hamp's Blues (Los Angeles, June 28, 1955)",NULL,album,2006-01-01 00:00:00.0000000,0
2445,My All,NULL,album,2005-08-30 00:00:00.0000000,0
2446,4 Tablas,NULL,album,2015-09-05 00:00:00.0000000,0
2447,Xiao Di Fang,NULL,album,2013-07-01 00:00:00.0000000,0
2448,Look At Me Now pt2,NULL,single,2014-04-25 00:00:00.0000000,0
2449,Hound Dog,NULL,album,2010-04-27 00:00:00.0000000,0
245,How Many Times,NULL,album,2017-07-21 00:00:00.0000000,0
2450,Turtle,NULL,album,2012-02-25 00:00:00.0000000,0
2451,"Cello Sonata in A Minor, Op. 14 No. 7, RV 44: IV. Allegro",NULL,album,2016-07-01 00:00:00.0000000,0
2452,Song of the Bandit,NULL,album,2009-04-15 00:00:00.0000000,0
2453,Ten Feet Tall,NULL,compilation,2011-09-06 00:00:00.0000000,0
2454,Baby Music for Day and Night,NULL,album,2015-05-03 00:00:00.0000000,0
2455,Stroking This Pussy,NULL,album,2013-05-07 00:00:00.0000000,0
2456,Skrillex Dance (Strike A Pose),NULL,single,2012-12-13 00:00:00.0000000,0
2457,P.O.P.,NULL,album,2016-10-28 00:00:00.0000000,0
2458,Have You Met Miss Jones,NULL,album,2005-01-01 00:00:00.0000000,0
2459,Little White Lies,NULL,album,2013-09-10 00:00:00.0000000,0
246,Didn't I Say You're Mine,NULL,compilation,2002-01-01 00:00:00.0000000,0
2460,Ravers Digest (May 2013),NULL,compilation,2013-05-17 00:00:00.0000000,0
2461,Notre Dame Du Rugby,NULL,album,2009-05-07 00:00:00.0000000,0
2462,It Never Entered My Mind,NULL,compilation,2011-07-18 00:00:00.0000000,0
2463,"..., as you glimpsed the line of my shoulderblades",NULL,album,2010-01-01 00:00:00.0000000,0
2464,Refuse / Resist - Live,NULL,album,1997-01-01 00:00:00.0000000,0
2465,Twista Presents Midwest Hittaz Vol. 1,NULL,album,2015-06-22 00:00:00.0000000,16
2466,Black Earth Strikes Back,NULL,single,2020-12-11 00:00:00.0000000,5
2467,Your Love (Reloaded),NULL,single,2011-01-01 00:00:00.0000000,11
2468,Soul Sessions Vol.2,NULL,compilation,2016-10-03 00:00:00.0000000,0
2469,The Man With Two Watches,NULL,album,2004-01-01 00:00:00.0000000,0
247,"The Merry Widow, Act I, Duet: A highly respectable wife",NULL,compilation,2014-01-09 00:00:00.0000000,0
2470,When the Saints Go Marching In,NULL,compilation,2012-02-06 00:00:00.0000000,0
2471,East 2 West,NULL,album,2017-07-20 00:00:00.0000000,0
2472,Pompeii (Originally Performed by Bastille) [Instrumental Karaoke Version],NULL,album,2016-02-23 00:00:00.0000000,0
2473,Hustle,NULL,album,2017-04-03 00:00:00.0000000,0
2474,Ex's and Oh's,NULL,album,2016-01-29 00:00:00.0000000,0
2475,The Real Slim Shady,NULL,album,2014-08-08 00:00:00.0000000,0
2476,Mandylion (Deluxe Edition),NULL,album,1995-01-01 00:00:00.0000000,0
2477,"Live to Rise (From ""The Avengers"")",NULL,album,2014-04-04 00:00:00.0000000,0
2478,My Year,NULL,album,2007-06-13 00:00:00.0000000,0
2479,Some Other Time,NULL,album,2015-01-03 00:00:00.0000000,0
248,Talitha Kumi,NULL,album,2015-05-27 00:00:00.0000000,0
2480,Used Car,NULL,album,2017-04-21 00:00:00.0000000,0
2481,Watch Me,NULL,album,2016-06-14 00:00:00.0000000,0
2482,New years,NULL,single,2020-12-22 00:00:00.0000000,14
2483,Feels,NULL,album,2017-09-08 00:00:00.0000000,0
2484,Stay The Night,NULL,compilation,2011-02-07 00:00:00.0000000,0
2485,Everybody Dance,NULL,album,2009-03-09 00:00:00.0000000,0
2486,Sensuality and Passion,NULL,album,2015-03-02 00:00:00.0000000,0
2487,Therapy,NULL,album,2017-06-30 00:00:00.0000000,0
2488,Time Warp,NULL,album,2016-12-10 00:00:00.0000000,0
2489,Explosion Blues,NULL,compilation,2017-12-14 00:00:00.0000000,6
249,"Barnes Family Reunion, Vol. 2 (Live)",NULL,album,2008-05-20 00:00:00.0000000,13
2490,Night Minutes,NULL,album,2014-07-14 00:00:00.0000000,0
2491,Mass Vulture,NULL,album,2012-02-20 00:00:00.0000000,3
2492,Unbreakable,NULL,album,2013-01-01 00:00:00.0000000,0
2493,"Symphony in G, H.I No.18: 3. Tempo di Menuet",NULL,album,2009-01-01 00:00:00.0000000,0
2494,"Concerto grosso in F, Op.6, No.9: 1. Preludio: Largo",NULL,album,1983-01-01 00:00:00.0000000,0
2495,Vengeful Hearts,NULL,album,2015-11-17 00:00:00.0000000,0
2496,Sen Sevgini Bana Sakla,NULL,album,1990-06-25 00:00:00.0000000,0
2497,My Rocks Are Dreams,NULL,album,2013-02-12 00:00:00.0000000,18
2498,Les jours sans ma belle,NULL,album,2007-01-01 00:00:00.0000000,0
2499,Study 1,NULL,album,2013-02-25 00:00:00.0000000,0
25,Los Cuates,NULL,album,2017-02-10 00:00:00.0000000,0
250,Nu Hon Biet Ly,NULL,album,2010-01-01 00:00:00.0000000,0
2500,Sensações - Live From São Paulo / 2010,NULL,album,2010-01-01 00:00:00.0000000,0
2501,十萬個為什麼 (劇集「阿旺新傳」主題曲),NULL,single,2005-08-10 00:00:00.0000000,12
2502,Texas,NULL,single,2009-01-01 00:00:00.0000000,0
2503,Desastre,NULL,album,2013-12-15 00:00:00.0000000,0
2504,Jane Kya Tune Kahi,NULL,compilation,2011-11-22 00:00:00.0000000,0
2505,Red Cup! Pinky Up!,NULL,single,2015-04-10 00:00:00.0000000,0
2506,It's Growing,NULL,album,2005-01-01 00:00:00.0000000,0
2507,Occapella,NULL,compilation,2012-08-01 00:00:00.0000000,0
2508,Never Meant To Break Your Heart,NULL,album,2011-01-01 00:00:00.0000000,0
2509,Sigues Siendo Mía,NULL,album,1965-01-01 00:00:00.0000000,0
251,Oregon Mandolin Orchestra Live 2010,NULL,album,2010-12-17 00:00:00.0000000,1
2510,"Yeah, Yeah, Yeah, Yeah, Yeah - Live",NULL,album,2002-02-05 00:00:00.0000000,0
2511,Jazz Legends: Swing & Big Bands,NULL,compilation,2003-03-27 00:00:00.0000000,2
2512,"9 Etudes-Tableaux, Op.33: No.7 in E Flat Major",NULL,album,1973-01-01 00:00:00.0000000,0
2513,Your Racist Friend,NULL,album,2015-10-16 00:00:00.0000000,0
2514,"Rollin', Rollin', Rollin'",NULL,album,2012-02-01 00:00:00.0000000,0
2515,Woke up This Morning - Full instrumental performance,NULL,album,2012-01-10 00:00:00.0000000,0
2516,Opacities,NULL,single,2015-12-04 00:00:00.0000000,0
2517,Happy Xmas (War Is Over),NULL,compilation,2009-11-20 00:00:00.0000000,0
2518,Sweet Stuff,NULL,album,2008-09-29 00:00:00.0000000,0
2519,La Mujer de Antonio,NULL,album,1998-01-01 00:00:00.0000000,0
252,el calor,NULL,album,2007-11-22 00:00:00.0000000,0
2520,"Symphony No. 1 in D Major, D. 82: III. Menuetto: Allegretto",NULL,album,2015-01-06 00:00:00.0000000,0
2521,Evangelista,NULL,album,2006-05-15 00:00:00.0000000,0
2522,Sounds of Nature,NULL,album,2011-04-16 00:00:00.0000000,0
2523,Queda La Noche,NULL,album,1991-10-14 00:00:00.0000000,0
2524,I Love You Baby,NULL,compilation,2008-12-11 00:00:00.0000000,0
2525,Sopa de Caracol,NULL,album,2012-02-14 00:00:00.0000000,0
2526,All You Need Is Love,NULL,compilation,2013-05-20 00:00:00.0000000,0
2527,Wena Wachos,NULL,album,2014-12-09 00:00:00.0000000,0
2528,Deep,NULL,album,2017-07-28 00:00:00.0000000,0
2529,Emanon,NULL,compilation,2015-02-09 00:00:00.0000000,0
253,My Favorite Stranger,NULL,compilation,2013-07-16 00:00:00.0000000,0
2530,"6 Songs, Op.6 (1995 - Remaster): No. 1, Do not believe, my friend (Tolstoy)",NULL,album,1995-01-01 00:00:00.0000000,0
2531,Back to Where We Started From,NULL,album,2014-01-28 00:00:00.0000000,0
2532,Rain In Spain,NULL,album,1994-09-21 00:00:00.0000000,0
2533,Old Man Down the Road,NULL,compilation,2015-05-18 00:00:00.0000000,0
2534,Cobwebs,NULL,album,2014-10-17 00:00:00.0000000,0
2535,All or Nothing,NULL,album,2008-03-11 00:00:00.0000000,0
2536,I'll Take Love,NULL,album,2011-03-29 00:00:00.0000000,0
2537,Forest Ambience (No Music),NULL,album,2014-10-07 00:00:00.0000000,0
2538,Royal Canal,NULL,album,1999-01-01 00:00:00.0000000,0
2539,Sliver,NULL,album,2011-11-05 00:00:00.0000000,0
254,"Piano Trio In A Minor, Op.50, TH.117: Var. IX: Andante flebile, ma non tanto",NULL,compilation,1996-01-01 00:00:00.0000000,0
2540,"The Young Person's Guide To The Orchestra, Op.34 - With Narration - Text Edited By Lorin Maazel: 17. ""Everyone Has Had His Say"" - Fugue",NULL,album,2004-01-01 00:00:00.0000000,0
2541,LOVE TONIGHT,NULL,album,2011-11-15 00:00:00.0000000,0
2542,Feel - Dj Mashup Mix 5,NULL,album,2013-09-14 00:00:00.0000000,0
2543,Opening Salvo,NULL,album,2007-06-12 00:00:00.0000000,0
2544,Delta Ⅱ,NULL,album,2009-04-25 00:00:00.0000000,0
2545,If You Want A Mother,NULL,album,2007-05-11 00:00:00.0000000,0
2546,Irek,NULL,album,2015-04-01 00:00:00.0000000,0
2547,Me And You No Be Enemy,NULL,album,2016-01-13 00:00:00.0000000,0
2548,The Ziegfeld Follies (My Big Mistake),NULL,album,1991-09-17 00:00:00.0000000,0
2549,"The Brotherhood (1968) [""The Taste of Love"" - Orchestral Version]",NULL,compilation,2013-10-01 00:00:00.0000000,0
255,Stuck in the Grey Sing along,NULL,album,2009-10-27 00:00:00.0000000,0
2550,Timebomb - Live,NULL,album,2014-05-23 00:00:00.0000000,0
2551,"'borracho Y Perdido"" ' - Single",NULL,single,2011-08-04 00:00:00.0000000,11
2552,Show Me,NULL,album,2016-09-30 00:00:00.0000000,0
2553,Romantic Avenue - Original Mix Edit,NULL,compilation,2009-11-16 00:00:00.0000000,0
2554,Vete,NULL,album,2013-03-18 00:00:00.0000000,0
2555,The Old Me,NULL,album,2008-01-01 00:00:00.0000000,0
2556,Noir - Live,NULL,album,2012-12-13 00:00:00.0000000,0
2557,El Precio de Tu Engaño,NULL,album,2005-02-01 00:00:00.0000000,0
2558,Boulevard Of Broken Dreams,NULL,album,2001-01-01 00:00:00.0000000,0
2559,"Bennie and the Jets (from ""It's Complicated"" Steve Martin Arrives for a Date Scene)",NULL,album,2014-08-08 00:00:00.0000000,0
256,Bounce'd Back,NULL,album,2016-05-27 00:00:00.0000000,0
2560,Careless Whisper,NULL,album,2014-01-29 00:00:00.0000000,0
2561,Keep On Singing,NULL,album,2007-03-23 00:00:00.0000000,0
2562,Oh Kamikaze,NULL,compilation,2006-12-02 00:00:00.0000000,0
2563,Transport,NULL,compilation,2005-04-05 00:00:00.0000000,0
2564,Mennyttä miestä,NULL,album,2005-02-16 00:00:00.0000000,38
2565,Famous Hymns of Praise,NULL,album,1987-12-11 00:00:00.0000000,27
2566,Keep On,NULL,album,2013-10-22 00:00:00.0000000,0
2567,El Costo de la Vida,NULL,compilation,2014-11-04 00:00:00.0000000,0
2568,When Heaven Comes Dripping From The Night,NULL,album,2010-09-27 00:00:00.0000000,0
2569,Policeman,NULL,album,2007-01-01 00:00:00.0000000,0
257,No Name Bar,NULL,compilation,2010-01-01 00:00:00.0000000,0
2570,Lo Mejor de El Chuape,NULL,album,2015-12-07 00:00:00.0000000,0
2571,Olde English,NULL,album,2007-11-20 00:00:00.0000000,0
2572,Rumi Symphony Project: Untold,NULL,album,2014-03-07 00:00:00.0000000,33
2573,Rub off on Me,NULL,album,2013-07-09 00:00:00.0000000,0
2574,Genius of Love,NULL,album,2008-12-17 00:00:00.0000000,0
2575,Six Minuets K.105 (attribution doubtful): No.1 in D,NULL,album,2000-01-01 00:00:00.0000000,0
2576,Signum magnum - Introitus (VII) from Proprium de Sanctis. Die 15 augusti. In Assumptione B. Mariae Virginis. Ad missam in die.,NULL,album,2001-01-01 00:00:00.0000000,0
2577,Brass In Pocket,NULL,compilation,2015-04-17 00:00:00.0000000,0
2578,Give It Up - Ricanstruction Vocal Mix,NULL,compilation,2007-10-22 00:00:00.0000000,0
2579,Stoop Down Baby (Instrumental),NULL,compilation,2012-03-15 00:00:00.0000000,0
258,Kicking Your Ass and Fucking Your Bitch,NULL,album,2011-01-01 00:00:00.0000000,0
2580,Memento Mori,NULL,single,2016-05-02 00:00:00.0000000,1
2581,Epílogo,NULL,album,2012-12-15 00:00:00.0000000,0
2582,Te VIVI (In The Style Of Villamizar Ft Maluma & Elvis Crespo) [Karaoke Version],NULL,single,2014-08-14 00:00:00.0000000,0
2583,Иди вслепую на свет,NULL,single,2016-03-11 00:00:00.0000000,0
2584,I'll Take You There - Meet the Brown's Soundtrack Version,NULL,compilation,2008-03-17 00:00:00.0000000,0
2585,Amazing Grace,NULL,album,2017-01-01 00:00:00.0000000,0
2586,IN THIS HELL,NULL,album,2017-04-26 00:00:00.0000000,0
2587,"Telemetry #1 (From the original soundtrack to ""Battle Beyond The Stars"")",NULL,single,2012-11-09 00:00:00.0000000,0
2588,Soldiers,NULL,album,2008-12-09 00:00:00.0000000,0
2589,Thank God,NULL,album,2017-03-10 00:00:00.0000000,0
259,"Sing (From ""Metal Gear Solid"")",NULL,compilation,2015-09-11 00:00:00.0000000,0
2590,The Unit (TV Theme),NULL,album,2014-05-30 00:00:00.0000000,0
2591,Big in Japan (Workout Mix + 158 BPM),NULL,album,2011-04-05 00:00:00.0000000,0
2592,Cannabis Cafe,NULL,album,1998-01-01 00:00:00.0000000,0
2593,A Russian Century,NULL,compilation,2008-01-01 00:00:00.0000000,0
2594,Satisfied,NULL,album,2009-01-01 00:00:00.0000000,0
2595,Unomi,NULL,single,2017-11-17 00:00:00.0000000,25
2596,Tramp Life,NULL,compilation,2011-07-27 00:00:00.0000000,0
2597,Intro Skit,NULL,album,1999-01-01 00:00:00.0000000,0
2598,Dime Queen Of Nevada,NULL,album,1981-01-01 00:00:00.0000000,0
2599,Too Cold Too Hold,NULL,album,2009-01-01 00:00:00.0000000,0
26,Africa Is the Future - Edit,NULL,album,2012-08-07 00:00:00.0000000,0
260,N.T.R,NULL,album,2011-11-23 00:00:00.0000000,0
2600,Summertime Sadness,NULL,album,2013-12-10 00:00:00.0000000,0
2601,"Lute Suite in G Minor, BWV 995 (Arr. J. Williams for Guitar): V. Gavottes I & II",NULL,album,1975-01-01 00:00:00.0000000,0
2602,Motion,NULL,single,2020-01-24 00:00:00.0000000,0
2603,Sophisticated Lady,NULL,album,2011-07-01 00:00:00.0000000,0
2604,For Life,NULL,album,2012-01-01 00:00:00.0000000,0
2605,Christmas Without You,NULL,single,2012-01-01 00:00:00.0000000,0
2606,Man with a Plan,NULL,album,2005-04-01 00:00:00.0000000,0
2607,Rythmes gitans,NULL,album,1999-03-01 00:00:00.0000000,32
2608,Redneck Vanilla EP,NULL,single,2013-01-01 00:00:00.0000000,1
2609,Sinzongera,NULL,compilation,2016-05-20 00:00:00.0000000,0
261,قد و قد,NULL,album,2012-03-15 00:00:00.0000000,0
2610,Crossroads,NULL,album,2012-10-18 00:00:00.0000000,0
2611,Good,NULL,album,1999-02-12 00:00:00.0000000,0
2612,Too Close to Being Over,NULL,album,2009-05-21 00:00:00.0000000,0
2613,Animal,NULL,single,2011-04-17 00:00:00.0000000,0
2614,"III. Rondeau. Tempo di Menuetto from Concerto No. 5 in A Major for Violin and Orchestra, K. 219",NULL,compilation,1963-01-01 00:00:00.0000000,0
2615,Fipster,NULL,single,2014-04-21 00:00:00.0000000,0
2616,Videoblog: Quirky,NULL,album,2014-12-12 00:00:00.0000000,0
2617,Kong Fusion - Extended Mix,NULL,single,2010-11-12 00:00:00.0000000,0
2618,Litúrgica del Mellizo - Remastered,NULL,album,2013-06-19 00:00:00.0000000,0
2619,Muốn (FOE Team),NULL,album,2016-10-10 00:00:00.0000000,0
262,Bootylicious (Radio Version) (Demonstration Version - Includes Lead Singer),NULL,album,2008-01-01 00:00:00.0000000,0
2620,流氓,NULL,album,2015-03-30 00:00:00.0000000,0
2621,Do the Bird,NULL,compilation,2013-01-06 00:00:00.0000000,0
2622,Gimme Three Steps,NULL,album,2015-03-16 00:00:00.0000000,0
2623,Carol - Boot Yer Butt! The Doors Bootlegs LP Version,NULL,compilation,2006-11-14 00:00:00.0000000,0
2624,Ragazzo Senza Fortuna,NULL,album,1982-01-01 00:00:00.0000000,0
2625,El Gallo De Sinaloa,NULL,album,2016-08-23 00:00:00.0000000,0
2626,Chica Sureña,NULL,single,2016-07-28 00:00:00.0000000,1
2627,Let Me Get It,NULL,album,2012-10-01 00:00:00.0000000,0
2628,Easier Said Than Done - Single Edit,NULL,album,2016-04-15 00:00:00.0000000,0
2629,У меня есть ты,NULL,album,2012-01-08 00:00:00.0000000,0
263,Two Minutes to Midnight - Smooth Jazz All Stars,NULL,album,2012-04-10 00:00:00.0000000,0
2630,Heavy Liquid,NULL,album,2014-10-29 00:00:00.0000000,0
2631,Ghetto Royalty,NULL,album,1997-01-01 00:00:00.0000000,0
2632,Carry (Demo),NULL,album,2012-01-01 00:00:00.0000000,0
2633,Sentimiento,NULL,compilation,2015-05-05 00:00:00.0000000,0
2634,25 Tchaikovsky Favorites,NULL,compilation,2016-03-04 00:00:00.0000000,0
2635,Never Perfection,NULL,single,2016-06-17 00:00:00.0000000,0
2636,Autumn,NULL,compilation,1994-07-28 00:00:00.0000000,0
2637,Perdido,NULL,compilation,2012-10-31 00:00:00.0000000,0
2638,Monsoon,NULL,album,2010-06-06 00:00:00.0000000,0
2639,Chandrodhayam Oru Instrumental Chandrodhaym - Original,NULL,album,1981-12-01 00:00:00.0000000,0
264,Canon in D Major,NULL,album,2015-02-11 00:00:00.0000000,0
2640,Edge of the World,NULL,album,2014-03-18 00:00:00.0000000,0
2641,Tibetan Wish,NULL,album,2009-05-12 00:00:00.0000000,0
2642,Reach,NULL,album,2012-04-16 00:00:00.0000000,0
2643,Bloodnstuff,NULL,album,2012-01-01 00:00:00.0000000,0
2644,Ocho Kandelikas,NULL,album,2008-01-01 00:00:00.0000000,0
2645,Meaz Yadaati At,NULL,album,2010-01-12 00:00:00.0000000,0
2646,Sub Pielea Mea - Adrian Funk X OLiX Remix,NULL,single,2016-07-08 00:00:00.0000000,0
2647,Intungulushi Remix,NULL,album,2014-02-11 00:00:00.0000000,0
2648,Solid Air,NULL,album,2013-01-01 00:00:00.0000000,0
2649,Waltz from 'Maskarade,NULL,compilation,2010-02-01 00:00:00.0000000,0
265,Je M'en Vais,NULL,compilation,2014-05-28 00:00:00.0000000,0
2650,Gravity / Breathe In,NULL,single,2010-08-16 00:00:00.0000000,0
2651,Chalie Mixes,NULL,album,2009-04-07 00:00:00.0000000,0
2652,"Strachey: These Foolish Things (from ""Spread It Abroad"")",NULL,compilation,2010-03-29 00:00:00.0000000,0
2653,Biggest Mistake,NULL,album,2009-05-26 00:00:00.0000000,0
2654,Chaareh Vaar Gaya,NULL,album,2014-01-05 00:00:00.0000000,0
2655,Palido Rosa,NULL,album,2016-09-08 00:00:00.0000000,0
2656,West Side Story: 7. America,NULL,compilation,2003-01-01 00:00:00.0000000,0
2657,No One Is Alone - from - Into The Woods,NULL,album,1998-01-01 00:00:00.0000000,0
2658,Merry Christmas,NULL,album,1965-01-01 00:00:00.0000000,42
2659,You Can´t Touch But Feel Free To Look,NULL,album,2009-10-26 00:00:00.0000000,0
266,The Trio,NULL,album,2000-12-20 00:00:00.0000000,0
2660,Metrosensual,NULL,album,2005-05-23 00:00:00.0000000,21
2661,The Little Girl I Once Knew,NULL,compilation,1993-06-21 00:00:00.0000000,0
2662,T'choupi fait son spectacle,NULL,album,2011-10-31 00:00:00.0000000,40
2663,Singing About You,NULL,album,2016-09-09 00:00:00.0000000,0
2664,Scarlet's Walk,NULL,album,2002-10-28 00:00:00.0000000,0
2665,Bésame Mucho (Remastered),NULL,album,2011-05-16 00:00:00.0000000,0
2666,Raccroche,NULL,album,2016-06-24 00:00:00.0000000,0
2667,Dripping Indigo,NULL,album,2005-01-01 00:00:00.0000000,32
2668,Lima Blues,NULL,compilation,2004-01-01 00:00:00.0000000,0
2669,"Piano Concerto No. 4 in B-Flat Major, Op. 53: I. Vivace",NULL,album,2014-03-19 00:00:00.0000000,0
267,Worthy,NULL,album,2015-03-31 00:00:00.0000000,0
2670,Armies Of Angels,NULL,album,2008-01-01 00:00:00.0000000,0
2671,El Final De Mi Vida,NULL,album,2010-04-30 00:00:00.0000000,0
2672,Chehhh,NULL,compilation,2013-10-21 00:00:00.0000000,0
2673,Skin and Bones,NULL,single,2010-03-29 00:00:00.0000000,0
2674,The Trouble With Me Is You,NULL,compilation,2011-12-26 00:00:00.0000000,0
2675,"Fun, Fun, Fun!",NULL,album,2015-03-17 00:00:00.0000000,0
2676,Mañanitas de los Dandys,NULL,album,1994-01-01 00:00:00.0000000,0
2677,Adamastor,NULL,album,1992-03-09 00:00:00.0000000,1
2678,Pour La Beauté Du Geste,NULL,single,2006-01-01 00:00:00.0000000,6
2679,Skandalous,NULL,album,2005-01-01 00:00:00.0000000,0
268,Rapt in Darkness,NULL,album,1996-01-01 00:00:00.0000000,0
2680,Drummer Boy,NULL,album,1968-01-01 00:00:00.0000000,0
2681,Ta Rempetika Tou Grammofonou No. 19,NULL,compilation,1935-01-04 00:00:00.0000000,1
2682,Claudette Soares,NULL,album,1969-01-06 00:00:00.0000000,20
2683,La fiesta de San Benito,NULL,compilation,2000-06-30 00:00:00.0000000,0
2684,Flow (Habstrakt Remix),NULL,single,2021-01-15 00:00:00.0000000,44
2685,Cache 01,NULL,compilation,2019-04-26 00:00:00.0000000,15
2686,Synthesizer,NULL,album,2005-09-01 00:00:00.0000000,0
2687,All Night,NULL,single,2016-11-07 00:00:00.0000000,0
2688,"Little High Things - 12"" version",NULL,album,2007-06-04 00:00:00.0000000,0
2689,Love Dreams n.3 (Piano Music for Your Sleep),NULL,album,2011-11-15 00:00:00.0000000,0
269,"Lieder ohne Worte, Op. 19: No. 1",NULL,album,2013-03-31 00:00:00.0000000,0
2690,Cable Ready,NULL,album,2014-12-03 00:00:00.0000000,0
2691,J'Ai Tout Essayé,NULL,album,1988-01-01 00:00:00.0000000,0
2692,Dejate Llevar,NULL,album,2014-10-28 00:00:00.0000000,0
2693,Haida Nani,NULL,album,2008-07-01 00:00:00.0000000,0
2694,Television Sick,NULL,album,2017-08-11 00:00:00.0000000,0
2695,Feel My Pain,NULL,album,2003-01-01 00:00:00.0000000,0
2696,The Minor Drags (Lazlo Remix),NULL,compilation,2015-06-22 00:00:00.0000000,0
2697,Bilmagandim,NULL,album,2013-08-02 00:00:00.0000000,0
2698,Louisiana Beauty Queen (Live),NULL,album,2012-02-11 00:00:00.0000000,0
2699,Superfreak,NULL,compilation,2015-10-05 00:00:00.0000000,0
27,Quanto tempo e ancora (Base),NULL,album,2009-01-01 00:00:00.0000000,0
270,No Estoy Solo,NULL,album,2012-11-28 00:00:00.0000000,0
2700,"Rachmaninoff: 14 Romances, Op. 34: No. 14, Vocalise",NULL,compilation,2012-10-29 00:00:00.0000000,0
2701,For a Lost Key,NULL,single,1993-01-01 00:00:00.0000000,0
2702,"Raymonda, Op. 57, Act III: Variation III",NULL,album,2011-01-01 00:00:00.0000000,0
2703,Mine,NULL,album,2011-03-15 00:00:00.0000000,0
2704,Millennia,NULL,album,2013-05-28 00:00:00.0000000,0
2705,Recuperemos Nuestro Mar,NULL,album,2015-03-23 00:00:00.0000000,0
2706,All Night Session,NULL,album,1983-01-01 00:00:00.0000000,0
2707,Fabriquer l'aube,NULL,album,2013-09-17 00:00:00.0000000,0
2708,Lucky Penny,NULL,album,2003-01-01 00:00:00.0000000,0
2709,thirty one,NULL,album,2015-10-09 00:00:00.0000000,53
271,Crossing the Bar,NULL,album,2007-09-30 00:00:00.0000000,0
2710,Happy Now,NULL,album,2016-08-19 00:00:00.0000000,0
2711,All My Love's Gone Wrong,NULL,album,2015-09-08 00:00:00.0000000,0
2712,She Moved Through The Fair,NULL,compilation,2008-12-12 00:00:00.0000000,0
2713,Messiaen: Turangalîla-Symphonie,NULL,album,2014-06-03 00:00:00.0000000,16
2714,Cuz It's Hot - Demon Seed Mix,NULL,album,2010-01-01 00:00:00.0000000,0
2715,Invisible - Acoustic Version,NULL,album,2013-12-11 00:00:00.0000000,0
2716,Ego Den Ime Aetos,NULL,album,2001-09-21 00:00:00.0000000,0
2717,Better Man - Workout Mix 144 BPM,NULL,album,2017-02-10 00:00:00.0000000,0
2718,"Maud McQuillan's, McCafferty's Fancy",NULL,album,1997-10-05 00:00:00.0000000,0
2719,Memory,NULL,album,2017-04-07 00:00:00.0000000,0
272,MMX,NULL,album,2012-07-13 00:00:00.0000000,0
2720,Under the Lights,NULL,single,2014-06-30 00:00:00.0000000,0
2721,Fragmento,NULL,single,2020-08-21 00:00:00.0000000,1
2722,"Bushes & Briars: Folk-Songs for Choirs, Books I and II [Oxford]",NULL,album,2015-11-25 00:00:00.0000000,14
2723,Inductive,NULL,album,2010-07-27 00:00:00.0000000,0
2724,Out of Office Experience,NULL,album,2002-01-01 00:00:00.0000000,0
2725,Keep It Dippin' - Nicolay Instrumental Remix,NULL,single,2006-07-01 00:00:00.0000000,0
2726,Sweat (Made Famous By Snoop Dogg & David Guetta),NULL,album,2012-01-31 00:00:00.0000000,0
2727,Outro,NULL,album,2014-05-06 00:00:00.0000000,0
2728,Gunhild (feat. SoKo),NULL,album,2008-01-01 00:00:00.0000000,0
2729,Internet Superstar,NULL,album,2012-09-25 00:00:00.0000000,0
273,Aegean Festival Overture,NULL,album,2016-03-05 00:00:00.0000000,0
2730,Robotz,NULL,album,2016-10-14 00:00:00.0000000,0
2731,Ennui - Original Mix,NULL,album,2015-04-13 00:00:00.0000000,0
2732,The Message,NULL,album,2017-04-14 00:00:00.0000000,0
2733,Loadstones,NULL,album,2013-05-13 00:00:00.0000000,0
2734,I Dont Care I Love It (Instrumental),NULL,album,2016-03-22 00:00:00.0000000,0
2735,Anima fragile,NULL,album,2006-11-10 00:00:00.0000000,0
2736,Redemption (Interlude),NULL,album,2017-08-25 00:00:00.0000000,0
2737,"Ravel: Ma Mère l'Oye, M. 60: III. Laideronnette, impératrice des pagodes (Piano 4-Hands Version)",NULL,album,2010-10-20 00:00:00.0000000,0
2738,Så' Det Hjem Boys!,NULL,album,2006-05-01 00:00:00.0000000,0
2739,Rockin' In Rhythm - Remastered,NULL,album,2013-01-15 00:00:00.0000000,0
274,Want U Girl,NULL,album,2012-03-30 00:00:00.0000000,0
2740,ROBOT TRANSMISSION,NULL,album,1994-02-07 00:00:00.0000000,0
2741,Eu Juro,NULL,single,2019-02-03 00:00:00.0000000,21
2742,The Rise of the Synths Ep1 (The Official Companion Album),NULL,compilation,2017-05-12 00:00:00.0000000,22
2743,New York New York (from On The Town),NULL,compilation,2009-01-01 00:00:00.0000000,0
2744,Havaie Taze,NULL,album,2005-09-10 00:00:00.0000000,0
2745,Ellin Polka,NULL,album,2015-04-28 00:00:00.0000000,0
2746,Ouno,NULL,album,2010-09-14 00:00:00.0000000,0
2747,Teri Meri Yaari Badi Purani,NULL,album,2008-01-01 00:00:00.0000000,0
2748,"Serse, HWV 40 / Act 1: ""Frondi tenere e belle...Ombra mai fù""",NULL,album,2003-01-01 00:00:00.0000000,0
2749,Good Vibrations,NULL,album,2013-05-08 00:00:00.0000000,0
275,We Make Pop Music,NULL,album,2013-04-16 00:00:00.0000000,0
2750,"La Rondine, Act I: Forse, come la rondine (Prunier/Magda/Rambaldo/Ruggero)",NULL,album,2008-10-10 00:00:00.0000000,0
2751,Besame Mucho,NULL,album,2002-01-01 00:00:00.0000000,0
2752,In My Marble Bathtubs - Screwed & Chopped,NULL,album,2014-10-30 00:00:00.0000000,0
2753,Call Me Maybe,NULL,album,2015-08-14 00:00:00.0000000,0
2754,Let It Slide,NULL,album,2017-02-10 00:00:00.0000000,0
2755,I Need To Feel - Uppercut Addicted Remix,NULL,compilation,2010-10-25 00:00:00.0000000,0
2756,Sunny Day,NULL,album,2015-04-25 00:00:00.0000000,0
2757,Merciless,NULL,album,2014-01-10 00:00:00.0000000,0
2758,Promised Land,NULL,album,2016-07-15 00:00:00.0000000,0
2759,To France,NULL,album,2010-01-01 00:00:00.0000000,0
276,Conociendo el Alma,NULL,album,2012-03-05 00:00:00.0000000,0
2760,Incoming,NULL,compilation,2014-06-15 00:00:00.0000000,0
2761,Fired Up - Live at Monsters of Rock - Donington 1990; 2001 Remaster,NULL,compilation,2009-05-11 00:00:00.0000000,0
2762,Derrama De Tu Fuego (Original De Marcos Witt) [Version Karaoke],NULL,album,2015-01-30 00:00:00.0000000,0
2763,Ernest Ranglin At Side Door Records,NULL,album,2015-07-07 00:00:00.0000000,15
2764,"Chopin: 12 Études, Op. 25: No. 12 in C Minor",NULL,album,2010-10-20 00:00:00.0000000,0
2765,Saltwater (ASOT 771) - Kryder Remix,NULL,album,2016-07-07 00:00:00.0000000,0
2766,Ghost of Love,NULL,album,2013-09-02 00:00:00.0000000,0
2767,Cross the River,NULL,album,2013-08-06 00:00:00.0000000,0
2768,Karaoke - Manhattan,NULL,album,2005-10-18 00:00:00.0000000,0
2769,Hey Mami (feat. Mr Jota),NULL,album,2010-05-13 00:00:00.0000000,0
277,Lucror - Extended Version,NULL,album,2013-11-22 00:00:00.0000000,0
2770,Skit - Album (Explicit),NULL,album,2006-09-12 00:00:00.0000000,0
2771,All I Ever Wanted,NULL,album,2012-01-01 00:00:00.0000000,0
2772,Footloose,NULL,album,2017-03-31 00:00:00.0000000,0
2773,Lucille,NULL,compilation,2011-09-12 00:00:00.0000000,0
2774,Oui J'suis De Paris,NULL,compilation,2010-08-19 00:00:00.0000000,0
2775,Stealth Bomber (Chris Schweizer Remix),NULL,single,2016-09-19 00:00:00.0000000,6
2776,"Tabata Workout, Retro &Amp; Today, 20 / 10 Intervals (30 Hits - Easy Use &Amp; Vocal Cues)",NULL,album,2015-10-08 00:00:00.0000000,9
2777,Bari Bakh,NULL,album,2013-11-21 00:00:00.0000000,0
2778,Bugle Call Rag,NULL,album,2012-12-12 00:00:00.0000000,0
2779,Cazador de Mariposas,NULL,album,2017-09-01 00:00:00.0000000,0
278,The Great Drowner,NULL,album,2014-03-28 00:00:00.0000000,0
2780,Collector's Edition,NULL,single,2016-05-13 00:00:00.0000000,0
2781,"Seafarers, Smugglers and Shipwreck",NULL,album,2000-06-20 00:00:00.0000000,19
2782,Condor,NULL,album,1987-01-01 00:00:00.0000000,0
2783,Planet Patrol,NULL,album,1983-12-13 00:00:00.0000000,40
2784,Bake a Cake,NULL,single,2013-10-22 00:00:00.0000000,0
2785,Whisper,NULL,album,2013-02-26 00:00:00.0000000,0
2786,Chayat HaBarzel (The Iron Animal),NULL,album,1995-01-01 00:00:00.0000000,0
2787,"Missa In Angustiis, ""Nelson Mass"", Hob. XXII: 11 In D Minor",NULL,album,2013-01-24 00:00:00.0000000,0
2788,"Golden Spinning Wheel: Allegro, ma non troppo (Fig 19)",NULL,album,2005-11-28 00:00:00.0000000,0
2789,Jaded,NULL,single,2013-07-22 00:00:00.0000000,0
279,"Violin Sonata and Piano No. 3 in D Minor, Op.108: IV. Presto agitato",NULL,album,1997-01-01 00:00:00.0000000,0
2790,Allein Im Flugzeug,NULL,album,1998-01-01 00:00:00.0000000,9
2791,"Concerto for Sixth Flute in D Major, Op. 3 No. 2: II. Allegro",NULL,album,2016-02-07 00:00:00.0000000,0
2792,Okoso,NULL,album,2014-04-03 00:00:00.0000000,0
2793,De esclavitud y de cadenas,NULL,album,2006-09-18 00:00:00.0000000,0
2794,Ross' Reel No. 4 / Reichswall Forest,NULL,album,1999-01-01 00:00:00.0000000,0
2795,Talkin' About You,NULL,compilation,1990-10-01 00:00:00.0000000,0
2796,Changes (CC528),NULL,album,2017-08-10 00:00:00.0000000,0
2797,"Il Trovatore, Act 2: ""Vedi! le fosche notturne spoglie"" (Anvil Chorus)",NULL,compilation,2016-03-07 00:00:00.0000000,0
2798,Sweet Violets,NULL,album,1958-01-01 00:00:00.0000000,0
2799,Asha,NULL,album,2009-01-13 00:00:00.0000000,0
28,There Will Never Be Another You,NULL,album,2014-03-10 00:00:00.0000000,0
280,Advice From the Happy Hippopotamus,NULL,album,2005-01-01 00:00:00.0000000,0
2800,Hunger,NULL,album,2013-10-08 00:00:00.0000000,0
2801,The Truth,NULL,album,2016-04-12 00:00:00.0000000,0
2802,Jaan,NULL,album,2013-07-04 00:00:00.0000000,0
2803,Varpunen jouluaamuna (The sparrow on Christmas morning) (arr. K. Ala-Pollanen): Varpunen jouluaamuna (The sparrow on Christmas morning),NULL,album,2002-01-01 00:00:00.0000000,0
2804,El Privilegio De Amar,NULL,album,2011-09-16 00:00:00.0000000,0
2805,On the Sentimental Side,NULL,compilation,2011-09-12 00:00:00.0000000,0
2806,"Fgmenth, Thy Gift",NULL,album,2007-07-13 00:00:00.0000000,0
2807,Sentence,NULL,album,1998-01-01 00:00:00.0000000,0
2808,Por Qué Llora el Cielo,NULL,album,1995-01-01 00:00:00.0000000,0
2809,Bugz 97 - Skit,NULL,album,2004-01-01 00:00:00.0000000,0
281,The Magik (with Natalie Gioia),NULL,album,2016-06-24 00:00:00.0000000,0
2810,"Karaoke - In The Style Of Garth Brooks As ""Chris Gaines"" - Vol. 1",NULL,single,2008-01-15 00:00:00.0000000,0
2811,High And Low,NULL,compilation,2013-01-04 00:00:00.0000000,0
2812,Impressions - Standard,NULL,album,2014-02-10 00:00:00.0000000,0
2813,Guerrero Is Back,NULL,album,2013-10-15 00:00:00.0000000,0
2814,Bangs & Works Vol. 2 (The Best of Chicago Footwork),NULL,compilation,2011-11-07 00:00:00.0000000,18
2815,"When You Say Nothing At All - From ""Notting Hill""",NULL,album,2014-01-31 00:00:00.0000000,0
2816,I Feel so Lonely Blues - Live,NULL,album,2015-11-13 00:00:00.0000000,0
2817,Dim View of the World,NULL,album,2010-12-21 00:00:00.0000000,0
2818,After da Kappa 2k1,NULL,album,2013-11-26 00:00:00.0000000,11
2819,Burn Baby Burn,NULL,album,2015-06-19 00:00:00.0000000,0
282,The Death Of Willie Lynch,NULL,album,2006-09-05 00:00:00.0000000,0
2820,Remission (feat. Black Sheep & Casey Jones),NULL,album,2013-04-23 00:00:00.0000000,0
2821,Ballet Dancer,NULL,compilation,2004-01-01 00:00:00.0000000,0
2822,The Price,NULL,album,2005-02-15 00:00:00.0000000,0
2823,Natives - Dosem Remix,NULL,single,2012-10-15 00:00:00.0000000,0
2824,Beauty and the Beast (Original Motion Picture Soundtrack/Japanese Version),NULL,compilation,1991-01-01 00:00:00.0000000,39
2825,2 Lane Road: To Glory,NULL,album,2020-03-27 00:00:00.0000000,53
2826,Blue Waltz,NULL,compilation,1996-01-01 00:00:00.0000000,0
2827,De Andere Waltz Vol. 1,NULL,compilation,2012-06-04 00:00:00.0000000,0
2828,Me Zorrea,NULL,compilation,2014-07-04 00:00:00.0000000,0
2829,Shingeki St 20130629 Kyojin,NULL,album,2017-06-07 00:00:00.0000000,0
283,Higher Version,NULL,album,2008-01-02 00:00:00.0000000,0
2830,"Tristan und Isolde: O sink hernieder, Nacht der Liebe",NULL,album,2010-02-22 00:00:00.0000000,0
2831,Giselle: Act II: Ensemble des Wilis,NULL,album,1994-11-03 00:00:00.0000000,0
2832,Concerto For Oboe in D Minor: II. Adagio,NULL,album,2003-12-08 00:00:00.0000000,0
2833,"Got To Be Sure (12"" Mix)",NULL,album,2007-01-01 00:00:00.0000000,0
2834,Found and lost,NULL,album,2006-01-01 00:00:00.0000000,0
2835,"Brahms: Variations on a Theme by Haydn, Op. 56a ""St. Antoni Chorale"": Theme. Andante",NULL,compilation,2010-11-05 00:00:00.0000000,0
2836,Do It Again,NULL,album,2012-07-07 00:00:00.0000000,0
2837,Be Still,NULL,album,2016-12-16 00:00:00.0000000,0
2838,Scream - Surkin Remix,NULL,single,2012-08-13 00:00:00.0000000,0
2839,Miura,NULL,single,2017-06-12 00:00:00.0000000,0
284,Mr.Vegas &amp; DJ Quest-Kill Har Wit Di No (Remix),NULL,album,2017-09-29 00:00:00.0000000,0
2840,The Rent (Seb Skalski Remix Radio Edit),NULL,single,2017-08-22 00:00:00.0000000,0
2841,N!KTO,NULL,album,2015-01-01 00:00:00.0000000,40
2842,Goodbye Baby - Audiotree Live Version,NULL,album,2016-05-10 00:00:00.0000000,0
2843,Children,NULL,single,2020-03-09 00:00:00.0000000,6
2844,"Piano Sonata No.3 In B Minor, Op.58: 3. Largo",NULL,album,1985-01-01 00:00:00.0000000,0
2845,Devil May Cry,NULL,album,2014-01-01 00:00:00.0000000,0
2846,My Same,NULL,album,2010-01-01 00:00:00.0000000,0
2847,"Taqsîm Maqâm Hijâz Kâr, pt. 3",NULL,album,2012-06-11 00:00:00.0000000,0
2848,The Things You Do,NULL,album,2007-12-10 00:00:00.0000000,0
2849,"Dans, dans, dans",NULL,album,2011-01-01 00:00:00.0000000,0
285,Guitarra Mia,NULL,album,2002-12-05 00:00:00.0000000,6
2850,Alwan,NULL,single,2017-05-05 00:00:00.0000000,11
2851,Kuri Meri Haan Di,NULL,album,2011-11-25 00:00:00.0000000,0
2852,Rwd The Revolution,NULL,album,2011-11-07 00:00:00.0000000,0
2853,Kalamaula,NULL,album,2004-10-13 00:00:00.0000000,0
2854,Trip,NULL,album,2004-01-01 00:00:00.0000000,0
2855,Soranishirarenu - Young-G Remix,NULL,album,2009-12-09 00:00:00.0000000,0
2856,"Orgelbüchlein: No. 14, Wir Christenleut, BWV 612",NULL,album,2012-12-15 00:00:00.0000000,0
2857,Tudo Pelo Seu Amor - Ao Vivo,NULL,album,2015-12-08 00:00:00.0000000,0
2858,Cello Concerto in D Major (version for cello and orchestra): III. Grave,NULL,compilation,2014-07-15 00:00:00.0000000,0
2859,Mary Rose (Prologue),NULL,album,2012-06-12 00:00:00.0000000,0
286,"Bring Me to Life - From ""Daredevil""",NULL,album,2014-02-03 00:00:00.0000000,0
2860,The Members Of The Table II,NULL,single,2010-08-19 00:00:00.0000000,6
2861,Kingston Town,NULL,album,2009-07-27 00:00:00.0000000,0
2862,I Love To Love - Simone Vitullo Remix,NULL,compilation,2014-12-24 00:00:00.0000000,0
2863,Piano Concerto No. 2 Op. 32 In E Flat Major: I. Allegro Maestoso (Weber),NULL,album,1996-01-01 00:00:00.0000000,0
2864,Lullaby Favorites,NULL,album,1997-01-01 00:00:00.0000000,28
2865,Petite Symphonie Concertante: 3. Allegretto alla marcia,NULL,album,2003-01-01 00:00:00.0000000,0
2866,My Heart Will Go On,NULL,compilation,2010-09-14 00:00:00.0000000,37
2867,Hold On,NULL,album,1981-01-01 00:00:00.0000000,0
2868,Evolve - Album Edit,NULL,album,2015-04-13 00:00:00.0000000,0
2869,Intro (Big Tymers / 400 Degreez) - Album Version (Edited),NULL,compilation,2006-01-01 00:00:00.0000000,0
287,Sen On,NULL,compilation,2002-12-03 00:00:00.0000000,0
2870,Killah Tape,NULL,single,2015-06-01 00:00:00.0000000,6
2871,Obscure Thing,NULL,album,1994-10-01 00:00:00.0000000,0
2872,Concerto for Violoncello and Orchestra in A Major Wq 172: I. Allegro,NULL,album,2012-08-17 00:00:00.0000000,0
2873,"Bach, JS : Cantata No.161 Komm, du süsse Todesstunde BWV161 : IV Recitative - ""Der Schluss ist schon gemacht"" [Alto]",NULL,album,1967-01-01 00:00:00.0000000,0
2874,Black Water - Original Mix,NULL,compilation,2015-10-19 00:00:00.0000000,0
2875,Mexico,NULL,single,2017-10-20 00:00:00.0000000,0
2876,Silver And Katherine,NULL,compilation,1995-03-01 00:00:00.0000000,0
2877,Valencia,NULL,album,2010-11-29 00:00:00.0000000,0
2878,Road To,NULL,album,2017-01-16 00:00:00.0000000,0
2879,In the Black Spot,NULL,album,2012-10-16 00:00:00.0000000,2
288,Mustang Sally,NULL,compilation,2010-01-01 00:00:00.0000000,0
2880,Rebels In Kontrol,NULL,album,2011-04-26 00:00:00.0000000,0
2881,Makosh,NULL,album,2014-01-18 00:00:00.0000000,0
2882,Bars,NULL,album,2016-03-30 00:00:00.0000000,0
2883,In the Realm of Solitude(Dar Saray-e Tanhaei)-Duo for Oud and Percussion,NULL,album,2012-08-03 00:00:00.0000000,5
2884,Party Til Ur Pregnant - Seance in the Studio Remix,NULL,album,2016-06-28 00:00:00.0000000,0
2885,Don't You Worry 'Bout A Thing,NULL,album,1999-12-03 00:00:00.0000000,0
2886,Cowboy Billy,NULL,compilation,2015-05-08 00:00:00.0000000,0
2887,Rock Star EP,NULL,single,2013-03-04 00:00:00.0000000,0
2888,Tulip Tattoo,NULL,album,2011-08-05 00:00:00.0000000,0
2889,When I Get Lonely,NULL,album,2009-10-20 00:00:00.0000000,0
289,Warp Zone,NULL,album,2013-10-17 00:00:00.0000000,0
2890,Begonar,NULL,album,1980-10-31 00:00:00.0000000,0
2891,Morning Wood,NULL,album,1994-01-01 00:00:00.0000000,9
2892,El Senor de la P,NULL,album,2014-09-09 00:00:00.0000000,0
2893,Longing,NULL,album,2009-01-18 00:00:00.0000000,0
2894,Eternalism,NULL,album,2015-07-24 00:00:00.0000000,2
2895,Mykonos lounge flight - (magic waves mix),NULL,album,2009-08-14 00:00:00.0000000,0
2896,$5 I'll Kick Your Ass,NULL,compilation,2011-07-26 00:00:00.0000000,0
2897,Batman - Batman March,NULL,compilation,1993-01-01 00:00:00.0000000,0
2898,Touch the Sky,NULL,album,2015-05-11 00:00:00.0000000,0
2899,Musical Gems XXI Repertoire 2 for Ballet Class,NULL,album,2015-08-27 00:00:00.0000000,0
29,On Breeze,NULL,single,2015-03-02 00:00:00.0000000,0
290,Classic,NULL,album,2010-11-28 00:00:00.0000000,0
2900,Musika - Kwanzaa Afro Funk Mix,NULL,single,2014-07-15 00:00:00.0000000,0
2901,Zlate polke in valcki,NULL,album,2011-10-03 00:00:00.0000000,15
2902,Immanuel,NULL,album,2011-12-26 00:00:00.0000000,0
2903,Something Dark,NULL,album,1996-01-01 00:00:00.0000000,0
2904,"Lounge Top 55, Vol. 7 (Deluxe, the Original)",NULL,album,2014-12-05 00:00:00.0000000,24
2905,Different Drum,NULL,album,2016-07-22 00:00:00.0000000,0
2906,Sieste,NULL,compilation,2013-06-17 00:00:00.0000000,0
2907,Laisse les parler,NULL,album,2011-02-14 00:00:00.0000000,0
2908,Corro a Ti,NULL,album,2012-03-29 00:00:00.0000000,0
2909,Party Bounce,NULL,single,2012-10-10 00:00:00.0000000,0
291,I'm So Proud,NULL,album,2007-01-01 00:00:00.0000000,0
2910,Day Spring,NULL,album,2017-01-25 00:00:00.0000000,0
2911,Enemy,NULL,album,1997-01-01 00:00:00.0000000,0
2912,Falling Down,NULL,album,1995-06-01 00:00:00.0000000,0
2913,All That I Want,NULL,album,2014-03-27 00:00:00.0000000,0
2914,Popdeath,NULL,album,2011-09-12 00:00:00.0000000,0
2915,What Hurts the Most - Hip Hop Remix,NULL,album,2013-05-29 00:00:00.0000000,0
2916,Straight No Chaser (07-23-51),NULL,compilation,1952-01-01 00:00:00.0000000,0
2917,Disco Sucks,NULL,compilation,2014-05-30 00:00:00.0000000,0
2918,得寵,NULL,album,2009-06-15 00:00:00.0000000,0
2919,Losing My Mind,NULL,single,2019-09-28 00:00:00.0000000,1
292,Void,NULL,album,2017-04-15 00:00:00.0000000,0
2920,Jah alone,NULL,album,2005-08-15 00:00:00.0000000,0
2921,Maniquís & Plástico,NULL,album,2011-05-31 00:00:00.0000000,0
2922,Such A Holden,NULL,single,2009-12-07 00:00:00.0000000,0
2923,My Name Is Sharon,NULL,album,2011-05-16 00:00:00.0000000,5
2924,16:18,NULL,single,2020-06-12 00:00:00.0000000,29
2925,Tell Her Remix (Feat. Moka Only),NULL,album,2010-09-28 00:00:00.0000000,0
2926,I Want Candy,NULL,album,2013-03-08 00:00:00.0000000,0
2927,Broken Oath,NULL,single,2013-10-29 00:00:00.0000000,0
2928,Aloof,NULL,album,2014-10-18 00:00:00.0000000,0
2929,Las Hojas Muertas (Autum Leaves) (Bolero),NULL,album,1958-08-16 00:00:00.0000000,0
293,I Believe,NULL,album,2015-04-27 00:00:00.0000000,0
2930,Kiss and Tell,NULL,compilation,1995-01-01 00:00:00.0000000,0
2931,Ready For Your Love,NULL,single,2016-08-09 00:00:00.0000000,15
2932,Amazing Grace (My Chains Are Gone),NULL,album,2014-11-04 00:00:00.0000000,0
2933,A Sky Full Of Stars,NULL,single,2014-12-13 00:00:00.0000000,0
2934,Praise God from Whom All Blessings Flow,NULL,compilation,2013-08-05 00:00:00.0000000,0
2935,Rasta Friends,NULL,album,2008-06-01 00:00:00.0000000,0
2936,From Me To You (feat. Tarsha McMillan Hamilton),NULL,album,2009-01-01 00:00:00.0000000,0
2937,One Last Breath,NULL,album,2007-01-31 00:00:00.0000000,0
2938,In the End,NULL,album,2017-02-17 00:00:00.0000000,37
2939,Queers For A Day Nobodys For Life,NULL,single,2004-06-04 00:00:00.0000000,0
294,Mapule,NULL,album,2010-02-01 00:00:00.0000000,0
2940,Here We Go Round The Mulberry Bush,NULL,album,2002-01-01 00:00:00.0000000,0
2941,Beethoven: Works Played On Beethoven's Broadwood Piano at the Hungarian National Museum,NULL,album,2014-07-15 00:00:00.0000000,7
2942,Sin Tu Carino,NULL,album,2014-08-19 00:00:00.0000000,0
2943,Mr. Consistent,NULL,album,2012-09-04 00:00:00.0000000,0
2944,Auld Lang Syne,NULL,compilation,2012-11-13 00:00:00.0000000,0
2945,The Cyber Grind,NULL,single,2020-10-15 00:00:00.0000000,38
2946,Hard Driving Papa,NULL,compilation,1992-10-26 00:00:00.0000000,0
2947,Afrika,NULL,single,2013-03-25 00:00:00.0000000,0
2948,Solid Gold Hits - Rock & Roll # 2,NULL,compilation,2006-08-06 00:00:00.0000000,0
2949,Everything That I Need,NULL,album,2009-08-11 00:00:00.0000000,0
295,"String Quartet No. 4, Sz. 91 (2002 - Remaster): III. Non troppo lento",NULL,album,2007-09-14 00:00:00.0000000,0
2950,This Time,NULL,compilation,2014-09-08 00:00:00.0000000,0
2951,Imma Real Nigga (feat. E-Mozzy),NULL,album,2014-11-07 00:00:00.0000000,0
2952,Doin' My Time,NULL,album,2006-01-02 00:00:00.0000000,0
2953,Off The Hook - Live,NULL,compilation,2012-01-01 00:00:00.0000000,0
2954,Piano for Studying,NULL,album,2017-06-27 00:00:00.0000000,0
2955,Joyride,NULL,single,2016-06-23 00:00:00.0000000,2
2956,You Don't Have To Say You Love Me,NULL,album,1998-01-01 00:00:00.0000000,0
2957,Como llegar a vos,NULL,album,2010-06-24 00:00:00.0000000,0
2958,Mensagem De Amor - Ao Vivo No Rio De Janeiro / 2004,NULL,album,2014-07-29 00:00:00.0000000,0
2959,A contratiempo,NULL,album,2000-10-13 00:00:00.0000000,0
296,La rue aux chansons - 2012 Remastered,NULL,album,2012-09-24 00:00:00.0000000,0
2960,Always in My Heart,NULL,compilation,2010-06-14 00:00:00.0000000,0
2961,Mi Destino,NULL,album,2005-03-22 00:00:00.0000000,0
2962,L' Orchestra Italiana - Napoli canta Vol. 11,NULL,album,1942-11-13 00:00:00.0000000,0
2963,Soulbound,NULL,album,2010-03-10 00:00:00.0000000,0
2964,A Plea for Me,NULL,compilation,2008-06-15 00:00:00.0000000,0
2965,Word Sound & Power,NULL,album,2013-12-03 00:00:00.0000000,0
2966,Guards,NULL,compilation,2016-02-26 00:00:00.0000000,0
2967,Cow Cow Boogie,NULL,album,2009-06-01 00:00:00.0000000,0
2968,Rafael Kubelik conducts,NULL,album,2005-01-01 00:00:00.0000000,0
2969,My Idea - Live,NULL,compilation,2004-06-01 00:00:00.0000000,0
297,Celestial Blues - The Avener Rework,NULL,album,2015-01-19 00:00:00.0000000,0
2970,Soldado de Cristo,NULL,compilation,2016-06-06 00:00:00.0000000,0
2971,Dolly The Doll,NULL,compilation,2015-02-06 00:00:00.0000000,0
2972,VOID,NULL,single,2014-10-31 00:00:00.0000000,0
2973,Ancient Kingdom,NULL,single,2015-12-21 00:00:00.0000000,0
2974,2019,NULL,album,2019-12-27 00:00:00.0000000,41
2975,Black (feat. Stephany),NULL,compilation,2013-04-05 00:00:00.0000000,0
2976,Bailando el Ayer,NULL,compilation,2013-10-10 00:00:00.0000000,5
2977,Wir zwei,NULL,album,2010-01-29 00:00:00.0000000,0
2978,Tocando Fondo (with Kalimba),NULL,album,2010-10-26 00:00:00.0000000,0
2979,I Only Have Eyes for You (Art Garfunkel Karaoke Tribute) - Karaoke Mix,NULL,album,2012-05-09 00:00:00.0000000,0
298,Sometimes When I Get To Thinking,NULL,album,2006-01-01 00:00:00.0000000,0
2980,The Rift,NULL,single,2020-08-21 00:00:00.0000000,38
2981,Blood Fluff,NULL,single,2016-07-06 00:00:00.0000000,0
2982,Forever Your Girl,NULL,album,1988-01-01 00:00:00.0000000,62
2983,The Christmas Song,NULL,album,2008-07-15 00:00:00.0000000,0
2984,Safe From Harm,NULL,album,2011-08-22 00:00:00.0000000,0
2985,Groove All Mighty,NULL,album,1980-01-01 00:00:00.0000000,0
2986,Don't Tell a Girl,NULL,album,2010-02-26 00:00:00.0000000,0
2987,Airplanes (Made Famous by B.o.B feat. Haley Williams),NULL,album,2010-11-01 00:00:00.0000000,0
2988,Detroit City,NULL,album,2009-09-29 00:00:00.0000000,0
2989,Solitary Shell,NULL,single,2010-11-30 00:00:00.0000000,0
299,"…and God Created Woman, Pt. 1 (From ""…and God Created Woman"")",NULL,compilation,2013-08-17 00:00:00.0000000,0
2990,Still the One - Workout Mix 140 BPM,NULL,album,2017-04-14 00:00:00.0000000,0
2991,Self Control - R.N. Remix,NULL,compilation,2012-07-30 00:00:00.0000000,0
2992,"Say What You Want, Say What You Will",NULL,album,2012-04-28 00:00:00.0000000,0
2993,Finding Floyd,NULL,album,2013-05-25 00:00:00.0000000,0
2994,Sem Ninguém,NULL,single,2017-10-13 00:00:00.0000000,48
2995,Turtle Blues,NULL,album,2010-04-05 00:00:00.0000000,0
2996,Jonathan,NULL,album,2005-06-13 00:00:00.0000000,0
2997,Kama Sutra,NULL,album,2015-11-27 00:00:00.0000000,0
2998,Frost and Fire,NULL,album,2012-01-31 00:00:00.0000000,0
2999,Linda,NULL,compilation,2013-12-03 00:00:00.0000000,0
3,Get What You Take,NULL,album,2017-01-04 00:00:00.0000000,0
30,"Kadile Andala Nadhi - From ""Maa Annayya""",NULL,compilation,2015-07-13 00:00:00.0000000,0
300,Sonidos Tibetanos para Meditar - Cuencos Tibetanos y Musica Asiatica,NULL,album,2015-10-10 00:00:00.0000000,45
3000,PASSION,NULL,album,2020-06-05 00:00:00.0000000,24
3001,"Sinfonie Nr. 2, D-Dur, op. 36: II. Larghetto",NULL,album,1998-09-28 00:00:00.0000000,0
3002,The Evil That Men Do - Live,NULL,album,1993-03-22 00:00:00.0000000,0
3003,Fluid,NULL,album,2008-04-24 00:00:00.0000000,0
3004,Musical Prayer,NULL,album,2016-01-29 00:00:00.0000000,0
3005,The Fox,NULL,album,1957-04-14 00:00:00.0000000,0
3006,Show Love,NULL,album,2014-04-15 00:00:00.0000000,0
3007,Safety Pins,NULL,album,2007-06-18 00:00:00.0000000,0
3008,Time Makes The Tune,NULL,album,2007-07-20 00:00:00.0000000,0
3009,Careless Hands,NULL,compilation,2013-03-01 00:00:00.0000000,0
301,Wish You Were Here,NULL,album,2007-06-19 00:00:00.0000000,0
3010,For the Love of Money,NULL,album,2014-01-10 00:00:00.0000000,0
3011,Mashed Potato Time,NULL,compilation,2011-10-14 00:00:00.0000000,0
3012,Raise the Bar,NULL,album,2013-06-16 00:00:00.0000000,0
3013,Music Without Sound,NULL,album,2016-07-15 00:00:00.0000000,0
3014,"Silent Night, Holy Night",NULL,compilation,2008-01-07 00:00:00.0000000,0
3015,Otra Vez,NULL,album,2010-12-23 00:00:00.0000000,0
3016,Easy for Me,NULL,album,2017-05-26 00:00:00.0000000,0
3017,Verdi,NULL,album,2002-01-01 00:00:00.0000000,0
3018,"Hemma Hos Vol. 1,2,3",NULL,album,2009-11-30 00:00:00.0000000,14
3019,25 ans de succès : kuru yaka,NULL,album,2003-01-01 00:00:00.0000000,3
302,Split Second - Undertow,NULL,album,2007-09-28 00:00:00.0000000,0
3020,Bandera Blanca (feat. Camille y Coral Serrano),NULL,album,2016-11-04 00:00:00.0000000,0
3021,I Love You,NULL,album,1979-01-01 00:00:00.0000000,0
3022,"Piano Sonata #14 In C Sharp Minor, Op. 27/2, ""Moonlight"" - 2. Allegretto",NULL,album,2009-07-01 00:00:00.0000000,0
3023,Midnight Memories,NULL,album,2014-12-02 00:00:00.0000000,0
3024,Safe Tomorrow - Odd Nosdam Remix,NULL,single,2012-07-13 00:00:00.0000000,0
3025,Rhydhun - An Odyssey of Rhythm,NULL,album,2000-09-05 00:00:00.0000000,11
3026,Our First Time,NULL,compilation,2016-10-19 00:00:00.0000000,0
3027,"Le nozze di Figaro, K. 492: ""Susanna!...Signore""",NULL,album,1994-01-01 00:00:00.0000000,0
3028,Ocean 22°E,NULL,album,2006-05-19 00:00:00.0000000,0
3029,Elevated,NULL,album,2016-08-30 00:00:00.0000000,0
303,Trojan Presents: Original Reggae,NULL,compilation,2011-05-24 00:00:00.0000000,0
3030,I'm On,NULL,album,2013-09-10 00:00:00.0000000,0
3031,Fckn Sinedrome,NULL,single,2015-04-10 00:00:00.0000000,0
3032,Mi Gran Amor,NULL,album,1905-06-28 00:00:00.0000000,0
3033,The Jungle Book,NULL,compilation,1997-01-01 00:00:00.0000000,60
3034,Hard as a Rock,NULL,album,2013-05-31 00:00:00.0000000,0
3035,Last Man Standing (Live),NULL,album,2011-10-11 00:00:00.0000000,0
3036,The True Gold,NULL,album,2018-04-06 00:00:00.0000000,19
3037,"Don Quixote, Z. 578, Act 4: Let the dreadful Engines of Eternal Will - Live",NULL,album,2016-06-15 00:00:00.0000000,0
3038,500 Seconds Before Sunset,NULL,album,2015-08-16 00:00:00.0000000,0
3039,Solitary Man,NULL,album,2006-01-01 00:00:00.0000000,0
304,Syowa Koushinkyoku,NULL,album,2015-04-15 00:00:00.0000000,0
3040,Love You Better (Manotett Remix) [feat. Manotett],NULL,single,2016-10-04 00:00:00.0000000,0
3041,Aflame It Is On Fire,NULL,album,2010-08-15 00:00:00.0000000,0
3042,Dina Martina Christmas Special Theme,NULL,album,1999-12-07 00:00:00.0000000,0
3043,Meantime,NULL,album,2016-03-18 00:00:00.0000000,0
3044,National,NULL,single,2011-04-16 00:00:00.0000000,0
3045,Beauty And The Beast,NULL,album,2008-01-01 00:00:00.0000000,0
3046,Skeleton Bones,NULL,album,2015-10-19 00:00:00.0000000,0
3047,K-NOW Interlude #1,NULL,album,2014-08-15 00:00:00.0000000,0
3048,Turn Up the Love - Darwin & Backwall Remix,NULL,single,2013-08-13 00:00:00.0000000,0
3049,Misunderstood,NULL,album,2011-08-16 00:00:00.0000000,0
305,The Water Is Wide,NULL,album,2003-01-01 00:00:00.0000000,0
3050,U.N.I,NULL,album,2010-04-24 00:00:00.0000000,0
3051,We're So Light,NULL,album,2013-06-24 00:00:00.0000000,0
3052,Ramsay,NULL,single,2020-08-05 00:00:00.0000000,52
3053,Kodex,NULL,album,2020-02-07 00:00:00.0000000,38
3054,"Yo Soy del Monte, Compay",NULL,album,1989-01-01 00:00:00.0000000,0
3055,Real Love,NULL,album,2017-04-28 00:00:00.0000000,0
3056,Better Man,NULL,album,2017-08-04 00:00:00.0000000,0
3057,How Deep Is Your Love,NULL,single,2017-06-29 00:00:00.0000000,34
3058,In The Beginning - Original Mix,NULL,single,2014-05-21 00:00:00.0000000,0
3059,Counterfeit Cowboy (Country Instrumental),NULL,compilation,2007-06-06 00:00:00.0000000,0
306,A Little Respect - Live in Nashville,NULL,album,2007-02-12 00:00:00.0000000,0
3060,if We Hit You Right,NULL,album,2011-11-11 00:00:00.0000000,0
3061,VUW,NULL,single,2021-02-12 00:00:00.0000000,25
3062,Si Vuelves Resucito,NULL,album,2017-03-10 00:00:00.0000000,0
3063,J'ai mal au mic,NULL,album,2001-06-05 00:00:00.0000000,0
3064,Super Mario Bros (Main Theme),NULL,album,2014-10-22 00:00:00.0000000,0
3065,Viaticum,NULL,album,2005-01-01 00:00:00.0000000,4
3066,Rid Of Me (P J Harvey Tribute),NULL,album,2011-01-09 00:00:00.0000000,0
3067,Ouragan,NULL,compilation,2013-11-05 00:00:00.0000000,0
3068,Orbithing [ASOT 631] - Chris Schweizer Remix,NULL,album,2013-09-19 00:00:00.0000000,0
3069,H-Town Chronic 19,NULL,album,2016-03-25 00:00:00.0000000,0
307,你的眼神,NULL,album,2015-05-14 00:00:00.0000000,0
3070,First In My Heart,NULL,album,2008-03-03 00:00:00.0000000,0
3071,"All Good Naysayers, Speak Up! Or Forever Hold Your Peace!",NULL,album,2003-01-01 00:00:00.0000000,0
3072,All Through the Night,NULL,album,2013-09-07 00:00:00.0000000,0
3073,Never Felt the Spring,NULL,album,2020-07-03 00:00:00.0000000,4
3074,Tulsi,NULL,album,2015-11-13 00:00:00.0000000,0
3075,When Am I Gonna Lose You,NULL,single,2019-03-08 00:00:00.0000000,0
3076,Baila Mi Tumbao,NULL,single,2015-04-09 00:00:00.0000000,0
3077,Always On My Mind,NULL,album,2015-01-01 00:00:00.0000000,0
3078,Mile Run,NULL,album,2016-09-27 00:00:00.0000000,0
3079,Si Bastasen un Par de Canciones - En Vivo,NULL,album,1998-06-12 00:00:00.0000000,0
308,"Tantum ergo, WAB 42",NULL,album,2001-01-01 00:00:00.0000000,0
3080,Somethin Bout,NULL,album,2015-11-13 00:00:00.0000000,0
3081,And It Didn't Even Bring Me Down,NULL,album,2015-09-02 00:00:00.0000000,0
3082,Полутень клоуна,NULL,album,2008-09-02 00:00:00.0000000,0
3083,Glamour Sound,NULL,album,2011-11-22 00:00:00.0000000,0
3084,Gone,NULL,single,2020-10-22 00:00:00.0000000,68
3085,Now You&apos;re Gone,NULL,compilation,2011-09-23 00:00:00.0000000,0
3086,Desert - Health Club Remix,NULL,single,2016-08-05 00:00:00.0000000,0
3087,Roll That Burden On Me,NULL,album,1998-10-13 00:00:00.0000000,0
3088,Hodu Lashem,NULL,album,2012-09-02 00:00:00.0000000,0
3089,An Evening With Dave Grusin,NULL,album,2011-01-01 00:00:00.0000000,8
309,El Wraith,NULL,album,2002-10-14 00:00:00.0000000,0
3090,Oh Come to the Altar,NULL,album,2017-06-19 00:00:00.0000000,0
3091,Mission Industrial,NULL,album,2017-03-21 00:00:00.0000000,0
3092,More Than You Know,NULL,album,2011-09-07 00:00:00.0000000,0
3093,Something In the Air,NULL,compilation,2010-10-26 00:00:00.0000000,0
3094,Odyssey: The Destroyer of Worlds,NULL,album,2016-06-22 00:00:00.0000000,27
3095,Body Language,NULL,album,2012-11-19 00:00:00.0000000,0
3096,Bughicis Sîrba,NULL,album,2008-07-01 00:00:00.0000000,0
3097,The Cruelest Year,NULL,album,2009-10-01 00:00:00.0000000,0
3098,Yo Vivo Enamorao (Rumba version),NULL,compilation,2010-10-26 00:00:00.0000000,0
3099,"Dead in a Year 2004-2008, Vol. 1",NULL,album,2016-04-26 00:00:00.0000000,0
31,Clouds (Interlude),NULL,album,2001-04-24 00:00:00.0000000,0
310,Season of the Witch - Originally Performed By Donovan,NULL,album,2011-06-14 00:00:00.0000000,0
3100,"Little Girl In Bloom - Rock On Session, 1974",NULL,compilation,2011-01-01 00:00:00.0000000,0
3101,If You're Happy and You Know It,NULL,album,2013-05-07 00:00:00.0000000,0
3102,Carved in Stone,NULL,album,2007-01-01 00:00:00.0000000,0
3103,Lose Me (feat. Ashly J),NULL,album,2015-02-10 00:00:00.0000000,0
3104,Don't Sit Under the Apple Tree (With Anyone Else But Me),NULL,album,2004-01-01 00:00:00.0000000,0
3105,Keep on the Firing Line,NULL,album,2013-11-19 00:00:00.0000000,0
3106,Refresh,NULL,album,2015-10-10 00:00:00.0000000,0
3107,All Heaven Declares,NULL,album,2014-05-09 00:00:00.0000000,0
3108,Time EP,NULL,single,2017-03-03 00:00:00.0000000,13
3109,Folsom Prison Blues,NULL,compilation,2009-11-16 00:00:00.0000000,0
311,Straight Forward,NULL,single,2016-05-06 00:00:00.0000000,0
3110,A Primeira Namorada,NULL,album,2013-01-01 00:00:00.0000000,0
3111,I Want You Back,NULL,single,2009-10-13 00:00:00.0000000,0
3112,Tormenta Sideral,NULL,album,2011-05-29 00:00:00.0000000,0
3113,Playing String,NULL,album,2011-12-13 00:00:00.0000000,0
3114,Unconditional,NULL,single,2017-10-13 00:00:00.0000000,0
3115,"Music For The Royal Fireworks, HWV 351: 3. La paix",NULL,album,1992-01-01 00:00:00.0000000,0
3116,Carnival Party! (20 Fiesta Hits),NULL,compilation,2011-02-01 00:00:00.0000000,2
3117,Costumbre 11 en Vivo,NULL,album,2011-12-01 00:00:00.0000000,38
3118,"Das Wunder der Heliane, Op. 20: Ich ging zu ihm",NULL,album,2012-04-01 00:00:00.0000000,0
3119,Man of Value,NULL,album,2017-06-23 00:00:00.0000000,0
312,Strzelczyk Visits Webster,NULL,album,2015-01-01 00:00:00.0000000,0
3120,My Daddy Told Me,NULL,compilation,2012-06-19 00:00:00.0000000,0
3121,"Alessandro - Opera in 3 Acts, HWV 21 / Act 3: ""D’uom fiero nel soglio si domi l’orgoglio""",NULL,album,2012-01-01 00:00:00.0000000,0
3122,Bears Battle Overture,NULL,compilation,2007-01-01 00:00:00.0000000,0
3123,Soviet Race,NULL,album,2016-10-07 00:00:00.0000000,0
3124,I'm A King,NULL,album,2011-11-29 00:00:00.0000000,0
3125,Dreamcatcher - Mhammed El Alami Remix Extended,NULL,single,2017-02-10 00:00:00.0000000,0
3126,Nightfall,NULL,album,2006-01-01 00:00:00.0000000,0
3127,Otra Noche Caliente,NULL,album,1992-01-01 00:00:00.0000000,35
3128,This Is Me,NULL,single,2017-10-27 00:00:00.0000000,60
3129,Lonely River (Mercury Unissued),NULL,album,2013-06-28 00:00:00.0000000,0
313,Arabian Nights,NULL,album,2012-11-02 00:00:00.0000000,0
3130,Sunday Depression,NULL,album,2010-08-11 00:00:00.0000000,0
3131,Fedi,NULL,album,1998-10-05 00:00:00.0000000,30
3132,Zombie Life,NULL,album,2012-08-07 00:00:00.0000000,0
3133,Keep It Moving,NULL,album,2005-11-02 00:00:00.0000000,0
3134,Ball of Confusion (Temps Reunion Re-Record),NULL,compilation,2017-06-09 00:00:00.0000000,0
3135,Stardust - Instrumental,NULL,album,2002-01-01 00:00:00.0000000,0
3136,Every Day Every Night,NULL,album,2012-03-14 00:00:00.0000000,0
3137,Reggae Vibes Riddim,NULL,album,2015-11-06 00:00:00.0000000,27
3138,Redeemer Savior Friend,NULL,compilation,2013-03-29 00:00:00.0000000,0
3139,Homenajes: No. 2. A Claude Debussy,NULL,album,1995-01-01 00:00:00.0000000,0
314,Respighi: The Pines Of Rome - The Pines Of The Janiculum,NULL,album,2012-02-07 00:00:00.0000000,0
3140,Crazy White Boy,NULL,album,2008-06-02 00:00:00.0000000,0
3141,Testa O Cuore,NULL,album,2013-01-01 00:00:00.0000000,0
3142,Que Es el Jazz?,NULL,album,2011-12-15 00:00:00.0000000,0
3143,White Christmas,NULL,album,2005-12-29 00:00:00.0000000,0
3144,Nafas - Original Mix,NULL,compilation,2015-02-28 00:00:00.0000000,0
3145,La Leyenda del Hombre Azul,NULL,compilation,2009-02-10 00:00:00.0000000,0
3146,Never Be Your Woman,NULL,single,2010-01-01 00:00:00.0000000,0
3147,Blues In My Heart,NULL,album,2007-10-03 00:00:00.0000000,0
3148,Soube Que Me Amava,NULL,album,2016-02-08 00:00:00.0000000,0
3149,Etēqu,NULL,album,2015-10-23 00:00:00.0000000,0
315,Mi Love,NULL,compilation,2014-02-25 00:00:00.0000000,0
3150,Mysterious Caverns,NULL,album,2017-10-13 00:00:00.0000000,0
3151,Steal Your Heart Away (Live),NULL,album,2014-05-16 00:00:00.0000000,0
3152,Halloween Ring Tones- Casper,NULL,album,2010-07-09 00:00:00.0000000,0
3153,Medley: Que Te Deje De Querer; Culpable; Has De Ser Mi Mujer,NULL,album,2004-01-01 00:00:00.0000000,0
3154,Fossil (Verse),NULL,album,1990-01-01 00:00:00.0000000,0
3155,Tu Amor Es Fuego,NULL,album,2015-07-07 00:00:00.0000000,0
3156,What can I give him?,NULL,album,1998-01-01 00:00:00.0000000,0
3157,Under Thoughts,NULL,album,2017-07-20 00:00:00.0000000,0
3158,The Madhouse,NULL,album,1997-01-01 00:00:00.0000000,0
3159,Porque No Soy Yo,NULL,album,2012-12-25 00:00:00.0000000,0
316,El Negro No Puede,NULL,album,2015-10-22 00:00:00.0000000,0
3160,THE FUNKD UP EP,NULL,single,2013-04-01 00:00:00.0000000,0
3161,Everyday People,NULL,compilation,2012-06-21 00:00:00.0000000,0
3162,Touring Is My Life (Live),NULL,album,2008-08-22 00:00:00.0000000,0
3163,"Boss Clear Fanfare (From ""A Link To The Past"")",NULL,compilation,2016-06-08 00:00:00.0000000,0
3164,Rutter: Requiem: III. Pie Jesu,NULL,album,2009-09-07 00:00:00.0000000,0
3165,With A Little Help From My Friends,NULL,album,2006-03-28 00:00:00.0000000,0
3166,If Not You Then Who (with Emelie Hollow),NULL,single,2021-02-19 00:00:00.0000000,43
3167,Applause - Criminal Minds Remix Edit,NULL,compilation,2013-11-29 00:00:00.0000000,0
3168,"The Sleeping Beauty, Op. 66, Act III: No. 27, Pas de caractere - Cinderella and Prince Fortune",NULL,album,2001-01-01 00:00:00.0000000,0
3169,Changeling,NULL,album,2014-04-22 00:00:00.0000000,0
317,Don't Fence Me In,NULL,album,2013-04-24 00:00:00.0000000,0
3170,Key to Your Heart,NULL,compilation,1994-06-29 00:00:00.0000000,0
3171,Snake Bite,NULL,album,2013-12-18 00:00:00.0000000,0
3172,Esta Noche (Instrumental Remix) [feat. Bcn],NULL,album,2016-04-29 00:00:00.0000000,0
3173,Poptimism,NULL,album,2014-07-20 00:00:00.0000000,0
3174,Jingle Bells,NULL,compilation,2008-01-07 00:00:00.0000000,0
3175,"Music, Music, Music",NULL,album,2014-04-15 00:00:00.0000000,0
3176,You Want It All,NULL,album,2007-06-22 00:00:00.0000000,0
3177,Aramızda,NULL,album,2008-09-16 00:00:00.0000000,4
3178,Calling You,NULL,album,2012-12-16 00:00:00.0000000,0
3179,Cortlandt,NULL,album,1999-01-01 00:00:00.0000000,0
318,I Want It That Way - Club Mix,NULL,compilation,2010-01-08 00:00:00.0000000,0
3180,Magulang - Alay Kay Rocky,NULL,album,2007-08-15 00:00:00.0000000,0
3181,Scurvy,NULL,album,2014-09-22 00:00:00.0000000,0
3182,Sex Machine Part I,NULL,album,2010-01-01 00:00:00.0000000,0
3183,Anos Dourados,NULL,album,2006-01-03 00:00:00.0000000,0
3184,Levitate (Like Magic),NULL,album,2016-09-02 00:00:00.0000000,0
3185,About Me,NULL,album,2009-07-23 00:00:00.0000000,0
3186,Only Neon,NULL,album,2013-01-01 00:00:00.0000000,0
3187,El Baile del Ula Ula,NULL,album,2000-01-01 00:00:00.0000000,0
3188,He Gets That From Me (Singalong Version),NULL,album,2010-10-01 00:00:00.0000000,0
3189,Parvati Records Ectobot,NULL,single,2015-05-07 00:00:00.0000000,20
319,Muevelo (As Made Famous by El General),NULL,compilation,2011-08-23 00:00:00.0000000,0
3190,Dreamland (Original Soundtrack Album),NULL,compilation,2016-11-11 00:00:00.0000000,0
3191,"Return and Rebuild the Desolate Places, Op. 213: Andante",NULL,album,2005-11-15 00:00:00.0000000,0
3192,Light It On Fire,NULL,album,2000-01-01 00:00:00.0000000,0
3193,Lako Je Sve,NULL,album,2010-01-01 00:00:00.0000000,15
3194,"Symphony, "" Italian "" , No. 4 in A-Major: I. Allegro vivace",NULL,album,1990-01-01 00:00:00.0000000,0
3195,Настоящая любовь,NULL,album,2014-09-15 00:00:00.0000000,0
3196,Don't Know,NULL,compilation,2009-05-05 00:00:00.0000000,0
3197,We Got the Neutron Bomb,NULL,album,2003-01-01 00:00:00.0000000,0
3198,"Relaxing Music for Dogs - Calm Down Your Animal Companion, Soothing Nature Sounds for Puppies & Cats",NULL,album,2014-12-09 00:00:00.0000000,43
3199,Twice Times,NULL,album,2014-05-29 00:00:00.0000000,0
32,The Best Of Rap Mollucan Labrak,NULL,compilation,2017-10-02 00:00:00.0000000,6
320,Spirit of Peace (A Variation on a Theme By Popul Vuh),NULL,album,2006-01-01 00:00:00.0000000,0
3200,"Petits Mensonges (Paris, December 13, 1940) [Live]",NULL,album,2013-03-25 00:00:00.0000000,0
3201,Car Door Closing,NULL,album,2010-08-17 00:00:00.0000000,0
3202,Pink Poodle Parade (Piano Version) - Console,NULL,album,2015-01-12 00:00:00.0000000,0
3203,Melczop 2,NULL,album,2016-02-01 00:00:00.0000000,0
3204,Acerkate,NULL,album,2007-01-23 00:00:00.0000000,0
3205,Strange Happenings,NULL,compilation,2010-12-01 00:00:00.0000000,0
3206,Bust Out,NULL,compilation,2009-06-01 00:00:00.0000000,0
3207,Little Blue Planet,NULL,album,2010-11-30 00:00:00.0000000,0
3208,"Double Room (From ""Sherlock"") - Halloween Party Mix",NULL,album,2012-10-04 00:00:00.0000000,0
3209,Santa Barbara,NULL,compilation,2009-10-01 00:00:00.0000000,0
321,Paper Birds,NULL,album,2017-02-10 00:00:00.0000000,4
3210,Vater Unser Im Himmelreich Bwv 416,NULL,album,2007-03-28 00:00:00.0000000,0
3211,Mbowdi - feat. Zoumana Tereta,NULL,album,2007-03-09 00:00:00.0000000,0
3212,Silent Love,NULL,compilation,2014-07-15 00:00:00.0000000,0
3213,Parents Never Understand,NULL,album,1976-01-01 00:00:00.0000000,0
3214,Music from Woody Allen Films,NULL,compilation,2012-05-01 00:00:00.0000000,0
3215,Moon Ray,NULL,compilation,1998-01-01 00:00:00.0000000,0
3216,Keep The Fire Burning,NULL,album,2009-05-24 00:00:00.0000000,0
3217,Enoda Vandiyila (feat. Balan Kashmir & Steve Cliff),NULL,album,2012-09-26 00:00:00.0000000,0
3218,No la Beses - En Vivo,NULL,album,2012-09-01 00:00:00.0000000,0
3219,Jingo,NULL,compilation,2011-01-01 00:00:00.0000000,0
322,Scary Farts 7,NULL,album,2008-07-25 00:00:00.0000000,0
3220,Confrontation - Dave Goodman Sessions,NULL,compilation,2001-03-20 00:00:00.0000000,0
3221,Faith Will Always Rise,NULL,album,2015-05-19 00:00:00.0000000,0
3222,El Plantado En La Iglesia,NULL,album,2012-01-01 00:00:00.0000000,0
3223,Anime Tales,NULL,compilation,2015-03-21 00:00:00.0000000,23
3224,Disco Days,NULL,album,1996-10-01 00:00:00.0000000,0
3225,Cuando Sale a Bailar,NULL,album,2016-11-04 00:00:00.0000000,0
3226,Carousel,NULL,album,2013-10-08 00:00:00.0000000,0
3227,Oh The Joy Of Christmas,NULL,album,2013-11-05 00:00:00.0000000,0
3228,Gotta Know,NULL,album,2016-08-29 00:00:00.0000000,0
3229,Elixir,NULL,album,2005-10-24 00:00:00.0000000,23
323,Waiting For Joey,NULL,compilation,2006-10-01 00:00:00.0000000,0
3230,Los Santos,NULL,single,2014-11-24 00:00:00.0000000,0
3231,70s & 80s Greatest Hits on Guitar,NULL,album,2016-09-02 00:00:00.0000000,22
3232,Reverberation - Doubt,NULL,compilation,2010-06-07 00:00:00.0000000,0
3233,Witchy Shortie,NULL,album,2008-06-06 00:00:00.0000000,0
3234,Tzarich Letzaltzel Pa' Amayim,NULL,compilation,2014-05-01 00:00:00.0000000,0
3235,World Masters: The Jodler Grind,NULL,compilation,2005-11-21 00:00:00.0000000,0
3236,Hold a Vibes - Single,NULL,single,2016-12-16 00:00:00.0000000,0
3237,Lush Life,NULL,album,2001-01-01 00:00:00.0000000,0
3238,This Is the Way We Laugh and Play - Instrumental,NULL,album,2017-08-16 00:00:00.0000000,0
3239,Shoot Me Down,NULL,album,2003-01-01 00:00:00.0000000,0
324,Revolution - Future Frequencies Radio Edit,NULL,album,2016-01-29 00:00:00.0000000,0
3240,The Road to Dharma,NULL,album,2006-04-07 00:00:00.0000000,0
3241,Voy Caminando,NULL,album,1996-01-01 00:00:00.0000000,0
3242,Bebouwde Kom,NULL,single,2020-08-12 00:00:00.0000000,18
3243,Do You Know Why,NULL,album,2010-12-09 00:00:00.0000000,0
3244,Even If The Train Comes Back,NULL,single,2018-06-28 00:00:00.0000000,0
3245,All I Know,NULL,album,2012-09-18 00:00:00.0000000,0
3246,Waiting,NULL,album,2002-06-01 00:00:00.0000000,0
3247,Les Sylphides (orch. R. Douglas): VIII. Waltz (Op. 18),NULL,album,2010-08-01 00:00:00.0000000,0
3248,Cosmic Outro,NULL,album,2003-11-24 00:00:00.0000000,0
3249,La Llamada De Mi Ex,NULL,compilation,2017-01-27 00:00:00.0000000,0
325,A Fool Is a One Man Show,NULL,album,1997-04-16 00:00:00.0000000,0
3250,Tab Tab Al Awan,NULL,album,2008-09-02 00:00:00.0000000,0
3251,We Gonna Be Alright,NULL,album,2006-01-01 00:00:00.0000000,0
3252,Khamsin,NULL,album,2014-10-24 00:00:00.0000000,0
3253,"In the Battle of Sun Vs. Curtains, Sun Loses and We Sleep Until Noon",NULL,album,2009-02-03 00:00:00.0000000,0
3254,Jessica,NULL,album,1976-01-01 00:00:00.0000000,0
3255,Dolor y Amor,NULL,album,2007-05-05 00:00:00.0000000,0
3256,Sugarbush,NULL,compilation,2010-03-29 00:00:00.0000000,0
3257,Green Roses,NULL,album,2008-01-01 00:00:00.0000000,0
3258,No Mean City,NULL,album,1979-01-01 00:00:00.0000000,35
3259,I Forget Myself (feat. Darlingside),NULL,single,2020-04-03 00:00:00.0000000,57
326,Komodo - Tung Edit,NULL,album,2013-03-25 00:00:00.0000000,0
3260,"Que Nieve, Que Nieve, Que Nieve",NULL,album,2012-12-07 00:00:00.0000000,0
3261,Schubert - Sérénade,NULL,album,2000-01-01 00:00:00.0000000,0
3262,Never Work,NULL,album,2020-05-01 00:00:00.0000000,14
3263,Loud Music,NULL,album,2012-01-01 00:00:00.0000000,0
3264,Halifax Tide,NULL,album,1998-01-01 00:00:00.0000000,0
3265,Je ne suis pas un héros,NULL,compilation,2007-06-05 00:00:00.0000000,0
3266,No Kinda Man (Body Language Exclusive Track),NULL,single,2008-03-26 00:00:00.0000000,6
3267,Black Supreme,NULL,album,2015-03-31 00:00:00.0000000,0
3268,Where's Warhol?,NULL,album,2017-09-06 00:00:00.0000000,0
3269,A Collection of Xinobi Dance Songs,NULL,album,2020-06-12 00:00:00.0000000,36
327,Rain God,NULL,single,2012-05-19 00:00:00.0000000,0
3270,I Am in Love,NULL,compilation,2011-12-07 00:00:00.0000000,0
3271,如果可以再見你 - Instrumental,NULL,album,2000-12-20 00:00:00.0000000,0
3272,Braaap,NULL,single,2017-05-20 00:00:00.0000000,0
3273,Feel Devotion - Original Mix,NULL,compilation,2010-04-05 00:00:00.0000000,0
3274,Grey Goose - Remastered 2003,NULL,album,1990-01-01 00:00:00.0000000,0
3275,Microcosm,NULL,album,2013-05-31 00:00:00.0000000,0
3276,Merry Go Round (Cover),NULL,album,2013-03-08 00:00:00.0000000,0
3277,Directrix,NULL,album,2000-02-14 00:00:00.0000000,0
3278,State Of Mind,NULL,single,2017-12-01 00:00:00.0000000,2
3279,Gazing at Taurus - Santa Eulalia,NULL,single,2021-02-03 00:00:00.0000000,51
328,Gia il sole dal Gange,NULL,album,2012-06-09 00:00:00.0000000,0
3280,Poem: The Dream - BBC Live In Concert 17/12/69,NULL,album,2007-01-01 00:00:00.0000000,0
3281,Crazy Foxy,NULL,album,2013-07-16 00:00:00.0000000,0
3282,Yo Flambeaux!,NULL,album,2014-10-14 00:00:00.0000000,0
3283,Skuggsjá,NULL,album,2016-03-10 00:00:00.0000000,42
3284,Zomer,NULL,compilation,2011-01-01 00:00:00.0000000,0
3285,Broken Windows,NULL,album,2014-09-10 00:00:00.0000000,0
3286,Popular - Karaoke Instrumental Version (From Wicked),NULL,album,2011-08-22 00:00:00.0000000,0
3287,Tasty,NULL,album,2003-12-05 00:00:00.0000000,67
3288,O Little Town of Bethlehem (Arr. Ralph Vaughan Williams and Thomas Armstrong),NULL,album,2015-09-04 00:00:00.0000000,0
3289,SDH,NULL,album,2014-03-25 00:00:00.0000000,0
329,Marble Madness,NULL,album,2016-11-07 00:00:00.0000000,0
3290,I Love to Tell the Story,NULL,compilation,2013-08-05 00:00:00.0000000,0
3291,Destroyer's the Temple,NULL,album,2000-01-01 00:00:00.0000000,0
3292,Caminito,NULL,album,2009-10-02 00:00:00.0000000,0
3293,Last Night a Dj Saved My Life,NULL,album,2014-11-19 00:00:00.0000000,0
3294,Across The Alley From the Alamo,NULL,compilation,2005-01-01 00:00:00.0000000,0
3295,Whether or Not,NULL,album,2010-06-11 00:00:00.0000000,0
3296,Besuch beim Stolletz Karl,NULL,compilation,2008-12-29 00:00:00.0000000,0
3297,Un Amor Se Salvará,NULL,compilation,2009-01-01 00:00:00.0000000,0
3298,Afrique adieu,NULL,album,1982-01-01 00:00:00.0000000,0
3299,Jawa - Club Mix,NULL,album,2012-11-30 00:00:00.0000000,0
33,Casey Tibbs - Live,NULL,album,2002-01-01 00:00:00.0000000,0
330,Sender Karlshorst,NULL,album,2010-05-14 00:00:00.0000000,12
3300,I Won't Be Back No More,NULL,album,2016-06-03 00:00:00.0000000,0
3301,Midnight Marauders (Live),NULL,album,2014-10-13 00:00:00.0000000,0
3302,Coffin,NULL,single,2020-10-23 00:00:00.0000000,58
3303,Anatomy of a Murder,NULL,compilation,1999-02-22 00:00:00.0000000,0
3304,No Te Quites la Ropa,NULL,compilation,2014-11-28 00:00:00.0000000,0
3305,I Thank You - Re-Recording,NULL,compilation,2009-09-30 00:00:00.0000000,0
3306,How She Wishes,NULL,album,2009-09-15 00:00:00.0000000,0
3307,He's a Flirt,NULL,compilation,2001-01-01 00:00:00.0000000,0
3308,75 at 75,NULL,album,2015-09-18 00:00:00.0000000,26
3309,Connected,NULL,single,2017-05-29 00:00:00.0000000,7
331,Night Train,NULL,album,1963-01-01 00:00:00.0000000,0
3310,Fashion Meetings,NULL,compilation,2014-04-29 00:00:00.0000000,0
3311,Hugo (DJ-Kicks) - Mixed,NULL,album,2014-02-24 00:00:00.0000000,0
3312,Beat Organ - Original Mix,NULL,compilation,2014-08-18 00:00:00.0000000,0
3313,Winter Wonderland,NULL,album,2000-10-01 00:00:00.0000000,0
3314,Keeping Pace,NULL,album,2010-01-01 00:00:00.0000000,0
3315,Spectral Chop,NULL,album,2016-10-14 00:00:00.0000000,0
3316,Songs from the Hill Folk,NULL,album,2004-11-01 00:00:00.0000000,0
3317,Saratoga,NULL,album,2011-12-15 00:00:00.0000000,0
3318,Amor Añejo,NULL,album,2004-05-01 00:00:00.0000000,0
3319,City Of God,NULL,album,2005-01-01 00:00:00.0000000,0
332,All The Way,NULL,album,1997-01-01 00:00:00.0000000,0
3320,Killer Joe,NULL,album,2015-08-04 00:00:00.0000000,0
3321,Dressed Up As Life,NULL,album,2007-01-01 00:00:00.0000000,53
3322,Halloween Party (Instrumental),NULL,album,2016-04-18 00:00:00.0000000,0
3323,Skit 2,NULL,album,2015-01-20 00:00:00.0000000,0
3324,You're Not Ready (Radio Edit),NULL,album,2015-02-06 00:00:00.0000000,0
3325,Iddint,NULL,compilation,2012-01-01 00:00:00.0000000,0
3326,Song for Johnny Hodges,NULL,compilation,2006-06-02 00:00:00.0000000,0
3327,Hay Amores,NULL,album,2008-09-02 00:00:00.0000000,0
3328,In Your Room,NULL,compilation,2015-08-25 00:00:00.0000000,0
3329,Autoban Riddim,NULL,compilation,2015-02-10 00:00:00.0000000,1
333,Les vers de terre,NULL,album,2015-10-23 00:00:00.0000000,0
3330,Try So Hard,NULL,single,2014-01-25 00:00:00.0000000,0
3331,The Future,NULL,album,2003-05-06 00:00:00.0000000,0
3332,Blue As I Can Be,NULL,album,2007-01-01 00:00:00.0000000,0
3333,Bas Les Pattes,NULL,compilation,2012-05-18 00:00:00.0000000,0
3334,Dying To Live,NULL,album,2013-11-05 00:00:00.0000000,0
3335,For Lenny's Own Pleasure,NULL,album,2005-01-01 00:00:00.0000000,0
3336,Cybernetic - Original Mix,NULL,album,2009-05-11 00:00:00.0000000,0
3337,Aşklarım Büyük Benden,NULL,album,2011-05-05 00:00:00.0000000,49
3338,Apotheose,NULL,album,2011-01-01 00:00:00.0000000,0
3339,Hatchet Warrior,NULL,album,2015-04-01 00:00:00.0000000,33
334,The Heart is a Canyon,NULL,album,2013-05-19 00:00:00.0000000,0
3340,"Handel: 12 Solo Sonatas, Op. 1",NULL,album,2009-05-12 00:00:00.0000000,11
3341,I Like You Better When You're Not Around,NULL,album,2008-10-18 00:00:00.0000000,0
3342,"Touch Me (All Night Long) - 7"" Mix",NULL,compilation,2006-01-01 00:00:00.0000000,0
3343,The New Generation,NULL,single,2017-10-17 00:00:00.0000000,31
3344,Poor Butterfly - Remastered 2002 - Alternate Take,NULL,album,2002-09-02 00:00:00.0000000,0
3345,Lonely Road (La Dooda Remix),NULL,compilation,2014-01-16 00:00:00.0000000,0
3346,Never Asked for It - EP,NULL,single,2018-08-30 00:00:00.0000000,0
3347,Don't You Know,NULL,album,2015-08-07 00:00:00.0000000,0
3348,Wasted / Rockin That Thang,NULL,compilation,2010-01-07 00:00:00.0000000,0
3349,Le nuage,NULL,album,2017-05-19 00:00:00.0000000,0
335,The Other Side,NULL,album,2003-01-01 00:00:00.0000000,0
3350,"Violin Concerto in F Major, RV 293 ""L'Autunno"" (Arr. for Piano): II. Allegro molto",NULL,album,2017-02-03 00:00:00.0000000,0
3351,Hard Work and Horseplay - 1992 Remastered,NULL,album,1992-08-11 00:00:00.0000000,0
3352,City Strut,NULL,album,2011-01-31 00:00:00.0000000,0
3353,Shades of Burgundy,NULL,album,2006-01-01 00:00:00.0000000,0
3354,Frontier,NULL,album,2016-08-05 00:00:00.0000000,15
3355,เฟี้ยวป่ะล่ะ,NULL,single,2019-09-27 00:00:00.0000000,17
3356,Surf (Salsa y Fiesta Latina),NULL,album,2011-10-17 00:00:00.0000000,0
3357,Girl of My Dreams,NULL,compilation,2011-06-02 00:00:00.0000000,0
3358,Teardrop Guitar,NULL,album,2013-01-01 00:00:00.0000000,0
3359,Fast Dream,NULL,compilation,2010-10-14 00:00:00.0000000,0
336,Want You Gone (Live 2014),NULL,album,2014-10-20 00:00:00.0000000,0
3360,"Orquesta Ritmo Oriental, Vol. 3",NULL,album,2014-02-04 00:00:00.0000000,0
3361,Don't Mess With The S.S.,NULL,album,2010-10-01 00:00:00.0000000,0
3362,When Worlds Collide,NULL,album,2009-03-30 00:00:00.0000000,9
3363,What a Night,NULL,album,2011-10-03 00:00:00.0000000,0
3364,Hot Mess,NULL,album,2014-03-25 00:00:00.0000000,0
3365,Miroirs : La vallee des cloches,NULL,album,2008-01-01 00:00:00.0000000,0
3366,Tailfeather (Intro),NULL,album,2015-08-21 00:00:00.0000000,0
3367,Le Saboteur,NULL,album,2011-02-08 00:00:00.0000000,0
3368,Confidência,NULL,album,2013-04-29 00:00:00.0000000,14
3369,Constellations,NULL,single,2015-09-14 00:00:00.0000000,0
337,Makin' Whoopie,NULL,album,2007-01-01 00:00:00.0000000,0
3370,For the Masses,NULL,album,2005-01-01 00:00:00.0000000,0
3371,Limelight - Live,NULL,album,2013-01-01 00:00:00.0000000,0
3372,III. Poco allegretto,NULL,compilation,2013-08-27 00:00:00.0000000,0
3373,Signal Sessions,NULL,single,2017-02-06 00:00:00.0000000,0
3374,Aditzen labirintoa,NULL,album,1998-08-01 00:00:00.0000000,0
3375,Interlude voyeur,NULL,album,2008-11-10 00:00:00.0000000,0
3376,Changes,NULL,album,1992-01-01 00:00:00.0000000,0
3377,Pistol Packin' Mama (From Radio Days),NULL,compilation,2011-03-27 00:00:00.0000000,0
3378,Leave it There,NULL,album,1998-10-20 00:00:00.0000000,0
3379,Sneg,NULL,album,2010-02-23 00:00:00.0000000,0
338,Maslenitsa,NULL,album,2014-08-01 00:00:00.0000000,0
3380,Mazes,NULL,single,2019-03-21 00:00:00.0000000,32
3381,Hall/Hugh's Noir,NULL,album,2007-12-21 00:00:00.0000000,0
3382,Die Todgeweihten Grüßen Euch,NULL,album,2007-02-25 00:00:00.0000000,16
3383,Boss Jack,NULL,compilation,1958-01-01 00:00:00.0000000,0
3384,Let My Jesus Lead You,NULL,album,2006-01-01 00:00:00.0000000,0
3385,February Rain,NULL,album,2015-07-28 00:00:00.0000000,0
3386,Женские глаза,NULL,album,1992-01-01 00:00:00.0000000,0
3387,Haunted Organ,NULL,album,2012-10-09 00:00:00.0000000,0
3388,Chili Peppers - Remastered,NULL,album,1968-01-01 00:00:00.0000000,0
3389,Sensual Morning,NULL,album,2008-01-01 00:00:00.0000000,0
339,Shades Of Phil (For Phil Ranelin),NULL,album,2010-01-01 00:00:00.0000000,0
3390,Stash,NULL,album,1997-01-01 00:00:00.0000000,0
3391,So Fly,NULL,album,2013-02-14 00:00:00.0000000,0
3392,Initiate,NULL,album,2015-01-30 00:00:00.0000000,0
3393,Mr Sayda Best,NULL,single,2020-06-09 00:00:00.0000000,17
3394,Knoxville Rag (with Etta Baker) - Live,NULL,album,2006-12-11 00:00:00.0000000,0
3395,Chante... comme si tu devais mourir,NULL,album,2013-04-30 00:00:00.0000000,0
3396,Rebel Beats (Acoustic),NULL,album,2016-06-14 00:00:00.0000000,0
3397,Far Away,NULL,album,1996-01-01 00:00:00.0000000,0
3398,Hello Mama (Chosen Few Remix),NULL,album,2008-06-25 00:00:00.0000000,0
3399,Simmering Tension in the East,NULL,compilation,2016-01-19 00:00:00.0000000,0
34,Good Love,NULL,compilation,2013-07-05 00:00:00.0000000,0
340,I'm On Fire,NULL,album,2007-01-01 00:00:00.0000000,0
3400,The Warm Red Wine,NULL,album,2006-01-01 00:00:00.0000000,0
3401,Leather from Tuscany - Instrumental,NULL,album,2017-03-10 00:00:00.0000000,0
3402,Romanzo,NULL,album,1976-01-02 00:00:00.0000000,0
3403,Tiimmy Turner,NULL,single,2016-07-22 00:00:00.0000000,64
3404,So Much Betta,NULL,album,2008-01-01 00:00:00.0000000,0
3405,We've Come a Long Way to Be Together,NULL,album,1997-01-21 00:00:00.0000000,0
3406,Let Me Be President,NULL,album,2013-11-13 00:00:00.0000000,0
3407,When I'm With You,NULL,album,2008-01-14 00:00:00.0000000,0
3408,You Are For Me,NULL,album,2009-11-22 00:00:00.0000000,0
3409,Time,NULL,album,1999-01-01 00:00:00.0000000,0
341,Pearls of Passion,NULL,album,1986-01-01 00:00:00.0000000,18
3410,Whos Next,NULL,compilation,2006-02-11 00:00:00.0000000,0
3411,Dream Line,NULL,album,2012-01-17 00:00:00.0000000,16
3412,"Piano Sonata in D Major, D 850, Op. 53: I.",NULL,album,2013-04-08 00:00:00.0000000,0
3413,Knee Deep,NULL,album,2015-01-30 00:00:00.0000000,0
3414,Rapid Rotation,NULL,album,2017-01-02 00:00:00.0000000,0
3415,Can't Be Young Forever,NULL,album,2015-12-11 00:00:00.0000000,0
3416,No Hace Falta Que Lo Digas,NULL,album,2002-01-01 00:00:00.0000000,0
3417,Let Me Touch,NULL,album,2017-10-13 00:00:00.0000000,0
3418,Crazier Everyday,NULL,album,1985-03-10 00:00:00.0000000,0
3419,Chavo Banda,NULL,album,2014-09-03 00:00:00.0000000,0
342,Mingtian DE Haizi,NULL,album,1999-04-06 00:00:00.0000000,0
3420,Do That Again,NULL,compilation,2005-06-20 00:00:00.0000000,0
3421,"Ах, эти ночи",NULL,album,1983-01-01 00:00:00.0000000,0
3422,Love Theme From 'Romeo And Juliet',NULL,album,2008-04-01 00:00:00.0000000,0
3423,葬艶-FUNERAL-,NULL,album,2020-09-16 00:00:00.0000000,27
3424,Hoah!,NULL,album,2015-12-21 00:00:00.0000000,0
3425,Jezebel,NULL,album,2015-11-10 00:00:00.0000000,0
3426,Proof (Foreign Fields Remix),NULL,album,2017-03-03 00:00:00.0000000,0
3427,Favourite Colour Blue (2),NULL,album,2009-05-11 00:00:00.0000000,0
3428,I.N.S.,NULL,album,1998-01-01 00:00:00.0000000,0
3429,Coming Back,NULL,compilation,2017-05-08 00:00:00.0000000,0
343,Our Love Is Here To Stay,NULL,album,2006-05-23 00:00:00.0000000,1
3430,Hitorinbo Envy,NULL,compilation,2013-01-01 00:00:00.0000000,0
3431,Todeswunsch - Sous le soleil de Saturne,NULL,album,1995-01-01 00:00:00.0000000,16
3432,Get it On,NULL,album,2015-06-30 00:00:00.0000000,0
3433,Maybe I Could Hold You,NULL,album,2015-05-22 00:00:00.0000000,0
3434,Say It,NULL,album,2016-04-26 00:00:00.0000000,0
3435,I Love You,NULL,album,2014-02-14 00:00:00.0000000,0
3436,Can't Stop,NULL,album,2016-05-06 00:00:00.0000000,0
3437,Banstead,NULL,album,2006-01-01 00:00:00.0000000,0
3438,3 Apuntes: I De el 'Homenaje a Falla',NULL,album,1997-09-09 00:00:00.0000000,0
3439,George Russell Presents The Esoteric Circle,NULL,album,2014-09-29 00:00:00.0000000,0
344,City of the Sun,NULL,album,2020-06-26 00:00:00.0000000,50
3440,Eine rose für sie,NULL,album,2014-04-25 00:00:00.0000000,0
3441,Life - Agei Mix,NULL,compilation,2013-07-26 00:00:00.0000000,0
3442,"Prelude, Op. 23, No. 3",NULL,album,2015-05-21 00:00:00.0000000,0
3443,Cada Domingo a las 12 (Live),NULL,album,2012-12-05 00:00:00.0000000,0
3444,Apéritif,NULL,album,2010-06-04 00:00:00.0000000,0
3445,Abandon in the Amber,NULL,album,2003-01-01 00:00:00.0000000,1
3446,Brahms: Sonata Op. 120/1 - Vivace,NULL,album,2009-07-24 00:00:00.0000000,0
3447,"Spinach Jam - Live at Hartford Civic Center, October 14, 1983",NULL,album,1996-01-01 00:00:00.0000000,0
3448,Heartache Tonight,NULL,album,2014-06-20 00:00:00.0000000,0
3449,Louisiana Story - Suite: Pastoral : The bayou and the marsh buggy,NULL,album,2005-11-10 00:00:00.0000000,0
345,Between Halloweens,NULL,album,2008-03-18 00:00:00.0000000,0
3450,Branque,NULL,single,2020-12-18 00:00:00.0000000,13
3451,Someone Like You (Instrumental Version),NULL,album,2011-11-01 00:00:00.0000000,0
3452,The Wilderness,NULL,album,2011-11-22 00:00:00.0000000,0
3453,When He Is Away,NULL,album,2016-01-30 00:00:00.0000000,0
3454,"""BBF"" Hosted By DJ Escrow",NULL,album,2016-04-01 00:00:00.0000000,31
3455,REi #2 ~HANEDA INTERNATIONAL MUSIC FESTIVAL Presents~,NULL,album,2018-10-31 00:00:00.0000000,30
3456,America The Beautiful,NULL,album,2003-01-01 00:00:00.0000000,0
3457,White Nile,NULL,album,1989-01-01 00:00:00.0000000,0
3458,Lieven Tavernier: Geen Kwaje Vrienden,NULL,compilation,2015-12-05 00:00:00.0000000,7
3459,Que Quieren Bailar,NULL,album,2016-06-27 00:00:00.0000000,0
346,"Santa Fe, New Mexico",NULL,album,2016-04-18 00:00:00.0000000,0
3460,Manic Bloom EP,NULL,single,2008-05-27 00:00:00.0000000,37
3461,Seven Views Of Jerusalem,NULL,album,1981-01-01 00:00:00.0000000,0
3462,Roundabout,NULL,album,2017-10-13 00:00:00.0000000,0
3463,Buds Won't Bud,NULL,compilation,2009-04-01 00:00:00.0000000,0
3464,Banger - Idiotproof and Eats Everything Remix,NULL,compilation,2013-01-01 00:00:00.0000000,0
3465,Today,NULL,album,2001-02-12 00:00:00.0000000,0
3466,Tus Besos,NULL,compilation,2007-08-30 00:00:00.0000000,0
3467,Mean Black Moan,NULL,album,2001-01-01 00:00:00.0000000,0
3468,Anything Near Conviction,NULL,album,2016-04-29 00:00:00.0000000,0
3469,"Apology Accepted - Live From U4,Vienna,Austria/1987",NULL,compilation,2012-01-01 00:00:00.0000000,0
347,Possibilities,NULL,album,1995-01-01 00:00:00.0000000,0
3470,A Lovely Day - Jean Maxwell Short Edit,NULL,single,2007-06-01 00:00:00.0000000,0
3471,Zero One Zero,NULL,album,2001-01-01 00:00:00.0000000,0
3472,Psalm 117,NULL,album,2013-01-01 00:00:00.0000000,0
3473,A la Primera Persona,NULL,compilation,2013-11-18 00:00:00.0000000,0
3474,Here And Now,NULL,album,1996-01-01 00:00:00.0000000,12
3475,You're My Praise,NULL,album,2011-11-29 00:00:00.0000000,0
3476,Badan Pe Sitare Lapete Huye,NULL,album,2008-01-01 00:00:00.0000000,0
3477,My Man (Version 2) [Live],NULL,compilation,2013-06-10 00:00:00.0000000,0
3478,El Chivo,NULL,compilation,1999-01-01 00:00:00.0000000,0
3479,La Chelas,NULL,album,2016-08-26 00:00:00.0000000,0
348,I Am Thine O Lord,NULL,album,2014-10-21 00:00:00.0000000,0
3480,Shine On Harvest Moon,NULL,compilation,1960-01-01 00:00:00.0000000,0
3481,Volver a Empezar,NULL,album,2013-12-24 00:00:00.0000000,0
3482,Whatever It Is - Extended Version,NULL,album,2008-11-21 00:00:00.0000000,0
3483,I Can't Wait (Until They Turn My Baby Loose),NULL,album,2013-02-19 00:00:00.0000000,0
3484,Splitting Hairs,NULL,album,2015-12-02 00:00:00.0000000,0
3485,Bombas Mosaico 4: Dejar de Amarte / Sentado en un Bar / Volver a Empezar,NULL,album,2015-01-08 00:00:00.0000000,0
3486,Frontiera,NULL,album,2006-10-15 00:00:00.0000000,0
3487,Haydn: Keyboard Concertos (Performed on Accordion),NULL,album,2017-03-17 00:00:00.0000000,30
3488,Own It Already,NULL,album,2013-02-15 00:00:00.0000000,0
3489,O Holy Night,NULL,compilation,2015-12-04 00:00:00.0000000,0
349,High Energy Protons,NULL,album,1993-01-01 00:00:00.0000000,0
3490,Fanatic Heart,NULL,album,1991-02-01 00:00:00.0000000,0
3491,Com'è bello fa' l'amore quanno è sera,NULL,album,2013-07-24 00:00:00.0000000,0
3492,Hold Me (Pat Lok),NULL,single,2015-01-20 00:00:00.0000000,0
3493,Moral läuft nach Profit (Der Wutbürger Song),NULL,compilation,2015-03-06 00:00:00.0000000,0
3494,Let's Dance,NULL,album,2011-10-10 00:00:00.0000000,0
3495,Interview 4,NULL,album,2004-10-26 00:00:00.0000000,0
3496,How to Let Go,NULL,compilation,2015-09-10 00:00:00.0000000,0
3497,Cloudy Eyes / Outer Otherness,NULL,single,2017-03-15 00:00:00.0000000,2
3498,Brazilian Flower,NULL,album,2013-07-01 00:00:00.0000000,0
3499,La Comida,NULL,album,2002-10-25 00:00:00.0000000,0
35,"Thunderstorm for Relaxing Sleep, Pt. 11",NULL,album,2016-01-12 00:00:00.0000000,0
350,Vecher,NULL,album,2013-05-02 00:00:00.0000000,0
3500,Prelude No. 5,NULL,album,2014-02-21 00:00:00.0000000,0
3501,Be Still My Soul,NULL,album,1968-01-01 00:00:00.0000000,0
3502,In the Air,NULL,album,2007-01-01 00:00:00.0000000,0
3503,Waiting For You To Wake,NULL,album,2012-08-12 00:00:00.0000000,0
3504,Mulata Colombianera,NULL,compilation,2015-04-20 00:00:00.0000000,0
3505,Jazz Me Blues (Live),NULL,album,2015-08-14 00:00:00.0000000,0
3506,Fairies Wear Boots - Instrumental,NULL,album,1970-09-18 00:00:00.0000000,0
3507,Hear Me Now,NULL,album,2001-08-27 00:00:00.0000000,0
3508,Rejoice (feat. Rouge Mary) [Remixes],NULL,single,2017-10-12 00:00:00.0000000,3
3509,Heaven for Everyone,NULL,album,2014-03-18 00:00:00.0000000,0
351,Se Va,NULL,album,2003-09-11 00:00:00.0000000,0
3510,Tree of Life,NULL,album,2016-09-30 00:00:00.0000000,0
3511,火花,NULL,album,2001-01-01 00:00:00.0000000,0
3512,Hatelefon,NULL,album,1997-01-01 00:00:00.0000000,0
3513,Whooaa,NULL,album,2004-01-01 00:00:00.0000000,0
3514,La Chica Que Esperaba la Primavera,NULL,album,2016-02-29 00:00:00.0000000,0
3515,Dame de Tu Fruto,NULL,album,2008-01-30 00:00:00.0000000,0
3516,Hold Me Down - Depthide Remix,NULL,compilation,2012-12-03 00:00:00.0000000,0
3517,un soir,NULL,album,2005-02-08 00:00:00.0000000,9
3518,"Alouba, Alouba, Nous Mare-o",NULL,album,2009-11-17 00:00:00.0000000,0
3519,Background Halloween Music,NULL,album,2012-09-15 00:00:00.0000000,0
352,Funk-Lude,NULL,album,2016-02-12 00:00:00.0000000,0
3520,"Theme (From ""Peter Pan"")",NULL,album,2013-12-17 00:00:00.0000000,0
3521,7even - Adam Ellis Remix,NULL,single,2013-10-14 00:00:00.0000000,0
3522,"Moses und Aron, Act I: Scene III - Moses und Aron verkünden dem Volk die Botschaft Gottes ""Ich hab ihn gesehen""",NULL,album,1977-01-01 00:00:00.0000000,0
3523,Fiesta,NULL,compilation,2016-12-08 00:00:00.0000000,0
3524,"Cafe Dubai, a Trip Into Sunset Lounge (The Best in Chill Out and Dessert Feelings)",NULL,compilation,2012-03-23 00:00:00.0000000,7
3525,Despedida,NULL,compilation,2002-01-01 00:00:00.0000000,0
3526,Treasure Bath,NULL,album,2009-10-20 00:00:00.0000000,0
3527,Isn't It Romantic,NULL,album,2011-02-03 00:00:00.0000000,0
3528,Paradise,NULL,album,1992-01-01 00:00:00.0000000,0
3529,People Talk,NULL,album,2013-11-25 00:00:00.0000000,0
353,"Match of the Day Theme (From ""M.O.T.D."")",NULL,album,2014-11-09 00:00:00.0000000,0
3530,Turning Time Around,NULL,album,2000-01-01 00:00:00.0000000,0
3531,One Last Cry Before I Say...,NULL,album,2007-01-01 00:00:00.0000000,0
3532,Unetane Tokef - sample,NULL,album,2007-05-05 00:00:00.0000000,0
3533,Going Mad - Single,NULL,single,2015-11-20 00:00:00.0000000,0
3534,I'm Fly (Screwed & Chopped),NULL,compilation,2011-03-12 00:00:00.0000000,0
3535,Eterna Soledad,NULL,album,2012-05-30 00:00:00.0000000,0
3536,Omo Oba Blues,NULL,album,2014-09-08 00:00:00.0000000,0
3537,Best Pussy,NULL,album,2016-04-08 00:00:00.0000000,0
3538,ISSUE#01,NULL,album,2019-01-11 00:00:00.0000000,0
3539,Round Paris - Live,NULL,album,2014-09-08 00:00:00.0000000,0
354,Parasites,NULL,album,2009-02-03 00:00:00.0000000,0
3540,Pesadilla Hermosa - Original,NULL,album,2009-08-31 00:00:00.0000000,0
3541,"Worship Sessions, Vol. 2",NULL,album,2016-07-21 00:00:00.0000000,0
3542,Anger,NULL,album,1987-01-01 00:00:00.0000000,0
3543,"24 Préludes, Op.28: 18. In F Minor",NULL,album,1990-01-01 00:00:00.0000000,0
3544,Madre,NULL,album,2010-11-17 00:00:00.0000000,0
3545,Lazerbrain,NULL,single,2014-06-16 00:00:00.0000000,0
3546,Angel Eyes,NULL,compilation,2007-11-13 00:00:00.0000000,0
3547,Disillusions,NULL,album,2014-01-17 00:00:00.0000000,0
3548,Ready to Run - 8-Bit Version,NULL,album,2014-12-08 00:00:00.0000000,0
3549,Идеальный мир,NULL,album,2009-07-15 00:00:00.0000000,0
355,He Loves Me 2 - DJ ThreeJay Speaker Breaker Mix,NULL,single,2016-10-26 00:00:00.0000000,0
3550,We Have Prevailed (No Vocals),NULL,album,2011-11-09 00:00:00.0000000,0
3551,"Partita No. 3 in E Major, BWV 1006: VII. Gigue",NULL,album,2000-01-01 00:00:00.0000000,0
3552,Buy a Life,NULL,album,2013-05-21 00:00:00.0000000,0
3553,Let The Dead Get In,NULL,compilation,2005-01-01 00:00:00.0000000,0
3554,25 Top Vineyard Worship Songs (Come Now Is The Time To Worship),NULL,album,2011-10-31 00:00:00.0000000,0
3555,All Good Things (Intro),NULL,album,2006-01-01 00:00:00.0000000,0
3556,Clouds,NULL,album,2004-04-16 00:00:00.0000000,0
3557,Throwmmer - Original Mix,NULL,compilation,2016-02-26 00:00:00.0000000,0
3558,Pentagram,NULL,album,1994-10-12 00:00:00.0000000,0
3559,Litie Litie,NULL,album,2009-01-01 00:00:00.0000000,0
356,I Say a Little Prayer (Dionne Warwick Karaoke Tribute),NULL,album,2012-07-16 00:00:00.0000000,0
3560,I Can't Get over You,NULL,single,2021-02-19 00:00:00.0000000,0
3561,La Polca Les Xanes / El Bosque Les Xanes,NULL,album,1999-01-01 00:00:00.0000000,0
3562,The Horizon,NULL,album,2015-02-26 00:00:00.0000000,0
3563,We Love You,NULL,album,2009-01-01 00:00:00.0000000,0
3564,Glória Pra Nós (Versão Wutang),NULL,single,2017-05-01 00:00:00.0000000,11
3565,Run,NULL,single,2014-03-09 00:00:00.0000000,0
3566,No Me Cambio por Ninguno,NULL,album,2012-06-01 00:00:00.0000000,0
3567,Smoke Break - Interlude,NULL,album,2014-11-18 00:00:00.0000000,0
3568,Braces,NULL,album,2011-10-17 00:00:00.0000000,0
3569,Kiss Me Goodbye,NULL,compilation,1996-01-01 00:00:00.0000000,0
357,Space Oddity,NULL,album,2016-12-01 00:00:00.0000000,0
3570,Light Up the Night,NULL,album,2013-04-01 00:00:00.0000000,0
3571,"Symphony No.1 In C, Op.21: 1. Adagio molto - Allegro con brio",NULL,album,1993-01-01 00:00:00.0000000,0
3572,A Love Bizarre,NULL,album,2009-01-16 00:00:00.0000000,0
3573,Kundalini Yoga for Pregnant Woman,NULL,album,2011-02-16 00:00:00.0000000,0
3574,Summer Pop,NULL,album,2016-04-20 00:00:00.0000000,0
3575,Kiddin' Me,NULL,album,2005-06-20 00:00:00.0000000,0
3576,The Erik Santos Collection (Timeless Movie And Tv Themesongs),NULL,compilation,2013-06-07 00:00:00.0000000,44
3577,Hanooz,NULL,album,2005-09-06 00:00:00.0000000,0
3578,Ritual Day,NULL,single,1997-01-01 00:00:00.0000000,0
3579,Jazz Me Blues,NULL,album,2005-04-19 00:00:00.0000000,0
358,What Are You Waiting For,NULL,album,2009-02-19 00:00:00.0000000,0
3580,A State Of Trance (ASOT 822) - Interview with Ashley Wallbridge,NULL,album,2017-07-13 00:00:00.0000000,0
3581,"La Bohème / Act 1: ""Si sente meglio?""",NULL,album,1979-01-01 00:00:00.0000000,0
3582,Landscape - Live / 8/13/1981,NULL,album,1989-01-01 00:00:00.0000000,0
3583,Légua Tirana (Valsa Toada),NULL,compilation,2002-01-01 00:00:00.0000000,0
3584,Young Turks - Live 1982,NULL,album,1982-01-01 00:00:00.0000000,0
3585,"Two Short Fugues, K. 154a: I. Fugue in D Major",NULL,album,2010-01-01 00:00:00.0000000,0
3586,Une Homme et Une Femme (A Man & A Woman),NULL,compilation,2010-06-14 00:00:00.0000000,0
3587,Raining At Sunset,NULL,album,2010-11-02 00:00:00.0000000,0
3588,Dark Nights (Feat. Jinsu) [Prod By. DJ Kid Famous],NULL,album,2016-08-26 00:00:00.0000000,0
3589,Jatt & Juliet (Original Motion Picture Soundtrack),NULL,album,2012-06-06 00:00:00.0000000,0
359,Crows,NULL,album,2010-02-08 00:00:00.0000000,12
3590,Weeknight,NULL,single,2017-08-25 00:00:00.0000000,0
3591,Kaleide,NULL,album,2010-01-01 00:00:00.0000000,0
3592,Pressure Drop - Single Version,NULL,album,1996-01-01 00:00:00.0000000,0
3593,Bellydance Diaries Soundtrack,NULL,album,2008-03-18 00:00:00.0000000,0
3594,Tell Me Again,NULL,album,2001-01-01 00:00:00.0000000,0
3595,De Se Eida,NULL,single,2019-01-21 00:00:00.0000000,13
3596,She's the One,NULL,album,2008-09-10 00:00:00.0000000,0
3597,Anonymous,NULL,album,2013-03-01 00:00:00.0000000,0
3598,The Prince of Peace (A Child Was Born),NULL,album,2011-01-01 00:00:00.0000000,0
3599,Bring Me to Life,NULL,album,2010-07-20 00:00:00.0000000,0
36,Enfermera,NULL,album,2015-02-26 00:00:00.0000000,0
360,Star,NULL,album,2012-01-27 00:00:00.0000000,0
3600,Original Golden Hits - Volume 1,NULL,album,1969-01-01 00:00:00.0000000,42
3601,大遅刻!!!,NULL,compilation,2016-11-09 00:00:00.0000000,0
3602,States of Decay,NULL,compilation,2013-05-07 00:00:00.0000000,0
3603,Plattsburgh,NULL,album,2016-10-07 00:00:00.0000000,0
3604,Temple Of Boom,NULL,album,1990-01-01 00:00:00.0000000,0
3605,Pra Ninguem,NULL,album,1997-01-01 00:00:00.0000000,0
3606,Legends,NULL,single,2018-06-22 00:00:00.0000000,75
3607,La Verdad de Cosas,NULL,album,2017-01-22 00:00:00.0000000,0
3608,Glad,NULL,compilation,2015-12-04 00:00:00.0000000,0
3609,Los Remixes Del Mero Leon Del Corrido,NULL,album,2007-06-28 00:00:00.0000000,0
361,Truckers Wife.,NULL,single,2012-06-15 00:00:00.0000000,0
3610,Raindance,NULL,album,1998-01-01 00:00:00.0000000,0
3611,"Take It Easy, Baby",NULL,compilation,1978-01-09 00:00:00.0000000,0
3612,Arcadia - Telefon Tel Aviv Rmx,NULL,compilation,2008-04-04 00:00:00.0000000,0
3613,"Ei Enempää Blues, Ei Enempää Down",NULL,album,1998-01-01 00:00:00.0000000,0
3614,でんぱーりーナイト,NULL,album,2015-02-18 00:00:00.0000000,0
3615,"Olhos Abertos, Bocas Fechadas - EP",NULL,single,2017-03-29 00:00:00.0000000,23
3616,For Parties Past And Present (Acoustic),NULL,album,2009-05-03 00:00:00.0000000,0
3617,In the Ring,NULL,album,2013-11-05 00:00:00.0000000,0
3618,You Remind Me of Something-3,NULL,album,2009-01-01 00:00:00.0000000,0
3619,Home (Instrumental Version),NULL,single,2012-04-17 00:00:00.0000000,0
362,Kothbiro,NULL,compilation,1998-01-01 00:00:00.0000000,0
3620,HNIC-TV (Intro),NULL,album,2012-01-05 00:00:00.0000000,0
3621,P-Street,NULL,album,1997-01-21 00:00:00.0000000,0
3622,Jazz Bazar II (feat. Patán Vidal),NULL,album,1999-01-01 00:00:00.0000000,16
3623,Yaraany,NULL,compilation,2007-01-01 00:00:00.0000000,0
3624,Pon moun',NULL,album,2011-12-19 00:00:00.0000000,0
3625,Insieme 1992,NULL,album,2009-04-01 00:00:00.0000000,0
3626,Call on the Gods,NULL,album,2016-08-19 00:00:00.0000000,0
3627,O'Carolan's Welcome / Rolling in the Barrel,NULL,album,2008-03-04 00:00:00.0000000,0
3628,My Jelly Roll Soul,NULL,album,2012-07-09 00:00:00.0000000,0
3629,Free,NULL,album,2005-10-25 00:00:00.0000000,0
363,Night Mission,NULL,album,2010-05-11 00:00:00.0000000,0
3630,"Moonlight Legend (From ""Sailor Moon"") - Accapella English Language Cover",NULL,album,2015-10-18 00:00:00.0000000,0
3631,Songs of One Hundred Years,NULL,single,2012-06-10 00:00:00.0000000,3
3632,Oranges & Angels,NULL,album,2018-03-23 00:00:00.0000000,0
3633,Sunday to Sunday,NULL,album,2016-10-14 00:00:00.0000000,0
3634,YAH YAH YAH,NULL,album,2017-02-15 00:00:00.0000000,0
3635,Pa Laven Sitter Nissen,NULL,album,2011-04-01 00:00:00.0000000,0
3636,Roots - Live,NULL,album,2015-08-14 00:00:00.0000000,0
3637,Officially Sexy,NULL,album,2011-04-10 00:00:00.0000000,0
3638,Suite en ré et la mineur,NULL,album,2010-01-01 00:00:00.0000000,0
3639,Il trovatore: D'amor sull'ali rosee,NULL,compilation,2010-02-19 00:00:00.0000000,0
364,Town Without Pity - Karaoke Demonstration With Lead Vocal,NULL,album,2008-01-15 00:00:00.0000000,0
3640,Glory - Live / Hope Album Version,NULL,album,2003-07-07 00:00:00.0000000,0
3641,Lux Aurumque,NULL,album,2009-05-30 00:00:00.0000000,0
3642,The Beautiful People,NULL,album,2013-11-26 00:00:00.0000000,0
3643,I Told You So,NULL,album,2006-11-10 00:00:00.0000000,0
3644,Best Of My Love,NULL,compilation,2010-07-15 00:00:00.0000000,0
3645,Mojo Box,NULL,album,2004-09-15 00:00:00.0000000,0
3646,Onto You,NULL,album,2003-01-01 00:00:00.0000000,0
3647,Coke Ajax,NULL,album,2004-05-10 00:00:00.0000000,0
3648,Live In Corpus Christi,NULL,album,2013-01-01 00:00:00.0000000,0
3649,The Locket,NULL,compilation,2012-01-01 00:00:00.0000000,0
365,LIVE BEST,NULL,album,2014-03-26 00:00:00.0000000,0
3650,There Is Only Now - Remix,NULL,album,2014-09-15 00:00:00.0000000,0
3651,Butterfly (Radio Edit),NULL,compilation,2015-08-21 00:00:00.0000000,0
3652,Way Past Your Bedtime,NULL,album,2016-11-21 00:00:00.0000000,0
3653,He's My Home,NULL,album,2015-09-04 00:00:00.0000000,0
3654,Ballada R.,NULL,album,2001-01-01 00:00:00.0000000,0
3655,Midnight Marauding,NULL,album,2012-05-15 00:00:00.0000000,0
3656,Obscene Humanity,NULL,album,2009-06-03 00:00:00.0000000,0
3657,"Cantique de Jean Racine, Op. 11",NULL,album,1994-01-01 00:00:00.0000000,0
3658,Little Rodney,NULL,album,2009-05-11 00:00:00.0000000,0
3659,Part of the Process,NULL,album,2014-07-11 00:00:00.0000000,0
366,High On The Tide,NULL,album,2009-01-01 00:00:00.0000000,0
3660,Universal - Posthuman Remix,NULL,single,2017-06-02 00:00:00.0000000,0
3661,Convention Prevention,NULL,album,1972-10-27 00:00:00.0000000,0
3662,Free Love,NULL,album,2001-01-01 00:00:00.0000000,0
3663,Any Night in Texas,NULL,album,2017-06-16 00:00:00.0000000,48
3664,I'm the Shit (feat. Thrax),NULL,album,2012-06-20 00:00:00.0000000,0
3665,All the People Part 1,NULL,album,2011-08-08 00:00:00.0000000,0
3666,Twice,NULL,compilation,2017-03-24 00:00:00.0000000,0
3667,Put On Your Sunday Clothes-5,NULL,album,2009-01-01 00:00:00.0000000,0
3668,"Backwater / Just Take Me - Live At Glasgow Apollo, Glasgow / 1976",NULL,album,1977-01-28 00:00:00.0000000,0
3669,Believer,NULL,single,2016-05-04 00:00:00.0000000,0
367,Respira profundo,NULL,album,2015-02-25 00:00:00.0000000,0
3670,Miss You,NULL,compilation,2008-12-09 00:00:00.0000000,0
3671,An Evening in Rome: Italian Dinner Music,NULL,album,2015-11-16 00:00:00.0000000,0
3672,Cinta della Breccia Divina,NULL,album,2015-01-20 00:00:00.0000000,0
3673,It's You,NULL,album,2009-06-18 00:00:00.0000000,0
3674,Sous Les Draps,NULL,album,2007-01-01 00:00:00.0000000,0
3675,Shelter (Lab Rat Mix),NULL,album,2014-01-29 00:00:00.0000000,0
3676,Use Ya Head (feat. Jay Jonah),NULL,album,2010-01-30 00:00:00.0000000,0
3677,Freak Out Tonight (as made famous by Chris Catena),NULL,compilation,2008-08-01 00:00:00.0000000,0
3678,Born Tired,NULL,album,2013-04-30 00:00:00.0000000,0
3679,Indefinitely,NULL,album,2011-06-11 00:00:00.0000000,0
368,Via Dolorosa (Karaoke With Background Vocals) [In the Style of Sandi Patti],NULL,album,2008-01-01 00:00:00.0000000,0
3680,So High,NULL,single,2011-07-05 00:00:00.0000000,0
3681,Behemoth,NULL,album,1999-06-29 00:00:00.0000000,0
3682,ジャッキーとあそぼ! Let's Sing&Play えいごのうた,NULL,album,2016-09-07 00:00:00.0000000,14
3683,Ya Mow Ya Mow,NULL,album,2015-10-20 00:00:00.0000000,0
3684,Absolute Sleep Music,NULL,album,2010-09-20 00:00:00.0000000,0
3685,Awakening,NULL,album,2013-07-29 00:00:00.0000000,0
3686,Para Mí el Vivir Es Cristo,NULL,album,2009-06-01 00:00:00.0000000,0
3687,"Piano Trio No. 3 in C Minor, Op. 101: IV. Allegro molto",NULL,album,1957-01-01 00:00:00.0000000,0
3688,Mona's Feeling Lonely,NULL,album,1977-01-01 00:00:00.0000000,0
3689,Indeleble,NULL,album,2015-08-14 00:00:00.0000000,0
369,Cliquety Kliqk,NULL,album,2003-12-01 00:00:00.0000000,29
3690,Intruso Corazon,NULL,album,1998-05-04 00:00:00.0000000,0
3691,Manchester,NULL,album,2012-10-22 00:00:00.0000000,0
3692,Rich Nigga Dick (Produced by DJFreshDJFreshDJFresh),NULL,album,2010-12-14 00:00:00.0000000,0
3693,Las Ventanas,NULL,album,2017-09-28 00:00:00.0000000,0
3694,Sana Magbuhat Pa Nang Una,NULL,album,2003-01-01 00:00:00.0000000,0
3695,Journeys Ahead,NULL,album,2016-08-19 00:00:00.0000000,0
3696,Fa che non mi venga duro,NULL,album,2014-01-28 00:00:00.0000000,0
3697,"Everybody's Talking (""Midnight Cowboy"")",NULL,album,2008-07-01 00:00:00.0000000,0
3698,Procuro olvidarte,NULL,album,2014-10-05 00:00:00.0000000,0
3699,Someday,NULL,compilation,1996-01-01 00:00:00.0000000,0
37,Ebb Tide,NULL,album,2014-04-14 00:00:00.0000000,0
370,Reto A La Muerte,NULL,album,2004-05-18 00:00:00.0000000,0
3700,Bad Boy,NULL,compilation,2008-10-27 00:00:00.0000000,0
3701,You and The Mona Lisa,NULL,album,2017-09-15 00:00:00.0000000,0
3702,Rockula,NULL,album,2000-01-01 00:00:00.0000000,0
3703,Sneak Chamber,NULL,compilation,2014-10-17 00:00:00.0000000,0
3704,Dizzy Atmosphere,NULL,album,2016-10-14 00:00:00.0000000,0
3705,Ghost Of A Smile,NULL,album,2013-08-26 00:00:00.0000000,0
3706,The Depths,NULL,compilation,2009-12-02 00:00:00.0000000,0
3707,Kapıya Yazdır,NULL,album,2010-01-01 00:00:00.0000000,0
3708,Jazz is Paris,NULL,album,1994-01-01 00:00:00.0000000,0
3709,El Tromba - Keller Mix,NULL,album,2014-05-12 00:00:00.0000000,0
371,Heroine,NULL,album,1994-10-10 00:00:00.0000000,0
3710,Rattlesnake Sour,NULL,single,2021-03-12 00:00:00.0000000,3
3711,No Tears (In the End) - Remastered,NULL,album,1972-01-01 00:00:00.0000000,0
3712,Baby Baghdad (feat. Jay Jonah),NULL,album,2009-10-27 00:00:00.0000000,0
3713,Bricks,NULL,single,2016-02-12 00:00:00.0000000,0
3714,New Path New Life (Orchestral) (Orchestral),NULL,compilation,2015-10-05 00:00:00.0000000,0
3715,Eighteen Years,NULL,album,2011-09-24 00:00:00.0000000,0
3716,Blackbirds Call and Chirrup,NULL,album,2009-09-20 00:00:00.0000000,0
3717,Dreadlock,NULL,album,2004-01-01 00:00:00.0000000,0
3718,"Tres Monedas en la Fuente (De ""Tres Monedas en la Fuente"")",NULL,compilation,2012-03-12 00:00:00.0000000,0
3719,One Step Closer (Singalong Version),NULL,album,2008-12-01 00:00:00.0000000,0
372,Chasing Emotions,NULL,album,2014-10-06 00:00:00.0000000,0
3720,Cerberus,NULL,album,2013-04-15 00:00:00.0000000,19
3721,Perfectly Adequate & Handsome,NULL,album,2011-08-23 00:00:00.0000000,0
3722,The Principle of Equivalence,NULL,album,2014-06-10 00:00:00.0000000,0
3723,Fındıklının İçinde,NULL,album,1999-07-20 00:00:00.0000000,2
3724,Butter (feat. Neisha Neshae),NULL,album,2015-08-14 00:00:00.0000000,0
3725,Cameleon,NULL,single,2014-06-30 00:00:00.0000000,0
3726,The Observatory,NULL,album,2016-02-04 00:00:00.0000000,0
3727,Faded,NULL,album,2005-01-04 00:00:00.0000000,0
3728,The Airport Sessions,NULL,single,2009-08-15 00:00:00.0000000,1
3729,Born Again,NULL,album,1999-01-01 00:00:00.0000000,65
373,Stamina - Ramesses Brown - Soca mix,NULL,album,2011-03-01 00:00:00.0000000,0
3730,China de los Ojos Negros,NULL,album,2013-07-29 00:00:00.0000000,0
3731,Urru Kan,NULL,album,2016-12-19 00:00:00.0000000,0
3732,Tantum Ergo: Solenne,NULL,album,2008-03-01 00:00:00.0000000,0
3733,Row Upon Row of the People They Know,NULL,album,2011-10-10 00:00:00.0000000,34
3734,Sleeper,NULL,compilation,2011-01-17 00:00:00.0000000,0
3735,Pobre Corazon,NULL,album,2017-06-19 00:00:00.0000000,6
3736,Leave Before The Lights Come On,NULL,single,2006-10-31 00:00:00.0000000,54
3737,Apple of My Eye,NULL,album,2012-09-27 00:00:00.0000000,4
3738,Samo Moru Virujen,NULL,album,2005-01-01 00:00:00.0000000,0
3739,"String Quartet No.3 in F major, Op.73: 4. Adagio",NULL,album,2006-01-01 00:00:00.0000000,0
374,Interaxion Dub,NULL,album,2009-08-10 00:00:00.0000000,19
3740,Chill,NULL,album,2007-10-01 00:00:00.0000000,0
3741,Fish 8,NULL,album,1982-07-01 00:00:00.0000000,0
3742,I Don't Wanna Lose Your Love,NULL,compilation,2010-12-05 00:00:00.0000000,0
3743,Airtight,NULL,single,2008-04-23 00:00:00.0000000,0
3744,Happy Happy Birthday Vol.2,NULL,album,2009-12-01 00:00:00.0000000,7
3745,Gospel Mill,NULL,album,2011-06-07 00:00:00.0000000,0
3746,"Da Doma pro Rodeio, Vol. 12",NULL,album,2012-03-10 00:00:00.0000000,19
3747,"You Shouldn't Do That - Alternate Version, Live, 2007 Remaster",NULL,album,1973-01-01 00:00:00.0000000,0
3748,Little Man,NULL,album,1997-01-01 00:00:00.0000000,0
3749,Earthman - Original Mix,NULL,single,2013-04-15 00:00:00.0000000,0
375,"Manon Lescaut / Act 2: Senti, di qui partiamo ... Ah, Manon mi tradisce",NULL,album,1988-01-01 00:00:00.0000000,0
3750,Hatred Storm,NULL,single,2015-06-29 00:00:00.0000000,0
3751,Ghost Riders In The Sky (A Cowboy Legend),NULL,compilation,2011-05-01 00:00:00.0000000,0
3752,I'm Thru with Love,NULL,compilation,2014-03-28 00:00:00.0000000,0
3753,Written In The Sky,NULL,album,2010-01-01 00:00:00.0000000,0
3754,You Want Me,NULL,album,2015-11-06 00:00:00.0000000,0
3755,Thin Air,NULL,album,2013-12-10 00:00:00.0000000,0
3756,Muro,NULL,album,1998-01-09 00:00:00.0000000,0
3757,Confections,NULL,album,2008-07-15 00:00:00.0000000,0
3758,"Vom Himmel hoch da komm ich her, BWV 769: Variatio IV: Per augementationem / Nel canone all'ottava",NULL,album,2000-01-01 00:00:00.0000000,0
3759,Space Night / Hello Tujamo!,NULL,single,2012-01-01 00:00:00.0000000,0
376,Large Group of Horses Galloping by on Dirt,NULL,album,2014-02-15 00:00:00.0000000,0
3760,Classic Dreams Vol.2,NULL,compilation,1998-07-07 00:00:00.0000000,15
3761,Spin It Back - DOCO & SCRVP VIP Remix,NULL,single,2014-09-16 00:00:00.0000000,0
3762,Wedi Fiha Eih,NULL,album,2010-07-05 00:00:00.0000000,0
3763,El Preso,NULL,album,1997-05-12 00:00:00.0000000,0
3764,Just Be a Man About It - Screwed & Chopped,NULL,album,2014-12-30 00:00:00.0000000,0
3765,Supreme (Original Motion Picture Soundtrack),NULL,single,2016-04-14 00:00:00.0000000,0
3766,Punklezmerap,NULL,single,2008-03-04 00:00:00.0000000,0
3767,"Castle Chase Parts 1 & 2 (From the Original Soundtrack to ""The Sword and The Sorcerer"")",NULL,album,2013-02-15 00:00:00.0000000,0
3768,Bang Bang,NULL,album,2014-10-28 00:00:00.0000000,0
3769,The Family,NULL,album,1998-01-01 00:00:00.0000000,0
377,No Escape,NULL,single,2014-09-05 00:00:00.0000000,0
3770,Bonanza - Saint X Remix,NULL,single,2011-08-22 00:00:00.0000000,0
3771,Word Around,NULL,album,2016-11-16 00:00:00.0000000,0
3772,Egocide,NULL,album,2007-08-07 00:00:00.0000000,0
3773,Ital Stew,NULL,album,2015-10-30 00:00:00.0000000,0
3774,Ave Maria - Schubert,NULL,album,2007-05-08 00:00:00.0000000,0
3775,Javob Ber,NULL,album,2017-07-01 00:00:00.0000000,20
3776,Goreuon / Best Of Dai Llanilar,NULL,album,2005-01-01 00:00:00.0000000,4
3777,El Gran Paso,NULL,album,1998-04-18 00:00:00.0000000,0
3778,Kiss The Wake,NULL,album,2005-08-23 00:00:00.0000000,0
3779,Maxin,NULL,album,2006-10-11 00:00:00.0000000,0
378,Entering The Stargate,NULL,album,1997-01-01 00:00:00.0000000,0
3780,Cole Porter: The Essential Collection (Digitally Remastered),NULL,compilation,2009-07-13 00:00:00.0000000,0
3781,Terminal,NULL,album,2017-06-23 00:00:00.0000000,15
3782,Bridge Over Troubled Waters,NULL,album,1995-09-09 00:00:00.0000000,0
3783,Relax (2004 total recall mix),NULL,album,2004-01-01 00:00:00.0000000,0
3784,Respect My Mind,NULL,compilation,2014-11-25 00:00:00.0000000,0
3785,Conservation Conversation,NULL,album,2011-05-03 00:00:00.0000000,0
3786,Onwards To Nowhere,NULL,album,2011-11-18 00:00:00.0000000,0
3787,Slowly,NULL,album,2012-04-10 00:00:00.0000000,0
3788,From Wall Street to the Concrete,NULL,album,2015-09-30 00:00:00.0000000,2
3789,Meditations,NULL,album,2014-07-08 00:00:00.0000000,0
379,Стоп! Стоп! Стоп! (Disco House Mix by Yad),NULL,album,2003-01-01 00:00:00.0000000,0
3790,I'll Never Fall In Love Again,NULL,compilation,2007-01-01 00:00:00.0000000,0
3791,World of Stone,NULL,album,2012-10-26 00:00:00.0000000,0
3792,Cuan Grande Es Mi Dios,NULL,album,2012-03-26 00:00:00.0000000,0
3793,Sonata ((Katoline Mix)),NULL,album,2009-06-06 00:00:00.0000000,0
3794,Como un Rompecabezas,NULL,compilation,2015-07-31 00:00:00.0000000,0
3795,Skyfall (Acoustic),NULL,album,2013-04-30 00:00:00.0000000,0
3796,Like It Or Not - Joris Voorn Remix,NULL,album,2016-12-23 00:00:00.0000000,0
3797,Kitchie Kitchie Ki Me O (Everything´s Gone Wrong),NULL,album,2007-03-05 00:00:00.0000000,0
3798,BB Bleu - Dolor Remix,NULL,single,2013-06-03 00:00:00.0000000,0
3799,Knives,NULL,single,2021-06-18 00:00:00.0000000,0
38,Whatever Makes You Happy,NULL,album,2005-01-31 00:00:00.0000000,0
380,Ava - DJ Shy Remix,NULL,compilation,2012-01-09 00:00:00.0000000,0
3800,Valaiti Daru,NULL,album,2009-01-01 00:00:00.0000000,0
3801,The Hep Canary,NULL,compilation,2013-03-08 00:00:00.0000000,0
3802,Plateaux 1,NULL,compilation,2009-05-25 00:00:00.0000000,0
3803,Ten Ton Woman Part 2,NULL,compilation,2010-05-01 00:00:00.0000000,0
3804,The Rain's Came,NULL,album,2011-09-05 00:00:00.0000000,0
3805,Smoke Signals,NULL,album,2007-03-13 00:00:00.0000000,0
3806,"Time Pieces: No. 2. Come, My Celia",NULL,album,2012-04-01 00:00:00.0000000,0
3807,kurb talk,NULL,album,2017-03-31 00:00:00.0000000,0
3808,"Sing Me Back Home - Live at La Grande Salle du Grand Theatre, Luxembourg 5/16/1972",NULL,album,2011-09-20 00:00:00.0000000,0
3809,Disco Inferno,NULL,single,1999-01-01 00:00:00.0000000,0
381,Painted Pictures (feat. Juunana),NULL,album,2016-11-28 00:00:00.0000000,0
3810,S.T.O.M.,NULL,single,2019-01-24 00:00:00.0000000,4
3811,Hiper FM: Dancefloor Hits,NULL,album,2012-06-08 00:00:00.0000000,0
3812,"Can't Get Enough of Your Love, Babe",NULL,compilation,1998-01-19 00:00:00.0000000,0
3813,Over the River,NULL,album,2006-05-15 00:00:00.0000000,0
3814,The End (feat. Freeze),NULL,album,2011-02-16 00:00:00.0000000,0
3815,Dil Aashiq Tere Te,NULL,album,2008-09-15 00:00:00.0000000,0
3816,New Trap $Wing,NULL,album,2015-09-22 00:00:00.0000000,0
3817,Don't Want To Be A Rude Boy,NULL,album,2007-07-27 00:00:00.0000000,0
3818,Accident,NULL,album,2011-04-23 00:00:00.0000000,0
3819,Taking a Break,NULL,album,2016-02-25 00:00:00.0000000,0
382,Pepito y Su Caballo,NULL,album,2017-03-25 00:00:00.0000000,0
3820,Pass That Peace Pipe,NULL,compilation,2007-08-28 00:00:00.0000000,0
3821,"24 Préludes, Op.28: 23. In F Major - Live",NULL,album,2015-01-05 00:00:00.0000000,0
3822,Why Wouldn't She (Needlz Remix),NULL,compilation,2011-01-01 00:00:00.0000000,0
3823,What Yuh Gonna Do,NULL,compilation,2013-08-08 00:00:00.0000000,0
3824,Mucho Corazón,NULL,album,2009-01-01 00:00:00.0000000,0
3825,Happy Birthday Davis,NULL,album,2012-03-23 00:00:00.0000000,0
3826,Silence (Original Mix),NULL,compilation,2008-01-22 00:00:00.0000000,0
3827,Sandra,NULL,single,2010-01-19 00:00:00.0000000,0
3828,The Graf Spree Reel Set,NULL,compilation,2004-01-01 00:00:00.0000000,0
3829,These Days Are Ours,NULL,album,2012-08-28 00:00:00.0000000,0
383,Plastic Fame,NULL,album,2017-10-27 00:00:00.0000000,0
3830,La Comadre,NULL,album,2015-05-01 00:00:00.0000000,0
3831,My Element,NULL,album,2009-07-14 00:00:00.0000000,0
3832,Janela,NULL,album,2010-08-01 00:00:00.0000000,0
3833,Drop Dat Bootom,NULL,album,2004-01-01 00:00:00.0000000,0
3834,Disappearing Ink - 2002,NULL,compilation,2006-02-20 00:00:00.0000000,0
3835,Too Many Futures,NULL,album,2019-03-12 00:00:00.0000000,30
3836,B-I-Bickey-Bi-Bo-Bo-Go,NULL,album,1993-03-11 00:00:00.0000000,0
3837,The Change,NULL,album,2017-08-17 00:00:00.0000000,0
3838,"Quintet For 2 Violins, 2 Violas And Cello In C, Op.29: 1. Allegro moderato",NULL,album,1997-01-01 00:00:00.0000000,0
3839,Intro,NULL,album,2001-01-01 00:00:00.0000000,0
384,shawty shawty,NULL,single,2020-12-01 00:00:00.0000000,22
3840,Broadlee Bank,NULL,album,2009-08-30 00:00:00.0000000,0
3841,A Hard Day's Night,NULL,compilation,2008-05-09 00:00:00.0000000,0
3842,Satie: Trois Gymnopedies No 3,NULL,compilation,2011-01-01 00:00:00.0000000,0
3843,Smile Stacey,NULL,album,2013-08-01 00:00:00.0000000,0
3844,"Foolish, Wild + Forgetful",NULL,album,2010-12-01 00:00:00.0000000,0
3845,I Want Your Sex,NULL,album,2013-02-01 00:00:00.0000000,0
3846,Softly As In A Morning Sunrise,NULL,album,2001-01-01 00:00:00.0000000,0
3847,Lasti Fatinati,NULL,album,2006-06-20 00:00:00.0000000,0
3848,Defenders,NULL,single,2021-01-15 00:00:00.0000000,32
3849,Track 18 - Siva - End Credit,NULL,album,2013-03-19 00:00:00.0000000,0
385,Scandal - Remastered 2011,NULL,album,1989-05-22 00:00:00.0000000,0
3850,Quem ta cum nóis,NULL,album,2011-09-01 00:00:00.0000000,0
3851,Kumugyĭ,NULL,compilation,2021-01-13 00:00:00.0000000,2
3852,The Journey - Acoustic Mix,NULL,album,2014-06-09 00:00:00.0000000,0
3853,Piece of Cake,NULL,album,2016-03-08 00:00:00.0000000,0
3854,Oh! Dance (안무영상),NULL,album,2012-01-01 00:00:00.0000000,0
3855,Concrete,NULL,album,2012-05-08 00:00:00.0000000,0
3856,Severed Ties,NULL,single,2017-05-12 00:00:00.0000000,3
3857,Mélodies tendres et câlines: Le piano pour les enfants,NULL,album,2013-01-01 00:00:00.0000000,1
3858,Me And The Moon,NULL,compilation,2004-04-02 00:00:00.0000000,0
3859,Company,NULL,album,2014-07-19 00:00:00.0000000,0
386,"Mine, Mine, Mine",NULL,album,2014-09-30 00:00:00.0000000,0
3860,"Symphony No.92 In G Major, Hob.I:92 - ""Oxford"": 2. Adagio",NULL,album,1995-01-01 00:00:00.0000000,0
3861,The Andy Griffith Show,NULL,album,2009-01-01 00:00:00.0000000,0
3862,Poppin' Bottles,NULL,album,2015-09-30 00:00:00.0000000,0
3863,From Michigan With Love,NULL,album,2019-02-15 00:00:00.0000000,66
3864,Elastic Heart,NULL,album,2017-09-27 00:00:00.0000000,0
3865,Sinner Boy - The Isle Of Wight Live Version,NULL,album,1971-01-01 00:00:00.0000000,0
3866,Do You Mind,NULL,album,2000-09-12 00:00:00.0000000,0
3867,Welcome To Real Life,NULL,album,2010-12-28 00:00:00.0000000,0
3868,Granola Head - Live,NULL,album,2010-01-01 00:00:00.0000000,0
3869,Bless (feat. Ce),NULL,album,2015-12-17 00:00:00.0000000,0
387,My God-Given Right,NULL,album,2015-03-29 00:00:00.0000000,0
3870,Shit Va Pin,NULL,album,2012-01-01 00:00:00.0000000,41
3871,Even Ramblers Get the Blues,NULL,album,2017-05-05 00:00:00.0000000,0
3872,Ways And Means,NULL,album,1996-01-01 00:00:00.0000000,0
3873,Rap N Roll Outro,NULL,album,2014-05-03 00:00:00.0000000,0
3874,Forever Be - Hyper Remix,NULL,single,2014-07-28 00:00:00.0000000,0
3875,Insomnia 2k13 - DJ Analyzer Mix Edit,NULL,single,2013-09-13 00:00:00.0000000,0
3876,Auld Land Syne,NULL,album,2013-02-21 00:00:00.0000000,0
3877,"Mass for Soloists, Mixed Chorus and Orchestra in D major, Op. 86: IV. Sanctus (att.)",NULL,compilation,1994-01-01 00:00:00.0000000,0
3878,Anna Lee The Healer,NULL,album,2016-10-07 00:00:00.0000000,0
3879,Shepherd Song,NULL,single,2014-12-07 00:00:00.0000000,0
388,Troncos Y Palos Gruesos,NULL,album,2005-01-01 00:00:00.0000000,0
3880,Long Way Home,NULL,compilation,2015-10-17 00:00:00.0000000,0
3881,Pay For What You Get,NULL,album,2003-02-04 00:00:00.0000000,0
3882,Broadway Revisited,NULL,compilation,2007-10-02 00:00:00.0000000,16
3883,Buddha Zen - Amazing Chill Out Cocktail Bar Songs,NULL,album,2015-06-23 00:00:00.0000000,8
3884,Schubert: Moment Musical No.3 In F Minor Op.94 D.780 (슈베르트: 악흥의 순간 3번 바단조 작품번호 94),NULL,album,2013-03-22 00:00:00.0000000,0
3885,Nada Me Importa,NULL,album,2016-04-27 00:00:00.0000000,0
3886,One Less Bell To Answer A House Is Not A Home (Made Famous by the cast of Glee),NULL,album,2010-11-01 00:00:00.0000000,0
3887,DASH WEH,NULL,compilation,1999-09-20 00:00:00.0000000,0
3888,"CAB Caraïbes Afrique Brésil (Mario Canonge, Blick Bassy, DD Adriano)",NULL,album,2015-03-30 00:00:00.0000000,0
3889,The Cartoonist,NULL,album,2013-03-26 00:00:00.0000000,0
389,Know - EP,NULL,single,2017-04-07 00:00:00.0000000,0
3890,Maheno,NULL,single,2017-05-19 00:00:00.0000000,0
3891,"Kuli Ukutusha, Pt. 9",NULL,album,2015-09-20 00:00:00.0000000,0
3892,Holding on to You - 8-Bit Version,NULL,album,2015-06-05 00:00:00.0000000,0
3893,Dragonfly [Mix Cut] - Original Mix,NULL,album,2011-07-29 00:00:00.0000000,0
3894,Escape,NULL,album,2017-03-24 00:00:00.0000000,0
3895,He's Still God,NULL,album,2015-06-26 00:00:00.0000000,0
3896,Dulce Encanto,NULL,album,1996-08-13 00:00:00.0000000,0
3897,Del Ghargheh,NULL,album,2000-08-25 00:00:00.0000000,0
3898,Sinners Gospel,NULL,single,2016-09-02 00:00:00.0000000,0
3899,You Are Fragile,NULL,album,1998-01-01 00:00:00.0000000,0
39,It All Comes Right,NULL,album,2010-09-14 00:00:00.0000000,0
390,Bass,NULL,album,2014-09-16 00:00:00.0000000,2
3900,Sygnificant Syndrom - Original Mix,NULL,compilation,2012-02-24 00:00:00.0000000,0
3901,Dokument 3,NULL,album,2006-01-01 00:00:00.0000000,0
3902,Game Of Thrones: Music From The Television Series,NULL,album,2015-04-07 00:00:00.0000000,3
3903,Kiss This,NULL,compilation,2016-12-09 00:00:00.0000000,0
3904,Kumbayah,NULL,album,2012-08-14 00:00:00.0000000,0
3905,AI Mouraria,NULL,album,2017-07-21 00:00:00.0000000,0
3906,Twurk,NULL,single,2017-02-13 00:00:00.0000000,0
3907,Early Times,NULL,album,2015-07-01 00:00:00.0000000,0
3908,Act'n A Ass,NULL,album,2005-01-01 00:00:00.0000000,0
3909,Bottoms Up - Beat Rnb Dirty South Underground Old School Rap Pop Reggae Reggaeton Hip-Hop Brand New,NULL,compilation,2010-11-04 00:00:00.0000000,0
391,Over You,NULL,album,2011-09-20 00:00:00.0000000,0
3910,"I Got You, I Feel You",NULL,album,2013-04-24 00:00:00.0000000,0
3911,Primal Fear,NULL,single,2020-08-28 00:00:00.0000000,15
3912,Anything,NULL,album,2000-01-01 00:00:00.0000000,0
3913,Etc. (ecstasy),NULL,album,2007-02-08 00:00:00.0000000,0
3914,Perception - Original Mix,NULL,single,2013-05-13 00:00:00.0000000,0
3915,Cheating,NULL,album,2014-12-09 00:00:00.0000000,0
3916,Solitude,NULL,album,2009-05-26 00:00:00.0000000,29
3917,Bedrock Classics Series 2,NULL,compilation,1999-01-01 00:00:00.0000000,14
3918,Our Lucid Dream,NULL,single,2004-07-13 00:00:00.0000000,0
3919,Every Rose Has It's Thorn (Lullaby Rendition),NULL,album,2012-03-20 00:00:00.0000000,0
392,Hey Brother,NULL,album,2015-03-06 00:00:00.0000000,0
3920,Place To Hide,NULL,album,2011-05-07 00:00:00.0000000,0
3921,Hasta Los Quince Años,NULL,album,2008-04-03 00:00:00.0000000,0
3922,Destiny - Original Club Mix,NULL,single,2015-04-14 00:00:00.0000000,0
3923,Noh Intro,NULL,album,2007-09-14 00:00:00.0000000,0
3924,Kiss the Girl,NULL,album,2014-02-01 00:00:00.0000000,0
3925,A la Nanita Nana,NULL,album,2013-11-05 00:00:00.0000000,0
3926,Look To Your Heart,NULL,album,2012-02-10 00:00:00.0000000,0
3927,Rock & Roll Everynight - Live in Oregon & California - December 1995,NULL,album,1996-05-06 00:00:00.0000000,0
3928,Apparition in the Night,NULL,album,2017-04-11 00:00:00.0000000,0
3929,West to the World - Dirty,NULL,album,2009-02-27 00:00:00.0000000,0
393,Vals de los 15 Años,NULL,album,1997-09-16 00:00:00.0000000,0
3930,Dido [ASOT 700 - Part 1] - Armin van Buuren's Universal Religion Mix,NULL,album,2015-01-29 00:00:00.0000000,0
3931,Yoruba,NULL,single,2013-12-10 00:00:00.0000000,0
3932,Flashmobbing EP,NULL,single,2009-11-25 00:00:00.0000000,0
3933,Peanut Butter Sandwiches,NULL,album,2014-07-29 00:00:00.0000000,0
3934,"La Forza del Destino (Highlights): Act IV: Scene 1: Le minacce, i fieri accenti",NULL,album,1970-01-01 00:00:00.0000000,0
3935,"Mass No. 4 in C Major, Op. 48, D. 452: Benedictus",NULL,album,2010-08-24 00:00:00.0000000,0
3936,Rooftops,NULL,album,2013-09-10 00:00:00.0000000,0
3937,Shack-man,NULL,album,1996-01-01 00:00:00.0000000,36
3938,Romantic Harp Music,NULL,album,2017-03-03 00:00:00.0000000,7
3939,The Truth About a Band,NULL,album,2014-07-04 00:00:00.0000000,0
394,"Get It Wrong, It's Alright",NULL,album,2005-01-24 00:00:00.0000000,4
3940,Chihiro 61298 (Evan Marc Remix),NULL,album,2012-08-29 00:00:00.0000000,0
3941,"Violin Concerto No. 9 in B-Flat Major, RV 530: I. Allegro",NULL,album,2012-06-01 00:00:00.0000000,0
3942,One Way Track - Old Man Future Blows the Blues,NULL,album,2015-01-12 00:00:00.0000000,0
3943,Little Girl Blue - Postal Service Remix,NULL,compilation,2005-01-01 00:00:00.0000000,0
3944,Hepatic Tissue Fermentation,NULL,album,1996-01-01 00:00:00.0000000,0
3945,Fractions - Radio Edit,NULL,album,2011-03-12 00:00:00.0000000,0
3946,MY FAVORITE SONGS,NULL,compilation,1988-07-21 00:00:00.0000000,40
3947,Deep Purple,NULL,album,1966-01-01 00:00:00.0000000,0
3948,Str8 Jackn,NULL,single,2017-02-13 00:00:00.0000000,1
3949,M.O.a.n (Mind of a Ni**A),NULL,album,2015-09-01 00:00:00.0000000,0
395,Hay Un Ser (Un Ser Para Otro Ser),NULL,album,2008-07-21 00:00:00.0000000,0
3950,Havin' a Good Time,NULL,single,2016-09-04 00:00:00.0000000,0
3951,Lamborghini Angels - Remix,NULL,album,2012-08-16 00:00:00.0000000,0
3952,"Sonata in C Major, BWV 1037: IV. Gigue",NULL,album,2014-10-20 00:00:00.0000000,0
3953,Les Bras de mer - Live,NULL,album,2002-09-27 00:00:00.0000000,0
3954,La parade (1896 - inédit),NULL,album,2003-01-01 00:00:00.0000000,0
3955,"Messiah: Part 1, No. 20 - He Shall Feed His Flock Like a Shepherd",NULL,album,1955-01-01 00:00:00.0000000,0
3956,I Am Your Olé,NULL,album,2017-03-11 00:00:00.0000000,0
3957,Marieke,NULL,album,1968-01-01 00:00:00.0000000,0
3958,Soy Esclavo de Tu Cuerpo,NULL,compilation,2017-01-20 00:00:00.0000000,0
3959,Felt the Pain,NULL,album,2016-11-18 00:00:00.0000000,0
396,Estados,NULL,album,2013-04-02 00:00:00.0000000,28
3960,Incomplete Insanity,NULL,album,1990-01-01 00:00:00.0000000,0
3961,Marche des Jouyeux Fetards,NULL,compilation,2008-01-01 00:00:00.0000000,0
3962,Sledgehammer,NULL,compilation,2007-11-06 00:00:00.0000000,0
3963,Drum Drive,NULL,compilation,2012-12-16 00:00:00.0000000,24
3964,Dreamin - Live From Spotify House SXSW '16,NULL,album,2016-01-01 00:00:00.0000000,0
3965,I Appreciate You (feat. Dino Conner),NULL,album,2017-06-02 00:00:00.0000000,0
3966,Cholerito,NULL,album,2019-04-02 00:00:00.0000000,0
3967,Ik Tere Nakreh Ne,NULL,compilation,2009-01-01 00:00:00.0000000,0
3968,CONTRAST,NULL,single,2014-10-30 00:00:00.0000000,0
3969,Casting Runes,NULL,album,2012-08-31 00:00:00.0000000,0
397,Our Love Is A Wave,NULL,album,2009-08-11 00:00:00.0000000,0
3970,Sunset over San Antonio (118 BPM),NULL,album,2015-10-08 00:00:00.0000000,0
3971,Changing Perspective,NULL,album,1993-08-30 00:00:00.0000000,0
3972,Introduction,NULL,album,2012-10-16 00:00:00.0000000,0
3973,(I Just) Want You,NULL,album,2006-01-01 00:00:00.0000000,0
3974,Book of Lies,NULL,compilation,2015-07-03 00:00:00.0000000,0
3975,Slave,NULL,album,2013-08-05 00:00:00.0000000,0
3976,If You Knew What She Wants,NULL,album,1996-01-01 00:00:00.0000000,0
3977,Waltz from Coppelia,NULL,album,2012-06-28 00:00:00.0000000,0
3978,Blue Rinse Baby,NULL,album,2000-01-01 00:00:00.0000000,0
3979,Motorschwein,NULL,album,2012-11-27 00:00:00.0000000,0
398,Waterfall,NULL,album,2017-02-03 00:00:00.0000000,0
3980,Sing-a-Long,NULL,album,2012-04-21 00:00:00.0000000,0
3981,Ojala Que Te Mueras,NULL,album,2015-03-01 00:00:00.0000000,0
3982,Los Pájaros - Live,NULL,album,2005-01-01 00:00:00.0000000,0
3983,Tarantella Meridionale,NULL,album,2013-02-26 00:00:00.0000000,0
3984,Ancient Termites,NULL,album,1998-10-07 00:00:00.0000000,2
3985,Road To Your Soul,NULL,album,1989-01-01 00:00:00.0000000,0
3986,Concerto in C minor: Allegro,NULL,album,2011-01-01 00:00:00.0000000,0
3987,Lucía (Señora),NULL,compilation,2014-12-02 00:00:00.0000000,0
3988,Luis Sandoval,NULL,album,2010-01-01 00:00:00.0000000,0
3989,Requiem: Introitus - Kyrie,NULL,album,2011-03-22 00:00:00.0000000,0
399,The Main Rule,NULL,single,2016-08-31 00:00:00.0000000,17
3990,Burj Khalifa,NULL,album,2017-06-16 00:00:00.0000000,0
3991,Fractals - Tomas Barfod Remix,NULL,single,2015-01-26 00:00:00.0000000,0
3992,45 Miles,NULL,album,2007-01-01 00:00:00.0000000,0
3993,Sally Mae,NULL,compilation,2012-01-03 00:00:00.0000000,0
3994,Strangest Blues,NULL,album,2005-11-15 00:00:00.0000000,0
3995,Your Past Doesn't Define You,NULL,album,2017-06-26 00:00:00.0000000,0
3996,Woman del Callao,NULL,compilation,2004-03-19 00:00:00.0000000,0
3997,Broadway Truce,NULL,album,2013-09-24 00:00:00.0000000,0
3998,WHAT'S MY NAME?,NULL,album,2010-10-08 00:00:00.0000000,0
3999,"Anderson, L.: Orchestral Music, Vol. 2 - Suite of Carols / A Harvard Festival / Song of Jupiter",NULL,album,2008-04-29 00:00:00.0000000,8
4,"Overture to L'isola disabitata, Hob.Ia:13",NULL,compilation,2013-04-30 00:00:00.0000000,0
40,Hercules,NULL,album,2012-10-24 00:00:00.0000000,0
400,Serenity,NULL,album,2005-08-26 00:00:00.0000000,0
4000,Yahweh Is the Lord (Spontaneous),NULL,album,2015-08-28 00:00:00.0000000,0
4001,The Water Is Wide,NULL,album,2014-02-01 00:00:00.0000000,0
4002,Daydreaming,NULL,album,2007-11-07 00:00:00.0000000,0
4003,Gin And Juice (as made famous by Snoop Doggy Dogg),NULL,album,2009-01-01 00:00:00.0000000,0
4004,Se Acabo El Amor,NULL,album,2010-04-30 00:00:00.0000000,0
4005,English Folk Song Suite - Arr. Gordon Jacobs: 3. Somerset Folk Songs - March,NULL,compilation,2010-01-01 00:00:00.0000000,0
4006,Scholeio,NULL,album,2000-01-01 00:00:00.0000000,0
4007,Crow,NULL,album,2011-10-18 00:00:00.0000000,0
4008,"Right Here, Right Now (feat. Kylie Minogue) - Kenny Summit Club Mix",NULL,single,2015-02-27 00:00:00.0000000,0
4009,"Violin Sonata No. 3 in D Minor, Op. 108: I. Allegro - Live",NULL,album,2016-09-26 00:00:00.0000000,0
401,You Saved Me - Live and Acoustic,NULL,album,2013-09-20 00:00:00.0000000,0
4010,Travelin' Mood,NULL,album,1994-07-19 00:00:00.0000000,8
4011,Silent Butt Deadly Night,NULL,album,2006-06-02 00:00:00.0000000,0
4012,In The Sun (feat. Angela Johnson) - Code Red Remix,NULL,single,2005-01-01 00:00:00.0000000,0
4013,All Hail Dracula!,NULL,album,2010-08-17 00:00:00.0000000,0
4014,"Well-Tempered Clavier, Book 2 - Fugue No. 6 in D Minor, BWV 875",NULL,album,2013-03-14 00:00:00.0000000,0
4015,This Christmas,NULL,album,2012-11-02 00:00:00.0000000,0
4016,Pastor Mike Hayes Spoken Word,NULL,album,2004-01-01 00:00:00.0000000,0
4017,Umawit Kayo!,NULL,album,2012-01-01 00:00:00.0000000,0
4018,Wit My Niggaz,NULL,album,2012-10-09 00:00:00.0000000,0
4019,All Of Me,NULL,album,2003-01-01 00:00:00.0000000,0
402,Princess Mononoke,NULL,album,2012-12-12 00:00:00.0000000,0
4020,Beautiful Mercy,NULL,single,2013-08-20 00:00:00.0000000,0
4021,"3 the Hard Way, Vol. 2",NULL,compilation,2005-08-01 00:00:00.0000000,3
4022,We All Know How This Will End,NULL,album,2019-03-15 00:00:00.0000000,0
4023,The Mirror,NULL,album,2010-11-16 00:00:00.0000000,0
4024,A Lot Of Livin' To Do,NULL,album,2009-10-13 00:00:00.0000000,0
4025,Shaolin Subs - Original Mix,NULL,compilation,2014-11-16 00:00:00.0000000,0
4026,Tomasín,NULL,single,2021-01-20 00:00:00.0000000,2
4027,It's Official - snippet,NULL,album,2001-08-06 00:00:00.0000000,0
4028,Zabrakadabra,NULL,album,2009-01-01 00:00:00.0000000,0
4029,The World Around You,NULL,album,2007-10-18 00:00:00.0000000,0
403,No Sleep (feat. Indra),NULL,compilation,2016-09-17 00:00:00.0000000,0
4030,"Days Of Elijah - You Are My King, Vol. 1 Album Version",NULL,album,2011-01-01 00:00:00.0000000,0
4031,Jesus Don't Live in America,NULL,album,2016-02-01 00:00:00.0000000,0
4032,One O'Clock Jump,NULL,album,2005-01-01 00:00:00.0000000,0
4033,Bırak Gitsin,NULL,album,2005-01-01 00:00:00.0000000,0
4034,Bisagra,NULL,album,2019-05-07 00:00:00.0000000,1
4035,Jammin,NULL,single,2016-07-25 00:00:00.0000000,0
4036,Bliss - Original Mix,NULL,compilation,2013-07-25 00:00:00.0000000,0
4037,Confusion,NULL,album,2003-10-07 00:00:00.0000000,0
4038,Disease,NULL,album,2007-05-08 00:00:00.0000000,0
4039,El Toro Loco,NULL,album,2012-01-01 00:00:00.0000000,0
404,Second Love,NULL,album,2007-11-30 00:00:00.0000000,0
4040,How Deep Is the Ocean,NULL,compilation,2014-12-15 00:00:00.0000000,0
4041,Thooth It,NULL,album,2016-06-10 00:00:00.0000000,0
4042,That Good Life,NULL,compilation,2005-03-25 00:00:00.0000000,0
4043,Sexy Ways,NULL,album,2012-09-25 00:00:00.0000000,0
4044,Adventsstimmung,NULL,album,2009-10-22 00:00:00.0000000,0
4045,Rise,NULL,single,2014-12-24 00:00:00.0000000,0
4046,Las Abejas,NULL,album,2016-06-27 00:00:00.0000000,3
4047,"La Forza del Destino (Highlights): Act I: Scena e duetto - M'aiuti, signorina",NULL,album,1970-01-01 00:00:00.0000000,0
4048,It Don´t Mean a Thing,NULL,compilation,2011-09-15 00:00:00.0000000,0
4049,Top Of The Form,NULL,album,2015-09-21 00:00:00.0000000,0
405,So in Love,NULL,compilation,2014-11-01 00:00:00.0000000,0
4050,Poison - Re-Work 2012,NULL,album,2012-02-27 00:00:00.0000000,0
4051,Cut Me Down,NULL,album,1989-01-01 00:00:00.0000000,0
4052,Dallouni Aal Einayn El Soud,NULL,album,1994-01-01 00:00:00.0000000,0
4053,Indigo Blues - Freeformreform,NULL,album,2003-09-09 00:00:00.0000000,0
4054,Intro,NULL,album,2013-11-08 00:00:00.0000000,0
4055,Electra,NULL,album,1997-01-01 00:00:00.0000000,0
4056,Sufre Como Yo,NULL,album,2015-06-02 00:00:00.0000000,0
4057,Soul Pleasure,NULL,compilation,2016-03-29 00:00:00.0000000,0
4058,"Bach, JS: Cello Suite No. 1 in G Major, BWV 1007: VI. Menuet II",NULL,album,1997-01-01 00:00:00.0000000,0
4059,EXCLUSIVE CALIFA THUGS TRACK,NULL,compilation,2008-10-07 00:00:00.0000000,0
406,Matador - Snippet/Instrumental,NULL,album,1996-01-01 00:00:00.0000000,0
4060,Sea ​​Song,NULL,album,2011-06-17 00:00:00.0000000,0
4061,Right Now,NULL,album,2006-07-18 00:00:00.0000000,0
4062,Parev Darek,NULL,compilation,2008-10-15 00:00:00.0000000,0
4063,Neon Hero,NULL,compilation,2014-11-28 00:00:00.0000000,0
4064,Ghost of Gloria Goodchild,NULL,album,2013-08-26 00:00:00.0000000,0
4065,Pho Vang Em Roi,NULL,album,1993-01-01 00:00:00.0000000,0
4066,If I Only Had The Nerve / We're Off To See The Wizard,NULL,album,2011-01-01 00:00:00.0000000,0
4067,"Золотая коллекция. Лучшие песни, Часть 1",NULL,album,2014-05-05 00:00:00.0000000,0
4068,Cosmic Forces,NULL,album,2007-10-01 00:00:00.0000000,1
4069,"Beethoven : Piano Trios Nos 1, 3 & 4 (Apex)",NULL,album,1985-01-01 00:00:00.0000000,0
407,Settle Down - Christopher Martin Ft Assassin - Jugglin Mix,NULL,album,2011-05-31 00:00:00.0000000,0
4070,3 Bullets In The Back,NULL,album,1997-10-27 00:00:00.0000000,0
4071,Psychobilly Goes Pop,NULL,compilation,2012-02-14 00:00:00.0000000,39
4072,Take Shelter,NULL,album,2021-01-30 00:00:00.0000000,9
4073,Elevation,NULL,compilation,2016-12-28 00:00:00.0000000,0
4074,Everything,NULL,album,2013-09-03 00:00:00.0000000,0
4075,The Cobbler,NULL,compilation,2014-11-18 00:00:00.0000000,0
4076,Sayat Nova - Remastered,NULL,album,1990-01-01 00:00:00.0000000,0
4077,Bankrobber - Remastered,NULL,compilation,1988-01-01 00:00:00.0000000,0
4078,"Cali Bounce (feat. Big Tone, June Summers)",NULL,album,2016-01-26 00:00:00.0000000,0
4079,Mi General - Remasterizado,NULL,album,2005-09-01 00:00:00.0000000,0
408,Your Melody,NULL,album,2011-07-27 00:00:00.0000000,0
4080,Blowout,NULL,album,2012-10-27 00:00:00.0000000,0
4081,Zu Bethlem überm Stall,NULL,album,2012-09-04 00:00:00.0000000,0
4082,Everything Goes My Way - Psychemagik Remix,NULL,compilation,2012-01-01 00:00:00.0000000,0
4083,Whale Calls,NULL,album,2008-09-01 00:00:00.0000000,0
4084,Tema Introducción,NULL,album,2008-03-24 00:00:00.0000000,0
4085,To the Light - Live,NULL,album,2013-01-01 00:00:00.0000000,0
4086,Dos Locos Enamorados,NULL,album,2013-05-28 00:00:00.0000000,0
4087,遠方的孩子,NULL,album,2015-12-28 00:00:00.0000000,0
4088,Crystal Lake,NULL,compilation,2012-06-26 00:00:00.0000000,0
4089,Nereidas,NULL,album,1984-01-01 00:00:00.0000000,0
409,Khorakhané (a forza di essere vento),NULL,compilation,1999-12-03 00:00:00.0000000,0
4090,He Vuelto a Soñar,NULL,album,2014-09-18 00:00:00.0000000,22
4091,Summertime,NULL,single,2013-07-11 00:00:00.0000000,0
4092,Follow [Mix Cut] - Original Mix,NULL,album,2010-02-12 00:00:00.0000000,0
4093,"Christmas Oratorio, BWV 248 / Part Two - For the second Day of Christmas: No.21 Chor: ""Ehre sei Gott in der Höhe""",NULL,compilation,2005-01-01 00:00:00.0000000,0
4094,She's Got A Way,NULL,album,2005-02-08 00:00:00.0000000,0
4095,Locomotor Movement,NULL,album,2010-12-03 00:00:00.0000000,0
4096,Sweet Temptations,NULL,album,2012-11-27 00:00:00.0000000,0
4097,Mendelssohn: Quatuors Op. 80 & Op. 44 No. 1,NULL,album,2003-07-01 00:00:00.0000000,1
4098,Donde Está la Luz,NULL,album,1993-01-01 00:00:00.0000000,30
4099,"Ten Songs, Ten Years",NULL,album,2012-06-01 00:00:00.0000000,11
41,El Viejito Garanon,NULL,compilation,2006-01-01 00:00:00.0000000,0
410,Make It Real,NULL,album,2014-07-15 00:00:00.0000000,0
4100,"J. S. Bach: The Well-Tempered Clavier Book I: Prelude and Fugue in B-Flat Major, BWV 866: I. Prelude",NULL,album,2007-06-02 00:00:00.0000000,0
4101,The One That Got Away (Workout Mix + 135 BPM),NULL,album,2012-10-29 00:00:00.0000000,0
4102,All Falls Down,NULL,album,2003-12-16 00:00:00.0000000,0
4103,London!,NULL,album,2008-10-29 00:00:00.0000000,0
4104,Classic Chill Out Music,NULL,album,2014-05-14 00:00:00.0000000,0
4105,Static,NULL,album,1997-01-01 00:00:00.0000000,0
4106,The Morning Gale EP,NULL,single,2007-10-22 00:00:00.0000000,0
4107,"Fontaine lumineuse, Waltz, Op. 247",NULL,album,1993-12-14 00:00:00.0000000,0
4108,On The Hunt,NULL,album,2007-06-04 00:00:00.0000000,0
4109,The Guitar Man,NULL,album,2013-07-02 00:00:00.0000000,0
411,For Your Precious Love,NULL,album,2008-05-13 00:00:00.0000000,0
4110,Cubo Del Sur,NULL,compilation,1963-01-01 00:00:00.0000000,0
4111,Quiero Olvidar,NULL,single,2015-04-29 00:00:00.0000000,0
4112,You Made Me Love You,NULL,compilation,2014-10-28 00:00:00.0000000,0
4113,You Got It,NULL,album,2012-10-29 00:00:00.0000000,0
4114,The Imperative Expression,NULL,album,2012-01-11 00:00:00.0000000,0
4115,King Champion,NULL,album,2012-01-17 00:00:00.0000000,0
4116,Loud And Soft,NULL,album,1998-01-01 00:00:00.0000000,0
4117,Some Enchanted Evening (Jay And The Americans Karaoke Tribute) - Karaoke Mix,NULL,album,2011-09-28 00:00:00.0000000,0
4118,Nineteen,NULL,album,2005-01-01 00:00:00.0000000,0
4119,"Album for the Young, Op. 39: No. 23. At Church (A L'eglise)",NULL,album,2011-06-07 00:00:00.0000000,0
412,Reina,NULL,album,2014-09-30 00:00:00.0000000,0
4120,Tantric Chill Lounge Sensation,NULL,compilation,2013-03-10 00:00:00.0000000,0
4121,Double Dynamite,NULL,album,1966-01-01 00:00:00.0000000,22
4122,Conduits to Eternity,NULL,album,2010-04-26 00:00:00.0000000,0
4123,I've Got Work To Do,NULL,album,2000-01-01 00:00:00.0000000,0
4124,Owls Kiss (feat. Lancelot Knight),NULL,album,2013-05-23 00:00:00.0000000,0
4125,Yo Soy Una Mujer,NULL,album,2009-01-01 00:00:00.0000000,0
4126,"Variations On An Original Theme, Op.36 ""Enigma"": 12. B.G.N. (Andante)",NULL,album,1994-01-01 00:00:00.0000000,0
4127,Conga Cubana,NULL,album,2014-11-08 00:00:00.0000000,0
4128,Te Recordaremos,NULL,album,2005-01-01 00:00:00.0000000,0
4129,"O Come, Little Children - Split Track",NULL,album,1997-05-01 00:00:00.0000000,0
413,Burnin,NULL,compilation,2013-05-27 00:00:00.0000000,0
4130,Piano Music For A Fall Day,NULL,album,2008-08-20 00:00:00.0000000,0
4131,Engerl Menuett,NULL,album,2008-12-18 00:00:00.0000000,0
4132,Dixieland Blues,NULL,compilation,2015-02-13 00:00:00.0000000,0
4133,Paradigm - Original Mix,NULL,single,2014-03-31 00:00:00.0000000,0
4134,只有自己和藥知,NULL,album,2003-01-01 00:00:00.0000000,0
4135,Hear Me Holler,NULL,album,2012-09-08 00:00:00.0000000,0
4136,Best Reggaeton & Latin Compilation,NULL,album,2016-09-09 00:00:00.0000000,4
4137,Amour Habla Me Dulcemente - 2010 Digital Remaster,NULL,compilation,2010-01-01 00:00:00.0000000,0
4138,Jonalu,NULL,album,2013-12-13 00:00:00.0000000,0
4139,Don't Give Up,NULL,album,2012-03-23 00:00:00.0000000,0
414,Drive To Cold Springs,NULL,album,2016-12-09 00:00:00.0000000,0
4140,I'm Not a Punk,NULL,compilation,1995-02-01 00:00:00.0000000,0
4141,Skit - A Word from Our Sponsor,NULL,album,2010-09-25 00:00:00.0000000,0
4142,Hey World,NULL,album,2020-11-20 00:00:00.0000000,66
4143,Nobody Cares - Psychemagik Remix,NULL,album,2016-03-11 00:00:00.0000000,0
4144,Blackheart's Bay,NULL,album,2017-05-30 00:00:00.0000000,0
4145,The Rockstar Pack,NULL,single,2019-12-13 00:00:00.0000000,13
4146,Skyline,NULL,album,2007-12-11 00:00:00.0000000,0
4147,Log 5 (Rerecorded),NULL,album,2015-12-14 00:00:00.0000000,0
4148,Deeply Concerned,NULL,album,1987-02-16 00:00:00.0000000,14
4149,Caccini: Sacred and Secular Songs,NULL,album,2013-02-14 00:00:00.0000000,16
415,Pruitt Igoe - OR Version,NULL,album,2011-06-13 00:00:00.0000000,0
4150,H-Town (feat. So Uniq),NULL,album,2011-01-08 00:00:00.0000000,0
4151,Ooh Bop She Ban,NULL,compilation,2009-05-09 00:00:00.0000000,0
4152,Nostalgia,NULL,compilation,2016-12-19 00:00:00.0000000,0
4153,"Seven Variations in D, K.25 on ""Willem van Nassau"": Variation 5 - Adagio",NULL,album,2006-09-09 00:00:00.0000000,0
4154,Hela Jaathika Abhimaane - Single,NULL,single,1977-06-15 00:00:00.0000000,7
4155,"Dies sind die heil'gen zehn Gebot, BWV 635",NULL,album,2000-01-01 00:00:00.0000000,0
4156,Sin Sangre En Las Venas,NULL,album,2007-06-20 00:00:00.0000000,0
4157,Sweven - Makotrax Remix,NULL,album,2014-04-29 00:00:00.0000000,0
4158,Midnight Room,NULL,single,2010-05-03 00:00:00.0000000,0
4159,Human - Power Remix,NULL,album,2010-05-09 00:00:00.0000000,0
416,"Swan Lake, Ballet Suite, Op. 20: Hungarian Dance",NULL,compilation,2009-04-28 00:00:00.0000000,0
4160,Christmas Song (Chestnuts Roasting On An Open Fire),NULL,album,1996-01-01 00:00:00.0000000,0
4161,TASTY MALONEY,NULL,album,2000-02-07 00:00:00.0000000,0
4162,Valley View Avenue,NULL,album,2005-01-01 00:00:00.0000000,0
4163,I'm An Albatraoz - Sub Phonix Remix,NULL,single,2015-02-09 00:00:00.0000000,0
4164,"One Day, Some Day",NULL,album,2014-03-26 00:00:00.0000000,0
4165,Crazy Monkey,NULL,album,2009-12-01 00:00:00.0000000,0
4166,Heart Shaped Box,NULL,album,2008-07-25 00:00:00.0000000,0
4167,Ven Por Favor,NULL,album,1998-01-01 00:00:00.0000000,0
4168,Algo Especial,NULL,album,2005-01-01 00:00:00.0000000,0
4169,Under the Surface,NULL,album,2014-10-20 00:00:00.0000000,0
417,I Got Twenty Four Hours - New York Party Mix,NULL,album,2015-04-07 00:00:00.0000000,0
4170,Second Best,NULL,album,2003-01-01 00:00:00.0000000,0
4171,Earthquake,NULL,album,2011-06-01 00:00:00.0000000,0
4172,Through the Window,NULL,single,2021-03-05 00:00:00.0000000,8
4173,Ui Yia Uia - Moon B Dark Dub,NULL,single,2015-11-13 00:00:00.0000000,0
4174,Song from Incidental Music,NULL,album,2012-11-19 00:00:00.0000000,0
4175,Abraham soulage mwen,NULL,compilation,2008-05-05 00:00:00.0000000,0
4176,Bobby Shafto,NULL,album,2007-01-01 00:00:00.0000000,0
4177,The Theme [ASOT 719] - MaRLo Remix,NULL,album,2015-06-25 00:00:00.0000000,0
4178,Endless Horizon,NULL,album,2017-08-04 00:00:00.0000000,0
4179,Greeting Song,NULL,album,2005-01-01 00:00:00.0000000,0
418,Good to the Last Drop,NULL,compilation,2013-05-21 00:00:00.0000000,0
4180,Radio They Might Be Giants #3,NULL,album,2000-01-01 00:00:00.0000000,0
4181,The Grind,NULL,album,2001-01-01 00:00:00.0000000,0
4182,Feel It - Feel The Phantoms Mix,NULL,single,2007-06-19 00:00:00.0000000,0
4183,On the Limits of Tomorrow,NULL,album,2013-01-01 00:00:00.0000000,0
4184,"Viola Sonata No. 1 in F Minor, Op. 120: IV. Vivace",NULL,album,1987-08-01 00:00:00.0000000,0
4185,I Do Me,NULL,compilation,2015-11-27 00:00:00.0000000,0
4186,"De Nuevo A Tu Lado - Live Ojinaga Chihuahua, México/2002",NULL,album,2002-01-01 00:00:00.0000000,0
4187,No Vanity Love,NULL,album,2007-01-01 00:00:00.0000000,0
4188,Eso Eres para Mí (Bolero),NULL,album,2014-04-02 00:00:00.0000000,0
4189,The Dance,NULL,album,2015-08-14 00:00:00.0000000,0
419,La Bamba - Boogaloo,NULL,album,1965-01-01 00:00:00.0000000,0
4190,Aye Mama,NULL,album,2016-11-24 00:00:00.0000000,0
4191,"Восьмиклассница - Акустический концерт Виктора Цоя в малом зале Горхолла. Таллин, 6 марта 1988 г.",NULL,album,1988-01-01 00:00:00.0000000,0
4192,What My Baby Needs Now Is A Little More Lovin' - Single Version,NULL,album,2009-01-01 00:00:00.0000000,0
4193,Tu Lugar Favorito,NULL,album,2017-03-01 00:00:00.0000000,0
4194,Famous Musical Hits,NULL,album,2014-01-24 00:00:00.0000000,33
4195,"Mer hahn en neue Oberkeet, BWV 212, ""Bauernkantate"": Rezitativ: ""Und damit sei es auch genug""",NULL,album,1977-01-01 00:00:00.0000000,0
4196,Quien Sera (Sway 2K9 Mucho Mambo) - Juergen G-Punkt Spanish Remix,NULL,single,2009-07-31 00:00:00.0000000,0
4197,Running,NULL,album,1996-01-01 00:00:00.0000000,0
4198,Chill,NULL,album,2011-04-05 00:00:00.0000000,0
4199,Wake Me Up (feat. Jesse Grandmont),NULL,album,2015-07-14 00:00:00.0000000,0
42,Devils (Flatmate Remix),NULL,compilation,2017-05-09 00:00:00.0000000,0
420,Her Brown Blood,NULL,album,1999-01-01 00:00:00.0000000,0
4200,Living Room,NULL,album,2016-11-04 00:00:00.0000000,0
4201,Merrily Kissed The Quaker,NULL,album,2003-08-15 00:00:00.0000000,0
4202,Rush Limbaugh,NULL,album,2016-04-15 00:00:00.0000000,0
4203,Post - Live (EU Version),NULL,album,2003-01-01 00:00:00.0000000,0
4204,Mindfulness Meditation,NULL,album,2015-02-03 00:00:00.0000000,0
4205,Trouble of the World,NULL,compilation,1995-05-26 00:00:00.0000000,0
4206,No Se Tu (Popularizado por Luis Miguel) [Karaoke Version],NULL,album,2012-07-31 00:00:00.0000000,0
4207,Supergirl - Movie Theme,NULL,album,2008-05-30 00:00:00.0000000,0
4208,"30 Cha Cha Rohani, Vol. 3",NULL,album,2010-02-08 00:00:00.0000000,23
4209,All I Want Is You (EP),NULL,single,2012-11-06 00:00:00.0000000,0
421,Winter Chords - Original Mix,NULL,album,2013-06-15 00:00:00.0000000,0
4210,New Orleans Funerals,NULL,album,2011-09-19 00:00:00.0000000,0
4211,Mala Suerte,NULL,album,2003-01-01 00:00:00.0000000,0
4212,Face to Face - Live,NULL,album,2010-01-01 00:00:00.0000000,0
4213,Vine,NULL,album,1998-04-07 00:00:00.0000000,0
4214,Panasonic Youth,NULL,album,2004-07-20 00:00:00.0000000,0
4215,"The Piano G & Ts, Vol. 1: Recordings from the Gramophone & Typewriter Era (Recorded 1900-1907)",NULL,album,1995-11-01 00:00:00.0000000,3
4216,Southern Sun - D.J Tiesto Mix,NULL,compilation,2014-12-19 00:00:00.0000000,0
4217,Bad Habit,NULL,album,2011-08-05 00:00:00.0000000,0
4218,My Orchid Lei,NULL,compilation,2006-02-26 00:00:00.0000000,0
4219,Jubilee Program Intro,NULL,compilation,1996-01-01 00:00:00.0000000,0
422,"The Mummy ""Sand Volcano/Love Theme""",NULL,compilation,2002-01-01 00:00:00.0000000,0
4220,Ponad Turnie,NULL,album,2006-01-01 00:00:00.0000000,0
4221,Lock Down (Skit),NULL,album,2009-05-19 00:00:00.0000000,0
4222,Away,NULL,single,2012-11-20 00:00:00.0000000,0
4223,House of Frankenstein (orch. J. Morgan and W. T. Stromberg): Dracula Restored,NULL,album,1996-02-26 00:00:00.0000000,0
4224,Black Beret - Percussion Added,NULL,album,1990-01-01 00:00:00.0000000,0
4225,Kind Of Comfort,NULL,album,2013-01-01 00:00:00.0000000,0
4226,Blue Quiet Sound,NULL,album,2015-04-05 00:00:00.0000000,0
4227,Parental Content,NULL,album,2010-03-30 00:00:00.0000000,0
4228,Live at Safari Club,NULL,album,1989-01-01 00:00:00.0000000,14
4229,Summer Love,NULL,album,2017-05-14 00:00:00.0000000,0
423,This Is It,NULL,album,1995-01-01 00:00:00.0000000,0
4230,El Sancho,NULL,album,1994-03-02 00:00:00.0000000,0
4231,U Don't Want None,NULL,album,2016-04-13 00:00:00.0000000,0
4232,Dissolve [ASOT 668] - Original Mix,NULL,album,2014-06-19 00:00:00.0000000,0
4233,Freeway - Ralphie B. Mix,NULL,compilation,2007-05-02 00:00:00.0000000,0
4234,"Sarasate: Carmen Concert Fantasy, Op. 25: V. Moderato",NULL,album,2001-09-01 00:00:00.0000000,0
4235,Rude Boys Quarters,NULL,album,2017-09-08 00:00:00.0000000,0
4236,"Piano Sonata No. 21 in C Major, Op. 53 ""Waldstein"": III. Rondo (Allegretto moderato - Prestissimo)",NULL,album,2011-01-01 00:00:00.0000000,0
4237,Le train bleu: III. Entree de Perlouse,NULL,album,2013-02-26 00:00:00.0000000,0
4238,Ma and Pa,NULL,album,2014-04-04 00:00:00.0000000,0
4239,Due in June - Instrumental,NULL,album,2013-01-29 00:00:00.0000000,0
424,Babylon Take I Down,NULL,single,2013-09-06 00:00:00.0000000,0
4240,Autumn Rest Easy,NULL,album,2009-11-24 00:00:00.0000000,18
4241,"Goodnite, Sweetheart, Goodnite",NULL,compilation,2008-09-30 00:00:00.0000000,0
4242,Book I: Prelude and Fugue No. 1 in C Major BWV 846: II. Fugue,NULL,album,2014-10-14 00:00:00.0000000,0
4243,Praia Brava,NULL,album,2013-05-17 00:00:00.0000000,0
4244,Chhuye Dile Mon (Original Motion Pictur Soundtrack),NULL,single,2014-11-27 00:00:00.0000000,34
4245,Christmas Song,NULL,album,2000-10-17 00:00:00.0000000,0
4246,Jingle Bell Rock,NULL,album,1993-01-01 00:00:00.0000000,0
4247,It's Over,NULL,album,2016-02-17 00:00:00.0000000,0
4248,Intro,NULL,album,2006-05-03 00:00:00.0000000,0
4249,Watching You,NULL,album,2011-09-27 00:00:00.0000000,0
425,Something New,NULL,album,2007-09-11 00:00:00.0000000,0
4250,When the Special Girlfriend,NULL,album,1996-12-02 00:00:00.0000000,0
4251,Adelai,NULL,album,2007-01-01 00:00:00.0000000,0
4252,Secret Place,NULL,album,2013-11-25 00:00:00.0000000,0
4253,Once in a While (Nor Elle Mix),NULL,album,2012-11-13 00:00:00.0000000,0
4254,Magic 19,NULL,album,2016-06-03 00:00:00.0000000,0
4255,Ports Of Paradise,NULL,album,2011-01-01 00:00:00.0000000,0
4256,Good Thing - Nene,NULL,album,2014-04-19 00:00:00.0000000,0
4257,The Great Litany,NULL,album,2014-10-03 00:00:00.0000000,0
4258,The New Basie Blues - 45 Take,NULL,album,2011-01-01 00:00:00.0000000,0
4259,She's Actin' Single (I'm Drinkin' Doubles),NULL,compilation,1998-09-09 00:00:00.0000000,0
426,痛哭,NULL,compilation,1994-01-24 00:00:00.0000000,0
4260,Only Hope,NULL,compilation,2003-01-01 00:00:00.0000000,0
4261,"Ah, Pretty Girl - Stereo",NULL,compilation,2009-07-06 00:00:00.0000000,0
4262,Toccata in D Minor,NULL,compilation,2011-10-18 00:00:00.0000000,0
4263,The Hope - Recondite's Morning Promenade,NULL,album,2017-07-28 00:00:00.0000000,0
4264,Altas Horas,NULL,album,2001-01-12 00:00:00.0000000,0
4265,Dreaming of You,NULL,album,2009-11-01 00:00:00.0000000,0
4266,"Also sprach Zarathustra, Op. 30, TrV 176: Einleitung (2001 - Odyssee im Weltraum): Nachtwandlerlied",NULL,album,1998-01-01 00:00:00.0000000,0
4267,Online Dating,NULL,album,2010-10-22 00:00:00.0000000,0
4268,You On A Good Day,NULL,album,2008-01-01 00:00:00.0000000,0
4269,Prepare A Place,NULL,compilation,2005-10-25 00:00:00.0000000,0
427,Poeta y Campesino,NULL,album,1988-12-30 00:00:00.0000000,0
4270,Vacilar y Joder,NULL,album,2015-12-11 00:00:00.0000000,0
4271,キミの瞳に恋してる(特別盤),NULL,album,2010-07-21 00:00:00.0000000,7
4272,Bomba Relogio,NULL,compilation,2012-05-03 00:00:00.0000000,0
4273,The Motto,NULL,compilation,2012-01-01 00:00:00.0000000,0
4274,Messiaen : Vingt regards sur l'enfant Jésus : XV Le baiser de l'Enfant-Jésus,NULL,album,2000-02-25 00:00:00.0000000,0
4275,Hanasich Hagadol,NULL,album,2004-01-01 00:00:00.0000000,0
4276,For the Summer,NULL,album,2000-01-01 00:00:00.0000000,0
4277,Treeze,NULL,album,2019-07-13 00:00:00.0000000,4
4278,Phantom,NULL,single,2012-10-05 00:00:00.0000000,0
4279,Good Morning,NULL,album,2009-09-25 00:00:00.0000000,0
428,Espera y Verás,NULL,album,2002-01-01 00:00:00.0000000,0
4280,難忘您,NULL,album,2006-01-01 00:00:00.0000000,0
4281,"Atenaide, RV 702-B, Act II. Scene IV.: Recitativo",NULL,album,2007-09-18 00:00:00.0000000,0
4282,"Symphony No. 34 in D Minor / D Major, Hob.I:34: III. Menuet - Trio",NULL,album,2003-01-01 00:00:00.0000000,0
4283,Días de Vino y Rosas,NULL,compilation,2004-01-01 00:00:00.0000000,0
4284,Mrtav Covek,NULL,single,2017-03-26 00:00:00.0000000,0
4285,Suzy Greenberg,NULL,album,1993-01-01 00:00:00.0000000,0
4286,Eureka,NULL,single,2017-07-21 00:00:00.0000000,0
4287,Without Regret,NULL,album,2008-03-04 00:00:00.0000000,0
4288,"Catalani: Loreley, Act 1 Tableau 1: ""Nel verde maggio, un dì dal bosco"" (Walter)",NULL,album,2009-03-23 00:00:00.0000000,0
4289,Steady Operator,NULL,album,2011-05-10 00:00:00.0000000,0
429,Estelita,NULL,album,2015-03-19 00:00:00.0000000,0
4290,To the Lighthouse,NULL,album,2011-03-07 00:00:00.0000000,0
4291,Kitty's Wedding / Jimmy Kelly's / The Noon Lasses,NULL,album,1996-01-01 00:00:00.0000000,0
4292,CROSSING,NULL,album,2019-06-19 00:00:00.0000000,13
4293,"Concerto pour trois clavecins in D Minor, BWV 1063: I. —",NULL,album,2004-01-01 00:00:00.0000000,0
4294,Outro,NULL,album,2012-11-17 00:00:00.0000000,0
4295,Shout Raucously,NULL,album,2004-01-01 00:00:00.0000000,0
4296,Reet Petite,NULL,compilation,2003-09-09 00:00:00.0000000,0
4297,"Built to Last""",NULL,album,2014-04-08 00:00:00.0000000,15
4298,Back Down - Original Mix,NULL,album,2013-04-19 00:00:00.0000000,0
4299,I Love You (Baby Please Don't Go),NULL,album,2016-11-01 00:00:00.0000000,0
43,Intimate Connections,NULL,album,2010-09-01 00:00:00.0000000,0
430,Tenore di Bitti,NULL,album,2004-05-10 00:00:00.0000000,1
4300,Bahu Dur Dur,NULL,album,2003-06-16 00:00:00.0000000,0
4301,Loving You,NULL,album,2007-08-14 00:00:00.0000000,0
4302,Love Is a Game,NULL,compilation,2006-01-01 00:00:00.0000000,0
4303,"Partita (French Overture) for Harpsichord in B minor, BWV 831: 2. Courante",NULL,album,1993-01-01 00:00:00.0000000,0
4304,Music To Cook To,NULL,compilation,2011-12-26 00:00:00.0000000,0
4305,Los Tequileros,NULL,album,2015-09-17 00:00:00.0000000,0
4306,Ginger Wine,NULL,album,2010-10-12 00:00:00.0000000,0
4307,Wild Flower,NULL,compilation,1992-01-01 00:00:00.0000000,0
4308,Keep on Falling - Radio Edit,NULL,album,2016-03-18 00:00:00.0000000,0
4309,Lightning & Rain Storm Sounds,NULL,album,2017-06-15 00:00:00.0000000,0
431,What A Gwan,NULL,album,2006-08-01 00:00:00.0000000,0
4310,Overload - The Anthem - Vortex vs. Zatox Remix,NULL,compilation,2012-01-01 00:00:00.0000000,0
4311,Blueberry Hill,NULL,album,2014-12-10 00:00:00.0000000,0
4312,Te Ofrezco,NULL,single,2020-08-28 00:00:00.0000000,25
4313,Study War No More (feat. Judith Durham) - Mono; 2009 Remaster,NULL,album,2009-05-25 00:00:00.0000000,0
4314,Jogging With Ben,NULL,album,1998-01-01 00:00:00.0000000,0
4315,Brzydula i rudzielec,NULL,album,2015-06-12 00:00:00.0000000,0
4316,Candide,NULL,compilation,1994-01-01 00:00:00.0000000,0
4317,Oaze Snova,NULL,album,2011-12-29 00:00:00.0000000,0
4318,Luv n It,NULL,compilation,2015-08-16 00:00:00.0000000,0
4319,"Tilge, Höchster, meine Sünden, BWV 1083: Sieh, ich bin in Sund empfangen (Soprano)",NULL,album,2012-10-02 00:00:00.0000000,0
432,"Piano Sonata No. 22 in F Major, Op. 54: II. Allegretto",NULL,album,2016-07-01 00:00:00.0000000,0
4320,Chicago,NULL,album,2011-09-15 00:00:00.0000000,0
4321,He Say She Say,NULL,album,2012-03-06 00:00:00.0000000,0
4322,38 Degrees,NULL,single,2015-06-19 00:00:00.0000000,17
4323,Ritmo Chacalozo,NULL,album,2017-06-05 00:00:00.0000000,0
4324,"Say it with Music (Say it with Music 'A Touch of Latin', 1960) [remastered]",NULL,compilation,2011-05-11 00:00:00.0000000,0
4325,I Can Understand It,NULL,compilation,1990-01-01 00:00:00.0000000,0
4326,Chicken Head Hoes (Skit),NULL,album,2004-03-09 00:00:00.0000000,0
4327,Happy Birthday,NULL,album,2006-01-01 00:00:00.0000000,0
4328,Sow Righteous Seeds (Hymn),NULL,album,2016-06-03 00:00:00.0000000,0
4329,Amor de Calle,NULL,album,1998-01-01 00:00:00.0000000,0
433,The Complete Plantation Recordings,NULL,album,1993-01-01 00:00:00.0000000,0
4330,"Concerto in D Minor for Violin and Orchestra, Op. 47: II. Adagio di molto",NULL,compilation,2009-03-03 00:00:00.0000000,0
4331,Tankar - Bonus,NULL,album,2016-06-03 00:00:00.0000000,0
4332,Vuelve Mi Amor,NULL,album,2012-08-01 00:00:00.0000000,0
4333,Sex Appeal,NULL,album,2006-08-31 00:00:00.0000000,0
4334,Jazz Code,NULL,compilation,2009-04-28 00:00:00.0000000,0
4335,BLQLYTE,NULL,album,2020-04-24 00:00:00.0000000,15
4336,Ми разом! Мы вместе!,NULL,album,2017-09-21 00:00:00.0000000,0
4337,Ame no ki (Rain Tree): Rain Tree,NULL,album,2003-10-18 00:00:00.0000000,0
4338,La-La (Means I Love You),NULL,album,2013-06-29 00:00:00.0000000,0
4339,Weltendämmerung,NULL,album,2006-01-01 00:00:00.0000000,3
434,Use Somebody,NULL,album,2013-05-15 00:00:00.0000000,0
4340,Poradnik Sukcesu,NULL,album,2020-09-25 00:00:00.0000000,46
4341,Blue (Da Ba Dee) - Workout Mix,NULL,album,2015-10-13 00:00:00.0000000,0
4342,Fresh,NULL,album,2013-08-17 00:00:00.0000000,0
4343,"I'm Going to Make a Cake from ""The Hours""",NULL,album,2012-03-01 00:00:00.0000000,0
4344,Play Gypsy Play,NULL,album,1992-01-01 00:00:00.0000000,0
4345,Bili Smo Raja,NULL,album,2011-01-01 00:00:00.0000000,21
4346,BDAA (Balalaika and Domra Association of America) 2010 Festival of Russian Music,NULL,album,2010-04-15 00:00:00.0000000,1
4347,Vakar över dig,NULL,album,2001-01-01 00:00:00.0000000,0
4348,Te He De Querer (En Vivo),NULL,album,2016-10-03 00:00:00.0000000,0
4349,Stone Flower,NULL,compilation,1997-01-01 00:00:00.0000000,0
435,La Bueyada,NULL,album,2004-01-01 00:00:00.0000000,0
4350,Dance4Life - Radio Edit,NULL,album,2010-05-17 00:00:00.0000000,0
4351,Prelude - Andrew Bayer & James Grant Remix,NULL,album,2012-02-24 00:00:00.0000000,0
4352,The 8th Vibe,NULL,album,2016-11-17 00:00:00.0000000,0
4353,The Plain Of Ida,NULL,album,2005-06-28 00:00:00.0000000,0
4354,Introduction,NULL,album,1974-01-01 00:00:00.0000000,0
4355,Adeste Fidele,NULL,album,2010-11-27 00:00:00.0000000,0
4356,Nargile,NULL,single,2020-03-15 00:00:00.0000000,31
4357,Burrow,NULL,album,2013-01-29 00:00:00.0000000,0
4358,Psalm 93: The Lord Is King And Hath Put On Glorious Apparel,NULL,album,1992-06-01 00:00:00.0000000,0
4359,Filho do Minho - Remix,NULL,album,2015-07-24 00:00:00.0000000,0
436,Sabor a Melao,NULL,album,2000-06-01 00:00:00.0000000,0
4360,My Little Red Book,NULL,album,1998-01-01 00:00:00.0000000,0
4361,Snow Damage,NULL,single,2011-11-22 00:00:00.0000000,0
4362,Moku / Petrichor,NULL,single,2016-01-01 00:00:00.0000000,2
4363,Livin’ On Love,NULL,album,2001-05-22 00:00:00.0000000,16
4364,"Dr. Wily Stage 1 - 2 (From ""Mega Man 2"")",NULL,album,2016-11-29 00:00:00.0000000,0
4365,Young,NULL,compilation,2016-01-15 00:00:00.0000000,0
4366,My Love Is Your Love,NULL,album,2001-10-09 00:00:00.0000000,0
4367,Sex Act,NULL,album,2015-09-26 00:00:00.0000000,0
4368,"John Masefield Reading Sea-Fever, Cargoes And Other Poems",NULL,album,2011-08-01 00:00:00.0000000,0
4369,Up Where We Belong,NULL,album,2007-09-25 00:00:00.0000000,0
437,Blessed Assurance,NULL,album,2010-08-19 00:00:00.0000000,0
4370,Teo's Bag,NULL,compilation,1998-03-17 00:00:00.0000000,0
4371,Soft,NULL,compilation,2008-01-01 00:00:00.0000000,0
4372,Love Bug,NULL,album,2010-02-23 00:00:00.0000000,0
4373,Try To Remember,NULL,compilation,2001-01-01 00:00:00.0000000,0
4374,Do The Jay Jay,NULL,single,2011-04-17 00:00:00.0000000,0
4375,Paganini / Arr Noras & Silva : Moses Fantasy [Variations on the G string],NULL,compilation,1964-01-01 00:00:00.0000000,0
4376,Hitz - Delta Heavy Remix,NULL,album,2011-01-01 00:00:00.0000000,0
4377,All Jacked Up,NULL,album,2012-03-29 00:00:00.0000000,0
4378,Tree of Hate,NULL,album,2012-07-14 00:00:00.0000000,0
4379,Mad Filla,NULL,single,1998-09-07 00:00:00.0000000,0
438,Meditation Rain,NULL,album,2014-07-22 00:00:00.0000000,0
4380,Un Soffio Caldo,NULL,album,2010-01-01 00:00:00.0000000,0
4381,You Make It All Worthwhile,NULL,album,1975-04-25 00:00:00.0000000,0
4382,La Barca De Oro,NULL,album,2015-05-01 00:00:00.0000000,0
4383,Da Dogz - Peter Paul Remix,NULL,single,2013-12-02 00:00:00.0000000,0
4384,I'm Gonna Laugh You Right out of My Life,NULL,album,2014-01-21 00:00:00.0000000,0
4385,Sun Don't Shine,NULL,album,2002-06-18 00:00:00.0000000,0
4386,Les jardins mouillés,NULL,album,2002-01-22 00:00:00.0000000,0
4387,Transcending People,NULL,album,2008-08-02 00:00:00.0000000,0
4388,When I Call Home (home demo),NULL,album,2005-01-01 00:00:00.0000000,0
4389,"Suite from ""Restless""",NULL,album,2002-01-01 00:00:00.0000000,0
439,Cavatina,NULL,compilation,1996-01-01 00:00:00.0000000,0
4390,"Lucrezia Borga: ""Viena la mia Vendetta""",NULL,album,2013-06-01 00:00:00.0000000,0
4391,Bitch Bad,NULL,album,2012-07-03 00:00:00.0000000,0
4392,My Soul Is A Witness,NULL,compilation,1994-03-08 00:00:00.0000000,0
4393,Antes De Cruzar El Rio,NULL,album,2016-05-26 00:00:00.0000000,0
4394,Musique d'Amour (愛の歌),NULL,album,2012-01-16 00:00:00.0000000,0
4395,"Ceremony of Carols, Op.28: Interlude",NULL,album,2013-01-01 00:00:00.0000000,0
4396,Poetic Justice,NULL,album,2011-11-11 00:00:00.0000000,9
4397,Cool Yule,NULL,album,2011-11-21 00:00:00.0000000,0
4398,Bubble Butt,NULL,album,2015-05-11 00:00:00.0000000,0
4399,"Conan, What is Best in Life? (from Conan the Barbarian)",NULL,album,2009-09-29 00:00:00.0000000,0
44,AcknowledgeMent,NULL,album,2013-04-09 00:00:00.0000000,0
440,Glad To Be Unhappy,NULL,album,2013-04-29 00:00:00.0000000,0
4400,The Way You Walk,NULL,album,2012-09-15 00:00:00.0000000,0
4401,Фантастика,NULL,album,2016-03-14 00:00:00.0000000,0
4402,Piedra y Camino - 1936-1947,NULL,album,2002-01-01 00:00:00.0000000,19
4403,Vaya Con Dios,NULL,album,2002-01-08 00:00:00.0000000,0
4404,Neo Druid,NULL,album,2019-08-30 00:00:00.0000000,5
4405,Beggar's Day (Eulogy To Danny Whitten),NULL,album,1973-01-01 00:00:00.0000000,0
4406,Your Name And Number,NULL,album,2008-11-04 00:00:00.0000000,0
4407,Cant Stop the Music (Instrumental),NULL,album,2015-04-01 00:00:00.0000000,0
4408,Talk About The Blues,NULL,album,2010-07-15 00:00:00.0000000,0
4409,大拉拉的888,NULL,album,2016-09-05 00:00:00.0000000,0
441,Weathered,NULL,single,2014-11-12 00:00:00.0000000,0
4410,Toire No Kamisama - Official Soundtrack,NULL,album,2011-01-01 00:00:00.0000000,0
4411,"Czech Christmas Mass for soloists, choir, organ and orchestra: V. Offertorium",NULL,album,1966-01-01 00:00:00.0000000,0
4412,Rayito de Luna,NULL,album,1997-01-01 00:00:00.0000000,0
4413,Serene part 1,NULL,single,2016-06-18 00:00:00.0000000,0
4414,Never Ever,NULL,album,1997-01-01 00:00:00.0000000,0
4415,Radio Takeova,NULL,album,2008-10-08 00:00:00.0000000,0
4416,Drug Flippin',NULL,album,2014-12-09 00:00:00.0000000,0
4417,You Gotta Be,NULL,album,2013-02-01 00:00:00.0000000,0
4418,Live In Detroit II (Video),NULL,album,1999-04-15 00:00:00.0000000,0
4419,The Girl Is Mine - 135 BPM Remix,NULL,album,2016-05-23 00:00:00.0000000,0
442,Ambitionz,NULL,album,2016-03-04 00:00:00.0000000,0
4420,Just Give Me a Call (feat. Jiyeon Ahn),NULL,album,2013-02-27 00:00:00.0000000,0
4421,Never Surrender,NULL,album,2012-10-30 00:00:00.0000000,0
4422,Shake Or Break EP,NULL,single,2015-06-08 00:00:00.0000000,2
4423,Ella,NULL,album,2008-08-05 00:00:00.0000000,0
4424,Traffic Jam Dance,NULL,compilation,2015-12-11 00:00:00.0000000,0
4425,Heaven Is This Place,NULL,album,1995-06-07 00:00:00.0000000,0
4426,"Schumann: Faschingsschwank aus Wien, Op. 26: No. 1, Allegro",NULL,compilation,2010-05-14 00:00:00.0000000,0
4427,Time Remembered,NULL,album,2020-10-27 00:00:00.0000000,64
4428,Will of the Scribes (Acoustic),NULL,album,2017-09-28 00:00:00.0000000,0
4429,Almonte,NULL,single,2021-02-26 00:00:00.0000000,0
443,Do The Robot Walk,NULL,album,2004-01-01 00:00:00.0000000,0
4430,Un monde parfait - Acoustic Remix,NULL,album,2006-01-01 00:00:00.0000000,0
4431,(I'll Be With You In) Apple Blossom Time,NULL,single,2014-08-22 00:00:00.0000000,0
4432,Bem-Vinda Vontade,NULL,album,2005-04-19 00:00:00.0000000,19
4433,Enter the Dark Flow,NULL,album,2016-10-01 00:00:00.0000000,0
4434,Ipso Calipso,NULL,album,2016-05-26 00:00:00.0000000,0
4435,Field Of Shattered Dreams,NULL,album,2006-06-06 00:00:00.0000000,0
4436,Separatista,NULL,album,2008-01-01 00:00:00.0000000,22
4437,奇幻旅程,NULL,album,2004-02-06 00:00:00.0000000,27
4438,Ain't Nothing Like the Real Thing,NULL,album,2015-11-16 00:00:00.0000000,0
4439,Tonight (Best You Ever Had),NULL,album,2013-09-10 00:00:00.0000000,0
444,With Her Whisper,NULL,album,2015-04-16 00:00:00.0000000,0
4440,A Test of Faith,NULL,album,2012-08-01 00:00:00.0000000,0
4441,Millennial Blues,NULL,single,2020-03-20 00:00:00.0000000,21
4442,This Old Man,NULL,album,2015-10-12 00:00:00.0000000,0
4443,Among The Dead,NULL,album,2005-09-06 00:00:00.0000000,0
4444,For Catrin,NULL,compilation,2014-07-04 00:00:00.0000000,0
4445,"Berlin, Irving: Change Partners (from the 1938 Mark Sandrich's Movie ""Carefree"")",NULL,album,1988-02-01 00:00:00.0000000,0
4446,La mia solitudine,NULL,album,1991-01-01 00:00:00.0000000,0
4447,Méditation from Thaïs,NULL,compilation,1993-01-01 00:00:00.0000000,0
4448,Undone (Interlude),NULL,album,2017-04-07 00:00:00.0000000,0
4449,Journey to Paris,NULL,album,2010-03-05 00:00:00.0000000,0
445,"Can One Day Change Your Life - Creamer, Stephane K, & Lance Jordan Extended Remix",NULL,album,2007-12-06 00:00:00.0000000,0
4450,Igboroho - Ekassa 5,NULL,album,2011-01-01 00:00:00.0000000,0
4451,"Bach, J.S.: Weihnachtsoratorium, BWV 248, Part 5: ""Erleucht auch meine finstre Sinnen"" (Bass)",NULL,compilation,2003-04-22 00:00:00.0000000,0
4452,Кораллы,NULL,compilation,2014-04-16 00:00:00.0000000,0
4453,Let's Do It (feat. Leroy Burgess) - Louie Vega Boogie Beat,NULL,single,2015-05-01 00:00:00.0000000,0
4454,Невидим,NULL,album,2010-12-11 00:00:00.0000000,24
4455,まともがわからない,NULL,single,2013-01-11 00:00:00.0000000,43
4456,The Invisible Hand,NULL,album,2012-10-15 00:00:00.0000000,0
4457,Watch Your Step (Original Mix),NULL,album,2011-05-23 00:00:00.0000000,0
4458,"Sergei Prokofiev : Sonata for Piano No. 7 In B, Flat Major, Op. 83 : I. Allegro Inquieto, 'StalIngrad",NULL,album,2010-10-04 00:00:00.0000000,0
4459,Piano and Ringtones,NULL,album,2016-12-13 00:00:00.0000000,0
446,Za Tobą Pójdę Jak Na Bal,NULL,album,2014-04-23 00:00:00.0000000,0
4460,La vague,NULL,album,2014-06-06 00:00:00.0000000,0
4461,That Woman’s Mind,NULL,compilation,2014-01-03 00:00:00.0000000,0
4462,"In dulci jubilo (Gesangbuch von Joseph Klug, 14. Jhdt.) - Arr. Robert Lucas de Pearsall (1795-1856)",NULL,album,1984-01-01 00:00:00.0000000,0
4463,Gettin' That Money (Featured In Dance Flick),NULL,compilation,2011-03-23 00:00:00.0000000,0
4464,"Kabhi Jab Unki Yaad Aati Hai (From ""Namak"") - Single",NULL,single,1946-12-31 00:00:00.0000000,0
4465,Afterlife,NULL,single,2020-08-06 00:00:00.0000000,54
4466,Volta Stin Ellada (28 Νησιωτικα & Δημοτικα),NULL,album,2009-01-22 00:00:00.0000000,34
4467,Let's Make It Loud,NULL,single,2014-04-07 00:00:00.0000000,0
4468,Night And Day,NULL,album,2008-05-05 00:00:00.0000000,0
4469,מחמאות,NULL,album,2009-01-01 00:00:00.0000000,0
447,Gabriel Ries,NULL,single,2018-09-03 00:00:00.0000000,0
4470,Espana Cani,NULL,album,2002-01-01 00:00:00.0000000,0
4471,Mary Mary,NULL,album,2012-07-20 00:00:00.0000000,0
4472,Post-Apocalyptic Elmo,NULL,album,2010-02-02 00:00:00.0000000,0
4473,Dream Of Me,NULL,album,2007-12-03 00:00:00.0000000,0
4474,Weasels Ripped My Flesh,NULL,album,1970-08-10 00:00:00.0000000,40
4475,Walking the Midnight Streets,NULL,album,2012-11-13 00:00:00.0000000,0
4476,Young Rich Kid (feat. Sky Balla),NULL,album,2005-09-13 00:00:00.0000000,0
4477,School of Rock,NULL,album,2012-05-01 00:00:00.0000000,0
4478,Malibu,NULL,album,2012-06-04 00:00:00.0000000,0
4479,Quimbara,NULL,album,2007-08-14 00:00:00.0000000,0
448,On A Feeling,NULL,album,2005-06-20 00:00:00.0000000,0
4480,Llond Lle o Hwrs a Lladron,NULL,album,2007-07-16 00:00:00.0000000,3
4481,Pump Yo' Brakes,NULL,album,2015-09-28 00:00:00.0000000,0
4482,Diamond,NULL,album,2016-02-19 00:00:00.0000000,0
4483,Chupale al Maguey,NULL,album,2013-09-09 00:00:00.0000000,0
4484,Dimension Shift,NULL,album,2002-01-01 00:00:00.0000000,0
4485,Encounter,NULL,album,2014-06-10 00:00:00.0000000,0
4486,Трус не играет в хоккей,NULL,compilation,2016-07-08 00:00:00.0000000,0
4487,Mullet,NULL,album,2011-01-31 00:00:00.0000000,0
4488,Funk It Up: The Best Of Miami,NULL,compilation,2005-08-12 00:00:00.0000000,8
4489,Ando Que Me Lleva el Diablo,NULL,album,2008-01-01 00:00:00.0000000,0
449,Me Chama,NULL,album,1999-01-01 00:00:00.0000000,0
4490,The Swim,NULL,compilation,2001-01-01 00:00:00.0000000,0
4491,Work From Home With Opera Hits,NULL,album,2020-04-05 00:00:00.0000000,25
4492,It's Frightening,NULL,album,2009-01-01 00:00:00.0000000,20
4493,Bilan actuel,NULL,album,2002-01-01 00:00:00.0000000,0
4494,There Is a Road,NULL,album,2015-02-12 00:00:00.0000000,0
4495,Dancing and Dreaming,NULL,album,2014-01-01 00:00:00.0000000,0
4496,Raymond Dassrull Larsen - I Love You,NULL,album,2008-08-25 00:00:00.0000000,0
4497,Mujeres Macizas,NULL,album,2000-07-12 00:00:00.0000000,0
4498,Lizard King - Original Mix,NULL,single,2017-02-27 00:00:00.0000000,0
4499,Honeysuckle Rose (Live Version),NULL,compilation,2015-08-07 00:00:00.0000000,0
45,The Sheik Of Araby,NULL,compilation,2013-02-17 00:00:00.0000000,0
450,Opus 72. No. 16: Klaver. Piano,NULL,album,2011-09-30 00:00:00.0000000,0
4500,Without a Clue,NULL,album,2008-08-19 00:00:00.0000000,0
4501,Sunrise,NULL,single,2009-06-23 00:00:00.0000000,7
4502,True Essence,NULL,album,2006-01-01 00:00:00.0000000,0
4503,Ave Maria (Karaoke Version),NULL,album,2017-03-13 00:00:00.0000000,0
4504,After Loving One Man from East Texas,NULL,album,2015-10-06 00:00:00.0000000,0
4505,If She Couldn't Sleep,NULL,album,1999-04-29 00:00:00.0000000,0
4506,Madness [Flashback] [ABGT207] - I Prefer This Mix,NULL,album,2016-10-01 00:00:00.0000000,0
4507,Far Cry,NULL,album,2015-08-07 00:00:00.0000000,0
4508,Prieta Casada,NULL,album,2012-02-10 00:00:00.0000000,0
4509,Ibiza 2011,NULL,compilation,2011-05-28 00:00:00.0000000,0
451,"Eine Kleine Nachtmusik, Serenade in G Major, K.525: Ii. Romanze",NULL,compilation,2012-04-27 00:00:00.0000000,0
4510,"EISLER, H.: Choral Music (Berlin Singakademie, Leipzig Radio Chorus)",NULL,album,1997-01-01 00:00:00.0000000,23
4511,"Theme from ""The Tudors""",NULL,compilation,2013-08-08 00:00:00.0000000,0
4512,When Hearts Are Large (Commentary),NULL,album,2015-11-17 00:00:00.0000000,0
4513,Never Going Back Again,NULL,album,2000-07-07 00:00:00.0000000,0
4514,Irgendwie anders,NULL,album,2013-01-01 00:00:00.0000000,0
4515,Tender Trap - EP,NULL,single,2016-04-22 00:00:00.0000000,0
4516,My Life (feat. Steve Swisher),NULL,single,2012-01-01 00:00:00.0000000,0
4517,Amor Pirata,NULL,album,1989-01-10 00:00:00.0000000,0
4518,Cello Concerto in D minor: 1. Prélude: Lento - Allegro maestoso,NULL,album,1989-01-01 00:00:00.0000000,0
4519,Leave me Alone,NULL,album,2005-04-01 00:00:00.0000000,0
452,Love is Overdue,NULL,album,2009-01-20 00:00:00.0000000,0
4520,Massenet: Thaïs,NULL,album,2000-07-07 00:00:00.0000000,0
4521,Nicotine,NULL,single,2014-05-06 00:00:00.0000000,0
4522,Falsa Traicion,NULL,album,2010-09-12 00:00:00.0000000,0
4523,"Weinen, Klagen, Sorgen, Zagen (Prélude d'après la cantate BWV 12 de J. S. Bach)",NULL,album,2004-01-01 00:00:00.0000000,0
4524,Silent Faces,NULL,album,2011-12-02 00:00:00.0000000,0
4525,Loboko,NULL,album,1965-01-01 00:00:00.0000000,0
4526,Acid Mist Tomorrow,NULL,album,2011-01-01 00:00:00.0000000,16
4527,Tooth Fairy's Lullaby,NULL,single,2021-02-08 00:00:00.0000000,59
4528,"Rue's Lullaby (From ""The Hunger Games"")",NULL,compilation,2014-09-12 00:00:00.0000000,0
4529,Smoggy Boy,NULL,album,2012-11-12 00:00:00.0000000,0
453,En Calor,NULL,album,2012-05-19 00:00:00.0000000,0
4530,Missing You,NULL,album,2011-07-29 00:00:00.0000000,0
4531,Le Torrent - Il Torrente,NULL,album,1997-03-17 00:00:00.0000000,0
4532,Inspired By Nothing,NULL,single,2017-01-01 00:00:00.0000000,0
4533,Under Paper Skies - Album Mix,NULL,album,2011-07-01 00:00:00.0000000,0
4534,Scream My Name,NULL,album,2015-03-02 00:00:00.0000000,0
4535,I Just Want Freedom,NULL,album,2013-01-12 00:00:00.0000000,0
4536,Hadi Bakalım,NULL,album,1991-07-16 00:00:00.0000000,0
4537,Fantasia - Works for Viola,NULL,album,2003-01-01 00:00:00.0000000,11
4538,"Elementary - From ""Elementary""",NULL,album,2015-05-26 00:00:00.0000000,0
4539,"Mozart: Die Zauberflöte, K. 620, Act 2: ""Seid uns zum zweiten Mal willkommen"" (Die Knaben)",NULL,album,1952-01-01 00:00:00.0000000,0
454,Educated Guess,NULL,album,2016-08-12 00:00:00.0000000,0
4540,The White West,NULL,album,2017-08-04 00:00:00.0000000,26
4541,Contact,NULL,compilation,2013-08-08 00:00:00.0000000,0
4542,La Mirla,NULL,album,2010-10-21 00:00:00.0000000,0
4543,Moments - Short Mix,NULL,single,2011-06-29 00:00:00.0000000,0
4544,Resonate,NULL,album,2002-07-01 00:00:00.0000000,18
4545,Virgo Rising,NULL,single,2017-09-29 00:00:00.0000000,0
4546,Shukran Arigato,NULL,album,2011-08-02 00:00:00.0000000,0
4547,Oleambi,NULL,album,2005-04-25 00:00:00.0000000,0
4548,El Toro Pesado,NULL,album,2007-01-01 00:00:00.0000000,0
4549,Como Arrullo de Palmas,NULL,compilation,2005-01-01 00:00:00.0000000,0
455,Piper's Set,NULL,album,2012-12-10 00:00:00.0000000,0
4550,After the Fire,NULL,album,2012-08-01 00:00:00.0000000,2
4551,O sanam mohabbat ki kasam (Sifarh),NULL,album,2007-03-03 00:00:00.0000000,0
4552,Nutmeg,NULL,album,2014-04-30 00:00:00.0000000,0
4553,Let Me Love You (Originally Performed by Mario) (Piano Backing Track) [Karaoke Version],NULL,album,2016-02-09 00:00:00.0000000,0
4554,"Sunrise, Sunset and Everything in Between…",NULL,album,2008-06-15 00:00:00.0000000,16
4555,Just the Other Side of Nowhere (Kris Kristofferson cover),NULL,album,2005-02-22 00:00:00.0000000,0
4556,A la luz de los cocuyos,NULL,album,2014-07-04 00:00:00.0000000,0
4557,Harivarasanam,NULL,compilation,2014-01-21 00:00:00.0000000,0
4558,You Don't Have to Walk in the Rain,NULL,album,2009-04-21 00:00:00.0000000,0
4559,Hasta los Huesos,NULL,album,2015-10-16 00:00:00.0000000,0
456,"Ka Ka Ka Po (From ""Kadhalum Kadanthu Pogum"")",NULL,album,2016-11-11 00:00:00.0000000,0
4560,Movie in My Mind,NULL,album,2016-09-09 00:00:00.0000000,0
4561,Random,NULL,compilation,1997-06-09 00:00:00.0000000,21
4562,S'cuse Me (Remastered),NULL,album,2008-02-11 00:00:00.0000000,0
4563,Who Run This Shit,NULL,album,2010-06-08 00:00:00.0000000,0
4564,"Zapateado, Op. 23, No. 2",NULL,album,2012-06-27 00:00:00.0000000,0
4565,Escravidão Corporativa,NULL,album,2018-08-21 00:00:00.0000000,0
4566,Roll On,NULL,album,2006-01-01 00:00:00.0000000,0
4567,#SUS (feat. Carly Burns) - Bailo Beatz Remix,NULL,single,2015-10-09 00:00:00.0000000,0
4568,Uptown Funk - Radio Mix,NULL,single,2014-11-17 00:00:00.0000000,0
4569,Zumbamaria,NULL,album,1997-11-26 00:00:00.0000000,0
457,Zaag Tool Scantraxx Live - CD Version,NULL,album,2010-01-01 00:00:00.0000000,0
4570,Evidemment,NULL,album,2012-01-02 00:00:00.0000000,0
4571,"Ethereal, Pt. 4",NULL,album,2014-06-06 00:00:00.0000000,0
4572,Marry me,NULL,compilation,2011-08-29 00:00:00.0000000,0
4573,Time Flies,NULL,album,2007-08-08 00:00:00.0000000,0
4574,Seventy Six Trombones - 2003 Remaster,NULL,compilation,2003-01-01 00:00:00.0000000,0
4575,Artist Focus 43,NULL,album,2015-06-22 00:00:00.0000000,9
4576,Lazy Song,NULL,album,2015-08-28 00:00:00.0000000,0
4577,Best of the Bickersons Volume 1,NULL,compilation,2008-01-01 00:00:00.0000000,6
4578,"Wet Wet (feat. Project Pat, Three 6 Mafia & Blazed)",NULL,album,2008-11-04 00:00:00.0000000,0
4579,Searching,NULL,album,2013-11-05 00:00:00.0000000,0
458,Sentimiento De Dolor,NULL,album,2006-01-01 00:00:00.0000000,0
4580,God's Day Off,NULL,album,2013-05-21 00:00:00.0000000,0
4581,Can't Cry Hard Enough,NULL,compilation,1994-12-01 00:00:00.0000000,0
4582,Diamond Head,NULL,single,2010-07-13 00:00:00.0000000,0
4583,Attonito,NULL,album,2011-01-01 00:00:00.0000000,0
4584,Circus Without Clowns,NULL,album,2004-01-01 00:00:00.0000000,0
4585,Park Of Idols: 3. Fractured Loop,NULL,compilation,2006-02-01 00:00:00.0000000,0
4586,Ain't No Use,NULL,album,2008-06-24 00:00:00.0000000,0
4587,"The Nutcracker, Op. 71 (Arr. M. Pletnev for Piano): II. Dance of the Sugar Plum Fairy",NULL,album,2014-01-01 00:00:00.0000000,0
4588,Bir Sevda,NULL,album,2014-06-16 00:00:00.0000000,0
4589,Was I Wrong,NULL,album,2017-06-21 00:00:00.0000000,0
459,Trip to Chicago,NULL,compilation,1993-08-20 00:00:00.0000000,0
4590,In the Dark,NULL,album,2003-01-01 00:00:00.0000000,0
4591,The Pussy Cat Song,NULL,compilation,2010-10-25 00:00:00.0000000,0
4592,Winter Wonderland,NULL,compilation,2014-12-05 00:00:00.0000000,0
4593,Until Dawn,NULL,single,2019-05-14 00:00:00.0000000,20
4594,Shortnin' Bread,NULL,album,2014-02-07 00:00:00.0000000,0
4595,It's Not Too Late,NULL,album,1997-10-27 00:00:00.0000000,0
4596,Your Feet's Too Big,NULL,compilation,2014-10-06 00:00:00.0000000,0
4597,Die Schatzinsel,NULL,album,2005-01-01 00:00:00.0000000,0
4598,"A Whole New World (From ""Aladdin"")",NULL,album,2012-12-11 00:00:00.0000000,0
4599,"Symphony in E-Flat Major, Wq. 179: III. Presto",NULL,album,2015-01-20 00:00:00.0000000,0
46,Los Faraones,NULL,album,2015-07-01 00:00:00.0000000,0
460,Morena de Mis Amores,NULL,album,2014-08-20 00:00:00.0000000,0
4600,Chasing the Sun,NULL,album,2012-07-02 00:00:00.0000000,0
4601,Nobody's Fault But My Own,NULL,album,1998-01-01 00:00:00.0000000,0
4602,Olympia Hippodrome March,NULL,album,2011-08-02 00:00:00.0000000,0
4603,Memories,NULL,compilation,2015-02-04 00:00:00.0000000,0
4604,Love Struck Baby,NULL,album,1987-01-01 00:00:00.0000000,0
4605,The Marriage of the Black Sheep,NULL,album,2000-01-01 00:00:00.0000000,0
4606,Fired Up,NULL,album,2005-01-01 00:00:00.0000000,0
4607,"Concerto Grosso in B-Flat Major, Op. 6, No. 11: V. Giga",NULL,album,2014-12-01 00:00:00.0000000,0
4608,Siempre así,NULL,album,1982-01-01 00:00:00.0000000,0
4609,Sugar Moon,NULL,album,2011-03-21 00:00:00.0000000,0
461,Without a Song,NULL,album,2013-03-16 00:00:00.0000000,0
4610,Tko mi te krade (Deejay Time Remix),NULL,single,2012-05-15 00:00:00.0000000,0
4611,Sabor a Melao (feat. Andy Montañez & Dj Nelson),NULL,compilation,2014-10-07 00:00:00.0000000,0
4612,I Wander If I Take You Home,NULL,album,2004-01-01 00:00:00.0000000,0
4613,Walking Through The Snow [Acoustic],NULL,album,2002-08-13 00:00:00.0000000,0
4614,Casper The Friendly Ghost,NULL,album,2006-04-18 00:00:00.0000000,0
4615,Psycho Disco,NULL,album,2011-03-04 00:00:00.0000000,0
4616,"Symphony No. 4 in E-Flat Major, ""Sinfonie naive"": I. Allegro risoluto",NULL,album,1996-02-21 00:00:00.0000000,0
4617,Avaritia,NULL,single,2014-06-02 00:00:00.0000000,0
4618,"See the Trees, Smell the Blossom",NULL,album,2009-09-17 00:00:00.0000000,0
4619,Ultimate Tracks - The Blood Will Never Lose Its Power - as made popular by Clay Crosse [Performance Track],NULL,single,2007-01-23 00:00:00.0000000,0
462,Rhapsody D'Amour,NULL,album,2009-02-13 00:00:00.0000000,0
4620,Mi Caprichito,NULL,album,2015-07-15 00:00:00.0000000,0
4621,Opinion,NULL,album,2014-04-15 00:00:00.0000000,0
4622,Street Life (feat. MC Man),NULL,album,2014-08-19 00:00:00.0000000,0
4623,I Got Rhythm - Girl Crazy,NULL,album,2005-01-01 00:00:00.0000000,0
4624,Someone Like Me - Demo,NULL,album,2016-10-28 00:00:00.0000000,0
4625,Photosynthesis,NULL,album,2009-01-25 00:00:00.0000000,0
4626,20 Regards sur l'Enfant-Jesus: XII. La parole toute-puissante,NULL,album,1994-05-05 00:00:00.0000000,0
4627,Do That Trick - 6Blocc Remix 1.0,NULL,album,2011-11-29 00:00:00.0000000,0
4628,Doujima Bojou,NULL,album,2013-05-01 00:00:00.0000000,0
4629,Doing So Well (Remix),NULL,album,2011-11-22 00:00:00.0000000,0
463,Good Enough (feat. Mike Meadows),NULL,album,2011-05-10 00:00:00.0000000,0
4630,El Chivito Tatemado,NULL,compilation,2015-06-15 00:00:00.0000000,0
4631,Broken Heart (feat. Jake Lacoste),NULL,album,2017-04-14 00:00:00.0000000,0
4632,Kindness - Viral 50 US Intro,NULL,single,2014-09-11 00:00:00.0000000,0
4633,June,NULL,compilation,2016-07-15 00:00:00.0000000,0
4634,To God be the Glory,NULL,album,1989-01-01 00:00:00.0000000,0
4635,Valse,NULL,album,1998-01-01 00:00:00.0000000,0
4636,La Prohibida,NULL,album,2009-01-01 00:00:00.0000000,0
4637,The Yellow Rose Of Texas,NULL,album,2013-01-01 00:00:00.0000000,0
4638,Ti sposerai,NULL,album,2015-09-04 00:00:00.0000000,0
4639,A Mad Angel,NULL,album,2005-04-11 00:00:00.0000000,0
464,The Nutcracker - Dance of the Sugarplum Fairy,NULL,album,2013-08-22 00:00:00.0000000,0
4640,"Piano Concerto in A Minor, Op. 16: II. Adagio",NULL,compilation,2014-07-23 00:00:00.0000000,0
4641,Intro,NULL,album,2004-02-24 00:00:00.0000000,0
4642,Mne na pamyat (Мне на память),NULL,album,2009-03-01 00:00:00.0000000,0
4643,Nabi Akram Mera Bhi,NULL,album,2008-01-01 00:00:00.0000000,0
4644,"Violin Concerto No. 4 in D Major, K.218: II. Andante cantabile",NULL,album,2014-02-19 00:00:00.0000000,0
4645,Saudades do Amor,NULL,compilation,2007-05-07 00:00:00.0000000,0
4646,I Think You Better Run,NULL,album,2016-04-04 00:00:00.0000000,0
4647,Cuba Llora (Lamento Guajiro),NULL,album,2014-04-02 00:00:00.0000000,0
4648,Un Alma Sentenciada,NULL,album,2005-01-01 00:00:00.0000000,0
4649,Floating In Space,NULL,album,2009-06-01 00:00:00.0000000,0
465,Ain't Nothin,NULL,album,2016-08-18 00:00:00.0000000,0
4650,Sallem Halak (Surrender Yourself),NULL,album,2011-01-09 00:00:00.0000000,0
4651,Down 4 My Block,NULL,album,2012-04-10 00:00:00.0000000,0
4652,Hulapalu,NULL,album,2015-05-15 00:00:00.0000000,0
4653,Devils (Cazztek Remix),NULL,compilation,2017-05-09 00:00:00.0000000,0
4654,Goodnight Moon,NULL,compilation,2012-06-30 00:00:00.0000000,0
4655,Kansas City Blues,NULL,album,2010-01-01 00:00:00.0000000,0
4656,Hvad Sku' Vi Her Vi To - Akustisk,NULL,album,2013-04-09 00:00:00.0000000,0
4657,Poco a Poco,NULL,album,2008-07-02 00:00:00.0000000,0
4658,Miguel Canta,NULL,album,2010-08-23 00:00:00.0000000,0
4659,Triangular Situations,NULL,album,2000-12-26 00:00:00.0000000,0
466,Mehrbanoo,NULL,album,2016-05-26 00:00:00.0000000,0
4660,The Happiest House on the Block,NULL,album,1972-01-01 00:00:00.0000000,0
4661,Sexy (Chopped & Screwed),NULL,album,2013-09-17 00:00:00.0000000,0
4662,Sober,NULL,album,2004-01-01 00:00:00.0000000,0
4663,"Panic Is No Option (30 Days, 30 Songs) [Live]",NULL,single,2016-11-01 00:00:00.0000000,0
4664,Torque,NULL,album,2012-06-26 00:00:00.0000000,32
4665,"Maryland, My Maryland",NULL,compilation,1996-01-01 00:00:00.0000000,0
4666,Balance,NULL,album,2013-09-30 00:00:00.0000000,0
4667,Secret Love,NULL,album,1990-09-18 00:00:00.0000000,0
4668,69 Dollars,NULL,album,2013-04-19 00:00:00.0000000,0
4669,Anacreon,NULL,single,2016-07-22 00:00:00.0000000,0
467,The Essential Collection (2002-2012),NULL,album,2014-03-01 00:00:00.0000000,1
4670,Car!,NULL,album,2008-01-01 00:00:00.0000000,0
4671,Twerking Dance (Latin Music),NULL,album,2013-09-06 00:00:00.0000000,0
4672,Ma vie est une larme,NULL,album,2013-06-10 00:00:00.0000000,0
4673,Qué Voy a Hacer Con Mi Amor,NULL,album,2016-10-24 00:00:00.0000000,0
4674,Bang Bang - 2 Shots In The Head,NULL,album,1997-11-09 00:00:00.0000000,0
4675,Yalan,NULL,album,2014-11-02 00:00:00.0000000,0
4676,Bass So Loud (feat. Eminem),NULL,album,2012-03-30 00:00:00.0000000,0
4677,Ghost N Stuff (Dubstep Remix),NULL,album,2015-07-24 00:00:00.0000000,0
4678,You Drive Me Wild,NULL,album,2012-01-01 00:00:00.0000000,0
4679,"Ruslan and Lyudmila : Act III, Dances IV. Coda",NULL,compilation,2011-01-01 00:00:00.0000000,0
468,Si Te Perdiera,NULL,album,2016-05-31 00:00:00.0000000,0
4680,Sokea Sisar,NULL,album,2009-09-18 00:00:00.0000000,0
4681,The Gift Certificate,NULL,album,2011-08-16 00:00:00.0000000,0
4682,Groovin’,NULL,album,1991-01-01 00:00:00.0000000,0
4683,Cool Day,NULL,album,2007-10-01 00:00:00.0000000,0
4684,The Bedroom,NULL,album,2017-03-03 00:00:00.0000000,0
4685,See More That Just Stars (feat. Helado Negro),NULL,album,2015-04-22 00:00:00.0000000,0
4686,"Somehow, Someway",NULL,album,2012-02-28 00:00:00.0000000,0
4687,"Entre Calaveras ""Chino Antrax""",NULL,album,2010-01-01 00:00:00.0000000,0
4688,Cecilia,NULL,album,2008-06-10 00:00:00.0000000,0
4689,High Definition,NULL,compilation,2011-07-18 00:00:00.0000000,0
469,Salvate,NULL,album,2014-12-22 00:00:00.0000000,0
4690,Saint Walker's Destiny,NULL,album,2012-10-22 00:00:00.0000000,0
4691,3 Winter Songs: I. Hey! Now,NULL,album,2000-01-01 00:00:00.0000000,0
4692,Horses - Cantering,NULL,album,2011-07-01 00:00:00.0000000,0
4693,Lonely Planet Boy,NULL,album,2007-01-01 00:00:00.0000000,0
4694,Man of Mine,NULL,album,1960-01-01 00:00:00.0000000,0
4695,The Dead and the Naked,NULL,album,2006-09-04 00:00:00.0000000,27
4696,Papi - Rosabel Radio,NULL,single,2011-01-01 00:00:00.0000000,0
4697,This Ain't a Scene (It's an Arms Race) in the Style of Fall Out Boy,NULL,album,2009-08-10 00:00:00.0000000,0
4698,El Pase de la Pantera,NULL,compilation,2014-10-01 00:00:00.0000000,0
4699,Hayley Sings,NULL,album,2012-01-01 00:00:00.0000000,16
47,為了愛 (feat. 陳明) - Remastered,NULL,album,2015-05-08 00:00:00.0000000,0
470,Frankie & Albert,NULL,compilation,2002-01-01 00:00:00.0000000,0
4700,Golden Arm,NULL,album,2010-03-01 00:00:00.0000000,0
4701,Why Does It Always Rain On Me,NULL,album,2006-10-27 00:00:00.0000000,0
4702,Music of the Bauls: Spirit of Bengal,NULL,compilation,2017-03-31 00:00:00.0000000,0
4703,Life In Cramped Quarters,NULL,album,2004-01-27 00:00:00.0000000,0
4704,Faure: IV. Allegro Molto,NULL,album,2006-11-14 00:00:00.0000000,0
4705,Everywhere,NULL,album,2013-01-01 00:00:00.0000000,0
4706,U Still Haten (feat. P Fire and Rugar Rico),NULL,album,2014-07-08 00:00:00.0000000,0
4707,Parlez-moi d'amour,NULL,album,1993-09-06 00:00:00.0000000,0
4708,Oh!,NULL,single,2013-05-15 00:00:00.0000000,0
4709,I Got Rhythm (Arranged for Horns by Martin Yates),NULL,album,2004-09-15 00:00:00.0000000,0
471,Russian Sher,NULL,album,2012-05-01 00:00:00.0000000,0
4710,Bats In The Belfry 3,NULL,album,2011-09-30 00:00:00.0000000,0
4711,The Lord of the Rings: The Trilogy,NULL,album,2003-01-01 00:00:00.0000000,8
4712,Demo's & Rarities,NULL,album,2003-05-20 00:00:00.0000000,14
4713,Pasión X Ti (Pxti),NULL,album,2007-01-01 00:00:00.0000000,0
4714,Girls Fall Like Dominoes,NULL,compilation,2011-09-23 00:00:00.0000000,0
4715,Cossak Lullaby,NULL,album,2008-01-01 00:00:00.0000000,0
4716,Dark,NULL,single,2016-01-31 00:00:00.0000000,0
4717,"Koala's Hide and Seek (Contradance No. 6, Beethoven)",NULL,album,2006-05-16 00:00:00.0000000,0
4718,Dust It Off - C-Berg Remix,NULL,single,2012-03-13 00:00:00.0000000,0
4719,Esto Es de Nosotros,NULL,album,2014-10-07 00:00:00.0000000,0
472,Fuego & Me Gozare (Original De Billy Bunster) [Version Karaoke],NULL,album,2015-01-30 00:00:00.0000000,0
4720,My Soul Ain't For Sale feat. Raheem Devaughn,NULL,album,2007-05-07 00:00:00.0000000,0
4721,Brahms & Bruckner: Motets,NULL,album,2015-10-30 00:00:00.0000000,19
4722,Apartment #9,NULL,album,2014-09-30 00:00:00.0000000,0
4723,This Old House,NULL,album,2012-05-31 00:00:00.0000000,0
4724,Ile Aye,NULL,album,2016-12-16 00:00:00.0000000,0
4725,Pape Satan Aleppe (Bonus Track),NULL,album,2013-12-01 00:00:00.0000000,0
4726,Tronix,NULL,compilation,2009-11-04 00:00:00.0000000,0
4727,Broken Wings,NULL,single,2017-05-26 00:00:00.0000000,0
4728,Volta,NULL,album,2016-01-22 00:00:00.0000000,0
4729,"Piano Trio No. 30 In D Major, Hob.XV:16: 3. Vivace assai",NULL,album,2017-09-29 00:00:00.0000000,0
473,Amaneciendo en Ti,NULL,compilation,2016-08-12 00:00:00.0000000,0
4730,Walls - Live,NULL,album,1997-01-01 00:00:00.0000000,0
4731,Messenger,NULL,album,2012-02-29 00:00:00.0000000,0
4732,"The Kingdom of God, Gather 3, Hymnal #740",NULL,album,2012-01-01 00:00:00.0000000,0
4733,Fhulmoni Ishraat,NULL,album,2013-07-24 00:00:00.0000000,0
4734,Só Pra Te Pegar,NULL,album,2013-03-26 00:00:00.0000000,0
4735,Your Body,NULL,single,2016-01-05 00:00:00.0000000,31
4736,"Orchestral Suite No. 3 in D Major, BWV 1068: I. Overture",NULL,album,1984-04-05 00:00:00.0000000,0
4737,Baby Girl,NULL,album,1996-01-01 00:00:00.0000000,0
4738,By the Time You Read This,NULL,album,2017-07-21 00:00:00.0000000,0
4739,Dangus Khan,NULL,single,2015-04-06 00:00:00.0000000,0
474,Getting Sentimental Over You,NULL,album,2006-03-21 00:00:00.0000000,0
4740,Clapping Song feat. Coin Locker Kid,NULL,album,2011-10-10 00:00:00.0000000,0
4741,Luz de mi corazon,NULL,album,2010-02-12 00:00:00.0000000,0
4742,Running Away,NULL,compilation,2010-10-15 00:00:00.0000000,0
4743,The King,NULL,album,2005-08-01 00:00:00.0000000,0
4744,Sea of Trees,NULL,album,2018-10-12 00:00:00.0000000,2
4745,Oh Baby Don’t,NULL,compilation,2014-03-13 00:00:00.0000000,0
4746,Rescue Me,NULL,album,2015-08-28 00:00:00.0000000,0
4747,The Man I Am,NULL,album,2013-10-29 00:00:00.0000000,0
4748,Stuck Like Glue (Remixed),NULL,album,2011-09-29 00:00:00.0000000,0
4749,El Chapo Guzman,NULL,compilation,2015-07-17 00:00:00.0000000,0
475,Stepping in the Name of Love,NULL,album,2014-03-04 00:00:00.0000000,0
4750,Walter Harley,NULL,album,2012-04-17 00:00:00.0000000,0
4751,Motion Rotation - Remastered,NULL,album,2013-12-16 00:00:00.0000000,0
4752,Mi Yitneni Of,NULL,album,2010-02-15 00:00:00.0000000,0
4753,Felicita,NULL,album,2012-03-16 00:00:00.0000000,0
4754,Piggie's Suck,NULL,album,2001-07-13 00:00:00.0000000,0
4755,Get Down - Original Mix,NULL,album,2012-05-29 00:00:00.0000000,0
4756,Bhangra,NULL,album,2000-01-01 00:00:00.0000000,0
4757,Ragnar - version 2007,NULL,album,2007-01-01 00:00:00.0000000,0
4758,I Got a Feelin',NULL,album,2006-04-04 00:00:00.0000000,0
4759,Yallah - Original Mix,NULL,single,2015-10-16 00:00:00.0000000,0
476,With This Ring...Forever I Do,NULL,compilation,2002-03-19 00:00:00.0000000,23
4760,"Someday, Sweetheart",NULL,album,2013-01-01 00:00:00.0000000,0
4761,Starting Over Now,NULL,album,2000-01-01 00:00:00.0000000,0
4762,I Am The Best,NULL,single,2014-12-09 00:00:00.0000000,58
4763,City Deer,NULL,album,2015-10-09 00:00:00.0000000,0
4764,Dear Frustrated Superstar,NULL,album,2001-01-01 00:00:00.0000000,0
4765,Beijo De Algodão Doce - Live,NULL,album,2014-01-01 00:00:00.0000000,0
4766,Baby I Want You So Bad,NULL,album,2012-10-23 00:00:00.0000000,0
4767,Lost Long Shot,NULL,album,2007-01-01 00:00:00.0000000,0
4768,Crippled Bowler,NULL,album,2015-11-23 00:00:00.0000000,0
4769,Girl Gone Wild - Dada Life Remix,NULL,single,2012-01-01 00:00:00.0000000,0
477,Blind and Battered,NULL,album,2010-09-07 00:00:00.0000000,0
4770,Platypus,NULL,album,2012-01-06 00:00:00.0000000,0
4771,Cowgirl,NULL,album,2011-06-21 00:00:00.0000000,0
4772,Operators Manual (Buzzcocks Best),NULL,album,1991-09-23 00:00:00.0000000,44
4773,We're Through - Alternative Arrangement; 1997 Remaster,NULL,compilation,1997-10-13 00:00:00.0000000,0
4774,The Carnival of Animals,NULL,album,2006-06-08 00:00:00.0000000,2
4775,Patron Tequila,NULL,single,2009-01-01 00:00:00.0000000,39
4776,I Had A Baby,NULL,album,2012-01-01 00:00:00.0000000,0
4777,Lets Work (feat. Laura Lux),NULL,single,2016-08-29 00:00:00.0000000,0
4778,Me Not a Gangsta - L'argent ne fait pas le bonheur,NULL,album,2014-03-31 00:00:00.0000000,0
4779,Canzona,NULL,album,2004-05-01 00:00:00.0000000,0
478,Montay Ellis,NULL,compilation,2012-03-05 00:00:00.0000000,0
4780,"Retrospect - 12"" Mix",NULL,compilation,2014-12-22 00:00:00.0000000,0
4781,Perfect Day,NULL,album,2006-05-23 00:00:00.0000000,0
4782,No Air,NULL,album,2012-03-19 00:00:00.0000000,0
4783,'Twas The Night Before Christmas (The Best Childrens Christmas Songs),NULL,album,2012-01-01 00:00:00.0000000,0
4784,Zindagi Chist,NULL,album,2013-05-15 00:00:00.0000000,0
4785,The Original Washington Square,NULL,album,1963-11-26 00:00:00.0000000,23
4786,Just The Way You Are - Single Version,NULL,compilation,2006-01-01 00:00:00.0000000,0
4787,Lookin' For a Change (feat. Sonny Bama & Yelawolf),NULL,album,2009-06-16 00:00:00.0000000,0
4788,Four Seasons,NULL,album,2007-03-23 00:00:00.0000000,0
4789,Beth Carvalho - 40 Anos De Carreira - Ao Vivo No Theatro Municipal - Vol. 1,NULL,album,2006-01-01 00:00:00.0000000,0
479,Las Esperanzas,NULL,single,2012-08-13 00:00:00.0000000,0
4790,Chaffinch,NULL,album,2015-02-04 00:00:00.0000000,0
4791,Condition Bad A Yard,NULL,compilation,1999-01-01 00:00:00.0000000,0
4792,Beauty For Ashes,NULL,album,2012-08-31 00:00:00.0000000,0
4793,Mañana,NULL,album,2015-01-01 00:00:00.0000000,0
4794,"Short Preludes and Fugues A Minor, BWV 559",NULL,album,2008-10-16 00:00:00.0000000,0
4795,Romance Anónimo,NULL,compilation,2014-01-16 00:00:00.0000000,0
4796,Me & U - Original Mix,NULL,album,2014-01-13 00:00:00.0000000,0
4797,Wesendonk Lieder - Five Poems For Female Voice: Der Engel,NULL,album,2015-11-06 00:00:00.0000000,0
4798,Ni tú ni yo - Bolero nórdico,NULL,album,2011-11-08 00:00:00.0000000,0
4799,Like a Refugee (I Won't Cry) - Acoustic Mix,NULL,album,1999-05-17 00:00:00.0000000,0
48,Little Scars,NULL,album,1995-08-21 00:00:00.0000000,0
480,Hey Caroline,NULL,album,2010-09-14 00:00:00.0000000,0
4800,Pick Up Your Dub,NULL,album,2001-01-01 00:00:00.0000000,0
4801,Pipes O' Peace (Instrumental Version),NULL,album,2014-10-31 00:00:00.0000000,0
4802,Live In Hollywood,NULL,album,2012-01-01 00:00:00.0000000,7
4803,What Have We Done,NULL,compilation,2010-08-24 00:00:00.0000000,0
4804,My only(Edinstvenay moya),NULL,album,2012-11-19 00:00:00.0000000,0
4805,Live Concert in Verona,NULL,album,2005-10-01 00:00:00.0000000,0
4806,We Are Here To Make Some Noise - Extended Mix,NULL,album,2012-06-08 00:00:00.0000000,0
4807,Hard Road,NULL,compilation,2002-01-01 00:00:00.0000000,0
4808,Walking the Blues,NULL,compilation,2010-03-22 00:00:00.0000000,0
4809,Inseparáveis,NULL,album,2012-10-12 00:00:00.0000000,0
481,I Want That Kind of Love,NULL,compilation,2002-07-30 00:00:00.0000000,0
4810,What's Out There,NULL,album,2010-08-10 00:00:00.0000000,0
4811,Jarrin' The Whiskey,NULL,album,2001-01-01 00:00:00.0000000,0
4812,La Brocha,NULL,album,2013-08-13 00:00:00.0000000,0
4813,It So Hard To Say Goodbye To Yesterday,NULL,album,2008-10-07 00:00:00.0000000,0
4814,The Carnival of the Animals: XIII. The Swan,NULL,album,2014-01-01 00:00:00.0000000,0
4815,Las Cosas Que Vives,NULL,album,2006-01-01 00:00:00.0000000,0
4816,Rain Storms at Water's Edge,NULL,single,2020-08-17 00:00:00.0000000,50
4817,The Ax,NULL,album,2002-01-01 00:00:00.0000000,0
4818,What Can I Do,NULL,album,2006-01-01 00:00:00.0000000,0
4819,Refugios,NULL,album,2020-09-03 00:00:00.0000000,4
482,Dance Masters: Oye Como Va,NULL,album,2005-11-22 00:00:00.0000000,0
4820,Return My Bones,NULL,album,2015-08-28 00:00:00.0000000,0
4821,Baby You Don't Want Me,NULL,album,1972-01-01 00:00:00.0000000,0
4822,Esperança Perdida,NULL,album,1997-11-13 00:00:00.0000000,0
4823,Extraterrestrial,NULL,single,2015-06-02 00:00:00.0000000,0
4824,Invisible,NULL,album,2008-02-12 00:00:00.0000000,0
4825,Cold Reflections,NULL,album,2014-12-13 00:00:00.0000000,0
4826,Fairytales Of Slavery,NULL,album,1994-06-28 00:00:00.0000000,16
4827,All Summer Long in the Style of Kid Rock,NULL,album,2009-08-10 00:00:00.0000000,0
4828,Happy in Love,NULL,compilation,2014-07-25 00:00:00.0000000,0
4829,All I Want,NULL,album,2016-04-22 00:00:00.0000000,0
483,Where's the Bass,NULL,single,2014-08-26 00:00:00.0000000,0
4830,Where's My Money,NULL,album,2009-03-24 00:00:00.0000000,0
4831,"Blackfoot Bloodhounds, Bitches",NULL,album,2014-05-08 00:00:00.0000000,0
4832,Secret Gold 02,NULL,compilation,2012-10-22 00:00:00.0000000,0
4833,Red,NULL,album,2016-04-08 00:00:00.0000000,0
4834,Rose Room,NULL,album,2017-03-10 00:00:00.0000000,0
4835,"Rinaldo, HWV 7, Act II: Lascia ch'io pianga",NULL,album,1994-01-01 00:00:00.0000000,0
4836,Let's Go to the Rumba,NULL,album,2002-01-01 00:00:00.0000000,4
4837,Free Me (Remix Version),NULL,album,2016-08-19 00:00:00.0000000,0
4838,Devo Corporate Anthem (Devo),NULL,album,2014-11-04 00:00:00.0000000,0
4839,D.J. - Original Vocal Mix,NULL,album,2009-03-24 00:00:00.0000000,0
484,Arise,NULL,album,2013-05-15 00:00:00.0000000,0
4840,Hard-Wired,NULL,album,1994-01-01 00:00:00.0000000,34
4841,Pacman,NULL,album,2015-07-21 00:00:00.0000000,0
4842,Crackity Jones,NULL,album,2011-03-08 00:00:00.0000000,0
4843,"Sonata for Piano and Violin in C, K.296: 2. Andante sostenuto",NULL,album,2005-01-01 00:00:00.0000000,0
4844,Do What You Want,NULL,single,2016-12-30 00:00:00.0000000,0
4845,De Vienne À Vienne (Les Mots Inutiles) - Unreleased Bonus Track,NULL,compilation,2010-11-01 00:00:00.0000000,0
4846,Música para Dormir Bebé,NULL,album,2018-08-09 00:00:00.0000000,59
4847,A Bend In The River - Live,NULL,album,2012-02-21 00:00:00.0000000,0
4848,Trompe Le Monde,NULL,album,2000-01-01 00:00:00.0000000,0
4849,Finally Back,NULL,compilation,2016-08-26 00:00:00.0000000,0
485,Trap Life,NULL,album,2016-10-04 00:00:00.0000000,0
4850,Gifted,NULL,single,2013-07-08 00:00:00.0000000,0
4851,Dream of You,NULL,album,2005-10-17 00:00:00.0000000,0
4852,Santa Baby,NULL,compilation,2012-01-01 00:00:00.0000000,0
4853,Where Has All the Time Gone?,NULL,album,1995-04-03 00:00:00.0000000,0
4854,Underwater Forest,NULL,album,2017-02-28 00:00:00.0000000,0
4855,Eclipse,NULL,album,2014-09-28 00:00:00.0000000,0
4856,Hello,NULL,album,2013-01-01 00:00:00.0000000,0
4857,You Upset Me Baby,NULL,compilation,1966-01-01 00:00:00.0000000,0
4858,剛醒來的你,NULL,single,2018-11-22 00:00:00.0000000,15
4859,Up a Check,NULL,album,2016-11-23 00:00:00.0000000,0
486,Con Si Con Ça,NULL,album,2012-03-26 00:00:00.0000000,0
4860,Alligator,NULL,single,2016-03-22 00:00:00.0000000,0
4861,The Legend of Jolie Blonde,NULL,album,2004-01-01 00:00:00.0000000,0
4862,iWin,NULL,compilation,2014-05-28 00:00:00.0000000,0
4863,For Love (I Come Your Friend),NULL,album,2008-05-05 00:00:00.0000000,0
4864,Corazon Aventurero,NULL,album,1998-11-11 00:00:00.0000000,0
4865,Amie,NULL,compilation,2013-11-05 00:00:00.0000000,0
4866,Still Trippin',NULL,album,2017-05-23 00:00:00.0000000,0
4867,It's Your Birthday (Happy Birthday),NULL,single,2017-05-08 00:00:00.0000000,0
4868,Attendance - Industrial Remix,NULL,album,2015-01-01 00:00:00.0000000,0
4869,Friends In Low Places,NULL,album,2007-01-16 00:00:00.0000000,0
487,Macedonian Songs,NULL,compilation,2002-01-01 00:00:00.0000000,12
4870,Hard Drivers - Original Mix,NULL,album,2012-07-18 00:00:00.0000000,0
4871,Lay It On Me,NULL,single,2009-10-07 00:00:00.0000000,0
4872,Outro: I'll Be Back,NULL,compilation,2003-11-25 00:00:00.0000000,0
4873,5 Songs To End Any Argument,NULL,album,2014-12-12 00:00:00.0000000,0
4874,There Is a Way,NULL,album,2013-07-08 00:00:00.0000000,0
4875,What's Happening Today (feat. We Are),NULL,album,2015-08-15 00:00:00.0000000,0
4876,Touch Down 2 Cause Hell,NULL,single,2021-04-22 00:00:00.0000000,0
4877,На свои места / Вечно,NULL,single,2018-04-29 00:00:00.0000000,4
4878,Gotta Be Me (screwed and chopped),NULL,album,2014-08-24 00:00:00.0000000,0
4879,Pendulum,NULL,album,2016-08-26 00:00:00.0000000,0
488,Corrupting My Better Half,NULL,album,2004-04-28 00:00:00.0000000,0
4880,いぬねこ。青春真っ盛り - Instrumental,NULL,album,2017-04-19 00:00:00.0000000,0
4881,Four Souvenirs: Tin Pan Alley,NULL,album,2005-06-01 00:00:00.0000000,0
4882,I Don’t Know Anybody Else (2017),NULL,single,2017-07-25 00:00:00.0000000,17
4883,Real Live Girl - Remastered 2010,NULL,compilation,2010-01-01 00:00:00.0000000,0
4884,Motorola Musik 3,NULL,album,2017-07-17 00:00:00.0000000,0
4885,Kaleidoscope - A Delicate Balance,NULL,album,2009-11-10 00:00:00.0000000,0
4886,Mi Gran Amor (And I Love My Heart),NULL,compilation,2006-01-01 00:00:00.0000000,0
4887,Round and Round - Original Version,NULL,compilation,2010-01-01 00:00:00.0000000,0
4888,The Furthest Star,NULL,album,2012-01-01 00:00:00.0000000,0
4889,Melody Nay - Sou teu,NULL,album,2017-01-01 00:00:00.0000000,0
489,Terra,NULL,album,2013-10-04 00:00:00.0000000,36
4890,Her Strut,NULL,album,2016-01-30 00:00:00.0000000,0
4891,Some Kind Of Wonderful,NULL,album,2011-06-26 00:00:00.0000000,0
4892,Stormy Weather,NULL,album,1960-01-01 00:00:00.0000000,0
4893,Boo Boo'n,NULL,album,1998-01-01 00:00:00.0000000,0
4894,I Bet You Don't - Radio Edit,NULL,album,2010-04-16 00:00:00.0000000,0
4895,Es Regnet Nie In Kalifornien,NULL,album,2008-07-22 00:00:00.0000000,30
4896,Faith in You,NULL,album,2012-07-27 00:00:00.0000000,0
4897,These Times,NULL,album,2004-01-01 00:00:00.0000000,0
4898,All the Lovers,NULL,album,2013-01-01 00:00:00.0000000,0
4899,"STRAUSS, R.: Horn Concertos Nos. 1 and 2 / ZIMMERMANN, U.: Nouveau divertissements (Damm, Dresden Staatskapelle, Rogner, U. Zimmermann)",NULL,album,1971-01-01 00:00:00.0000000,0
49,Dear Lie (Instrumental Version),NULL,album,2013-05-07 00:00:00.0000000,0
490,Make My Dreams Come True,NULL,compilation,2005-01-01 00:00:00.0000000,0
4900,Take on Me,NULL,compilation,2017-06-23 00:00:00.0000000,0
4901,Look to the Sky,NULL,album,2016-05-20 00:00:00.0000000,0
4902,No Pressure - Todd Terry Dub,NULL,single,2015-09-18 00:00:00.0000000,0
4903,666,NULL,album,2011-07-13 00:00:00.0000000,0
4904,Drip Drop,NULL,compilation,2009-08-18 00:00:00.0000000,0
4905,Illusion - Original Mix,NULL,single,2013-01-21 00:00:00.0000000,0
4906,Ett Mirakel,NULL,album,2012-12-20 00:00:00.0000000,0
4907,Tis Artas To Gefyri,NULL,album,2007-04-10 00:00:00.0000000,0
4908,Bhebbak Ya Majnoon,NULL,album,2011-01-01 00:00:00.0000000,0
4909,La Semana de Feria,NULL,compilation,2013-03-25 00:00:00.0000000,0
491,Heartless,NULL,compilation,2017-04-14 00:00:00.0000000,0
4910,Out of the Woods - Workout Mix,NULL,album,2016-02-29 00:00:00.0000000,0
4911,Gottkomplex,NULL,album,2016-10-14 00:00:00.0000000,39
4912,"Ghostbusters (From ""Ghostbusters"")",NULL,compilation,2014-01-01 00:00:00.0000000,0
4913,Tonight I'm Gonna Love You All Over,NULL,album,2004-01-01 00:00:00.0000000,0
4914,Unsigned from Uptown,NULL,album,2013-07-07 00:00:00.0000000,0
4915,Decayed Omen Reborn,NULL,album,2017-06-23 00:00:00.0000000,0
4916,Un dia de noviembre,NULL,album,2013-01-01 00:00:00.0000000,0
4917,Heaven's Twilight (feat. Andrew Sords),NULL,album,2013-07-11 00:00:00.0000000,0
4918,What Is All the Rage?,NULL,album,2016-04-29 00:00:00.0000000,0
4919,God of Wonders,NULL,compilation,2002-01-01 00:00:00.0000000,0
492,Storm,NULL,single,2018-03-07 00:00:00.0000000,33
4920,Nothing Ever Breaks,NULL,single,2013-01-19 00:00:00.0000000,0
4921,Soft Music Roadtrip,NULL,album,2018-08-31 00:00:00.0000000,0
4922,Try To Be Kind,NULL,album,2012-01-01 00:00:00.0000000,0
4923,スウィング・ミー・ア・ストライド,NULL,album,1997-01-01 00:00:00.0000000,0
4924,More Than You Know - Live,NULL,album,1995-01-01 00:00:00.0000000,0
4925,Beyond Belief,NULL,album,2006-04-07 00:00:00.0000000,0
4926,Talking-My Lips Are Dry… - Live,NULL,album,2003-09-09 00:00:00.0000000,0
4927,Fortune Turns the Wheel,NULL,compilation,2011-06-19 00:00:00.0000000,0
4928,"Kafundó, Vol. 2: Roots & Bass Music From Brazil",NULL,compilation,2015-03-17 00:00:00.0000000,18
4929,Aquarela do Brasil,NULL,album,2013-01-18 00:00:00.0000000,0
493,Kommotion,NULL,album,2006-01-01 00:00:00.0000000,0
4930,Wreck,NULL,album,2017-09-15 00:00:00.0000000,0
4931,En el andén,NULL,album,1989-01-17 00:00:00.0000000,0
4932,Just Keep On Walking,NULL,single,2016-07-26 00:00:00.0000000,0
4933,Acuyuye,NULL,compilation,2014-11-06 00:00:00.0000000,0
4934,"Piano Concerto No.17 in G major, K.453: 3rd mvt: Allegro - Presto",NULL,compilation,2011-11-27 00:00:00.0000000,0
4935,Feel Me,NULL,album,2007-10-01 00:00:00.0000000,0
4936,Qarada Qırmızı,NULL,album,2008-02-13 00:00:00.0000000,23
4937,Reality and Fantasy,NULL,album,2012-07-30 00:00:00.0000000,0
4938,Winda Do Nieba,NULL,album,2013-04-10 00:00:00.0000000,0
4939,Good Morning You,NULL,album,1985-01-01 00:00:00.0000000,0
494,Chansons D'amour... Et De Haine,NULL,album,2008-07-16 00:00:00.0000000,18
4940,"Die Meistersinger von Nürnberg - Act 3: ""Grüß Gott, mein Junker""",NULL,album,2012-01-01 00:00:00.0000000,0
4941,Betty,NULL,album,2012-03-19 00:00:00.0000000,0
4942,See You Again,NULL,album,2009-09-14 00:00:00.0000000,0
4943,Girl U Want,NULL,album,2011-02-25 00:00:00.0000000,0
4944,La Serenissima (Ibiza Workout) [126 BPM],NULL,album,2016-08-29 00:00:00.0000000,0
4945,Willpower,NULL,album,1995-01-01 00:00:00.0000000,1
4946,Holy Ghost,NULL,album,2009-01-01 00:00:00.0000000,0
4947,Puckdefender,NULL,album,1997-01-01 00:00:00.0000000,0
4948,Pretty Baby,NULL,album,1958-05-19 00:00:00.0000000,7
4949,Beer Barrel Polka,NULL,album,2010-01-22 00:00:00.0000000,0
495,Death of an Angel,NULL,compilation,2013-07-26 00:00:00.0000000,0
4950,Angel,NULL,album,2011-08-11 00:00:00.0000000,0
4951,Amateur,NULL,album,2020-08-28 00:00:00.0000000,42
4952,Watercolors,NULL,album,2011-01-01 00:00:00.0000000,0
4953,Mozart's Fantasie,NULL,album,2014-03-13 00:00:00.0000000,0
4954,The Road Journals,NULL,album,2012-09-24 00:00:00.0000000,0
4955,Singing the Blues,NULL,compilation,2012-04-03 00:00:00.0000000,0
4956,En Pie de Guerra,NULL,album,2015-02-15 00:00:00.0000000,0
4957,Fuiste A Acapulco,NULL,album,2008-02-14 00:00:00.0000000,0
4958,Finding My Way Out,NULL,album,2006-01-01 00:00:00.0000000,0
4959,You Have Changed,NULL,album,2016-07-20 00:00:00.0000000,0
496,Cumbia Fuzztone,NULL,album,2013-11-01 00:00:00.0000000,0
4960,All U Had,NULL,album,2013-05-15 00:00:00.0000000,0
4961,"Down, Down, Down",NULL,album,1998-01-01 00:00:00.0000000,0
4962,Don't Get It,NULL,single,2010-01-01 00:00:00.0000000,0
4963,Navigating Home,NULL,compilation,2016-12-02 00:00:00.0000000,0
4964,I Feel Fine - Estiva 'Perfect Ten' Remix,NULL,compilation,2012-01-02 00:00:00.0000000,0
4965,Oh Lord Help Me,NULL,compilation,2011-09-20 00:00:00.0000000,0
4966,Bliss (music by R. Moose),NULL,album,2011-03-01 00:00:00.0000000,0
4967,Skeedle Loo Doo,NULL,album,2010-11-12 00:00:00.0000000,0
4968,Yall Know Me,NULL,album,2011-11-28 00:00:00.0000000,0
4969,40 Y 20,NULL,album,2017-05-19 00:00:00.0000000,0
497,Someone To Watch Over Me,NULL,album,2006-10-27 00:00:00.0000000,0
4970,Country Woman's Prayer,NULL,album,2006-07-25 00:00:00.0000000,0
4971,Slave to Love,NULL,album,2012-05-21 00:00:00.0000000,0
4972,Passive Aggressives Anonymous,NULL,album,2012-10-09 00:00:00.0000000,0
4973,Dry Out (Remix),NULL,single,2015-12-25 00:00:00.0000000,0
4974,Gymnopédie No. 2,NULL,compilation,2012-07-30 00:00:00.0000000,0
4975,The Ghetto,NULL,compilation,2008-03-04 00:00:00.0000000,0
4976,Introduction,NULL,album,2012-07-03 00:00:00.0000000,0
4977,Srastha-2,NULL,compilation,2019-07-05 00:00:00.0000000,24
4978,"Gregorianischer Choral: Erste Weihnachtsmesse: Oratio: Deus, qui hanc sacratissimam noctem",NULL,album,2014-01-01 00:00:00.0000000,0
4979,Rain Dance,NULL,compilation,2016-03-04 00:00:00.0000000,0
498,Sempre Acreditei,NULL,single,2019-03-10 00:00:00.0000000,1
4980,People - From Funny Girl,NULL,compilation,1998-06-30 00:00:00.0000000,0
4981,Get on the Floor - Radio Edit,NULL,single,2010-10-01 00:00:00.0000000,0
4982,That's What Friends Are For,NULL,album,2003-01-01 00:00:00.0000000,0
4983,When You Were Sweet Sixteen,NULL,compilation,2005-03-07 00:00:00.0000000,0
4984,A Way Of Survival,NULL,album,2005-06-09 00:00:00.0000000,0
4985,Blues for Lovers Only - 1999 - Remaster,NULL,album,2012-01-01 00:00:00.0000000,0
4986,Here I Go Again,NULL,album,2004-01-01 00:00:00.0000000,0
4987,De Firma,NULL,single,2019-06-24 00:00:00.0000000,6
4988,עניין של זמן 2,NULL,album,1993-01-01 00:00:00.0000000,0
4989,XProject - Radio Edit,NULL,compilation,2017-09-01 00:00:00.0000000,0
499,No Justice,NULL,album,2015-03-23 00:00:00.0000000,0
4990,Thanks,NULL,compilation,2004-12-28 00:00:00.0000000,0
4991,Shut Up And Sing,NULL,album,2012-06-10 00:00:00.0000000,5
4992,Easy (Feat. Nicki Minaj & Rocko),NULL,album,2015-12-11 00:00:00.0000000,0
4993,Ay Yüzlüm,NULL,album,2014-01-01 00:00:00.0000000,0
4994,Nocturne,NULL,album,2012-08-14 00:00:00.0000000,0
4995,Stupid Kid,NULL,album,2016-06-24 00:00:00.0000000,0
4996,Dance of the Fairies,NULL,album,2007-11-17 00:00:00.0000000,0
4997,Ravel: Ma Mere l'Oye ~ Petit Poucet,NULL,album,2001-04-24 00:00:00.0000000,0
4998,Woman Giggling (Part II),NULL,album,2009-12-01 00:00:00.0000000,0
4999,Main Bhi Madonna,NULL,album,1993-03-12 00:00:00.0000000,8
5,Tere Long da Piya Lashkara,NULL,album,1980-08-21 00:00:00.0000000,0
50,Crazy Arms,NULL,album,2000-01-03 00:00:00.0000000,0
500,Christmas Eve,NULL,album,2016-02-03 00:00:00.0000000,0
5000,There Is a Truth - Original Mix,NULL,single,2016-12-12 00:00:00.0000000,0
5001,Gone Til November (In The Style Of Wyclef Jean),NULL,album,2011-10-17 00:00:00.0000000,0
5002,等著你回來,NULL,album,2016-12-16 00:00:00.0000000,0
5003,There Will Never Be Another You,NULL,compilation,2006-01-01 00:00:00.0000000,0
5004,Biogenesis (Undo Creation),NULL,album,2006-07-13 00:00:00.0000000,0
5005,You'll Think of Someone,NULL,album,2010-06-21 00:00:00.0000000,0
5006,Guy Holmes,NULL,album,2007-01-01 00:00:00.0000000,0
5007,Prophecy (In the Style of Remy Zero) [Karaoke Version],NULL,album,2005-03-01 00:00:00.0000000,0
5008,Vamo a Gata,NULL,album,2016-06-01 00:00:00.0000000,0
5009,"Не унывайте, пацаны",NULL,album,2017-07-08 00:00:00.0000000,0
501,ブラッド・フォア・ブラッド,NULL,album,1997-01-01 00:00:00.0000000,0
5010,You Are,NULL,album,2012-11-10 00:00:00.0000000,0
5011,The Good Place,NULL,single,2018-11-09 00:00:00.0000000,0
5012,"String Quartet No. 12 in F Major, Op. 96, B. 179, ""American"": III. Molto vivace",NULL,album,1995-10-11 00:00:00.0000000,0
5013,Piranha Blues,NULL,album,1999-07-27 00:00:00.0000000,21
5014,A Christmas Fable,NULL,single,2011-12-01 00:00:00.0000000,1
5015,Bhrama Ani Telusu,NULL,album,2013-01-01 00:00:00.0000000,0
5016,Tu Amor,NULL,album,2000-01-01 00:00:00.0000000,0
5017,"Piano Concerto in A Minor, Op. 54: II. Intermezzo: Andantino grazioso",NULL,album,2006-01-01 00:00:00.0000000,0
5018,A Disco Teremtése,NULL,album,2015-12-15 00:00:00.0000000,0
5019,Zephyr,NULL,single,2016-09-01 00:00:00.0000000,0
502,Pulsating Dreams - The Epic Recordings,NULL,album,2011-05-17 00:00:00.0000000,5
5020,13th Mood,NULL,single,2016-04-22 00:00:00.0000000,0
5021,On My Feet Again,NULL,album,2009-01-01 00:00:00.0000000,0
5022,Entre e ouça - Live Version,NULL,album,1992-01-01 00:00:00.0000000,0
5023,Sophisticated Lady,NULL,album,1984-01-01 00:00:00.0000000,0
5024,"Little April Shower (from ""Bambi"")",NULL,album,2016-12-20 00:00:00.0000000,0
5025,Loose Change,NULL,compilation,2011-05-09 00:00:00.0000000,0
5026,Somewhere In Between,NULL,album,2008-01-01 00:00:00.0000000,0
5027,Champagne - Drunken DJ Brass RMX Radio Edit,NULL,single,2011-06-17 00:00:00.0000000,0
5028,Boxcars & Thistles,NULL,album,2010-07-27 00:00:00.0000000,0
5029,Omission,NULL,album,2017-01-25 00:00:00.0000000,0
503,Gone Girl,NULL,album,1978-12-01 00:00:00.0000000,40
5030,This World,NULL,album,2013-08-06 00:00:00.0000000,0
5031,Suena Mi Tambor,NULL,album,2013-12-26 00:00:00.0000000,12
5032,Between the Kiss and the Chaos: IV. Van Gogh: The Starry Night,NULL,album,2014-02-04 00:00:00.0000000,0
5033,Youre Driving Me Crazy,NULL,compilation,2010-11-23 00:00:00.0000000,0
5034,Interlude,NULL,album,2013-02-19 00:00:00.0000000,0
5035,Mascaras,NULL,album,2015-01-09 00:00:00.0000000,0
5036,Early Morning - Original Mix,NULL,single,2015-11-27 00:00:00.0000000,0
5037,Ding Dong Merrily on High,NULL,album,2015-12-04 00:00:00.0000000,0
5038,Domesticada,NULL,album,2004-10-05 00:00:00.0000000,0
5039,Save the Last Dance for Me - Re-Recorded Version,NULL,compilation,2009-08-25 00:00:00.0000000,0
504,My Life feat. Lifted of The New F-O's,NULL,album,2011-01-15 00:00:00.0000000,0
5040,A Soft Day,NULL,album,2015-10-09 00:00:00.0000000,0
5041,"4 Impromptus: Impromptu No. 1, in A-Flat Major, Op. 29: Allegro assai quasi Presto",NULL,album,2011-09-16 00:00:00.0000000,0
5042,Mi Borrachera,NULL,album,1993-01-01 00:00:00.0000000,0
5043,Ave Maria - Giuseppe Verdi,NULL,single,2008-08-05 00:00:00.0000000,0
5044,Zahrada Ticha,NULL,album,1986-01-01 00:00:00.0000000,22
5045,Overjoyed,NULL,album,2010-08-03 00:00:00.0000000,0
5046,My Girl Sunday,NULL,compilation,2006-05-30 00:00:00.0000000,0
5047,Born Deaf,NULL,album,2019-03-29 00:00:00.0000000,0
5048,Agape Love,NULL,album,2006-01-01 00:00:00.0000000,0
5049,Every Fire,NULL,album,1997-01-01 00:00:00.0000000,0
505,No Choice,NULL,album,2014-08-12 00:00:00.0000000,0
5050,Tiger Rag Medley,NULL,album,2008-02-06 00:00:00.0000000,0
5051,Heartstrings,NULL,single,2011-12-22 00:00:00.0000000,0
5052,I Will Not Return as a Tourist,NULL,single,2016-09-09 00:00:00.0000000,0
5053,For Tha Family,NULL,album,1997-11-04 00:00:00.0000000,0
5054,A Time and a Place,NULL,album,2009-03-09 00:00:00.0000000,0
5055,"Dick's Picks Vol. 29: Fox Theater, Atlanta, GA 5/19/77 / Lakeland Civic Center Arena, Lakeland, FL 5/21/77 (Live)",NULL,album,2003-01-01 00:00:00.0000000,43
5056,Ephémères: Sur le thème de Colchiques,NULL,album,2010-01-01 00:00:00.0000000,0
5057,The Desecrator,NULL,album,2011-06-21 00:00:00.0000000,0
5058,Treachery and Vengence,NULL,album,2010-04-01 00:00:00.0000000,0
5059,Disorder,NULL,album,2015-01-20 00:00:00.0000000,0
506,Peace On Earth,NULL,album,2008-11-25 00:00:00.0000000,0
5060,Comic Book,NULL,album,2006-10-27 00:00:00.0000000,0
5061,Oceania,NULL,album,2015-09-14 00:00:00.0000000,0
5062,Conmigo No Se Juega,NULL,album,2011-08-01 00:00:00.0000000,0
5063,Rich Man,NULL,album,2014-09-29 00:00:00.0000000,0
5064,"Tera Saath Hai Kitna Pyara - From ""Janbaaz""",NULL,album,2012-01-01 00:00:00.0000000,0
5065,So Hood,NULL,album,2010-04-20 00:00:00.0000000,0
5066,Just for Today,NULL,album,2015-08-28 00:00:00.0000000,2
5067,Good Feeling,NULL,compilation,2014-09-15 00:00:00.0000000,0
5068,I Believe,NULL,album,2011-02-04 00:00:00.0000000,0
5069,I'm Thru with Love,NULL,compilation,2015-04-07 00:00:00.0000000,0
507,The Thames Frozen Over,NULL,album,2008-01-01 00:00:00.0000000,0
5070,Calling Your Name,NULL,album,2015-06-26 00:00:00.0000000,8
5071,Brain Drain,NULL,album,1989-01-01 00:00:00.0000000,45
5072,Amor y Olvido,NULL,album,2003-09-09 00:00:00.0000000,0
5073,Sudan Sebep,NULL,compilation,2012-10-05 00:00:00.0000000,0
5074,Llora Como Llore,NULL,album,2014-07-18 00:00:00.0000000,0
5075,"German Dances, Op. 33, D. 783: No. 10",NULL,album,2015-10-02 00:00:00.0000000,0
5076,Sanctuary - Remastered/2006,NULL,compilation,2011-01-01 00:00:00.0000000,0
5077,French Dish,NULL,album,2012-06-18 00:00:00.0000000,0
5078,Samba de Uma Nota Só,NULL,compilation,2007-03-13 00:00:00.0000000,0
5079,The Three Hermits by Leo Tolstoy,NULL,album,2011-01-01 00:00:00.0000000,0
508,Reime Faucht Der Märchensarg,NULL,album,1999-01-01 00:00:00.0000000,0
5080,Shiva,NULL,album,1998-01-01 00:00:00.0000000,0
5081,Jedna Žena,NULL,compilation,1977-11-17 00:00:00.0000000,0
5082,IA THE WORLD 〜心〜,NULL,compilation,2014-10-08 00:00:00.0000000,26
5083,(You Make Me Feel Like) a Natural Woman,NULL,album,2013-02-01 00:00:00.0000000,0
5084,Liberty Singles Collection,NULL,compilation,2010-01-01 00:00:00.0000000,0
5085,Hey Soul Sister - Humanjive Remix,NULL,album,2011-05-28 00:00:00.0000000,0
5086,"What Wants, What Needs",NULL,album,2014-11-02 00:00:00.0000000,0
5087,Quisiera Ser el Aire,NULL,compilation,1998-05-15 00:00:00.0000000,0
5088,Good Riddance (Time of Your Life),NULL,album,2013-01-01 00:00:00.0000000,0
5089,E' Asciuto Pazzo O' Padrone,NULL,album,1992-01-01 00:00:00.0000000,8
509,Kandu Kandenirikkum - Ragamalika - Thisra Gati - Live,NULL,album,2015-11-25 00:00:00.0000000,0
5090,Spirit Of Zouk,NULL,compilation,2010-08-02 00:00:00.0000000,0
5091,Night and Day (Live),NULL,album,2015-05-05 00:00:00.0000000,0
5092,Strategy In Winter (Gemfire),NULL,album,2013-07-24 00:00:00.0000000,0
5093,Ma Pikante Que Pablo,NULL,single,2018-09-17 00:00:00.0000000,25
5094,Hard Work,NULL,album,2006-01-01 00:00:00.0000000,10
5095,Hillsong - Praise & Worship 7,NULL,compilation,2016-10-13 00:00:00.0000000,0
5096,When One Leaves a Meeting Place,NULL,album,2002-05-01 00:00:00.0000000,0
5097,Hills Valleys Bridges Ports,NULL,album,2016-06-24 00:00:00.0000000,0
5098,Deck the Halls,NULL,album,2003-06-01 00:00:00.0000000,0
5099,It Came Upon a Midnight Clear,NULL,album,2017-11-17 00:00:00.0000000,0
51,2015 Texas Music Educators Association (TMEA): Kujawa Elementary School Eagle Choir [Live],NULL,album,2015-09-11 00:00:00.0000000,3
510,A Veces Quisiera Ser Ciego,NULL,album,1992-01-01 00:00:00.0000000,0
5100,Lonely - DJ's From Outa Space Remix,NULL,single,2012-02-24 00:00:00.0000000,0
5101,Round Me,NULL,album,2010-02-20 00:00:00.0000000,0
5102,Pump,NULL,single,2010-03-26 00:00:00.0000000,0
5103,"You're Mine, You",NULL,album,2009-10-01 00:00:00.0000000,0
5104,Sunkissed,NULL,single,2020-09-26 00:00:00.0000000,47
5105,Salt,NULL,album,1998-02-10 00:00:00.0000000,0
5106,Kendlinger - Tschaikowsky,NULL,compilation,2015-12-10 00:00:00.0000000,23
5107,Tribest,NULL,compilation,2009-04-01 00:00:00.0000000,0
5108,Tarzan Boy,NULL,single,2010-11-27 00:00:00.0000000,34
5109,A Team,NULL,album,2017-02-01 00:00:00.0000000,0
511,Part 5,NULL,album,2013-11-04 00:00:00.0000000,0
5110,Reason Or Rhyme - Instrumental,NULL,compilation,2011-01-01 00:00:00.0000000,0
5111,Dama Elegante - 20/4 Series Versión,NULL,compilation,2008-01-01 00:00:00.0000000,0
5112,How To Be A Human,NULL,album,2014-01-01 00:00:00.0000000,0
5113,El Chapo - TV Track Clean,NULL,single,2016-09-23 00:00:00.0000000,0
5114,Skannibal Party (Vol.8),NULL,compilation,2011-10-09 00:00:00.0000000,20
5115,Ti Mon Bo,NULL,album,2013-06-04 00:00:00.0000000,0
5116,Money (That's What I Want),NULL,album,2013-12-01 00:00:00.0000000,0
5117,Come My Fanatics(Remaster),NULL,album,1996-01-01 00:00:00.0000000,29
5118,Humanizer,NULL,single,2013-02-25 00:00:00.0000000,0
5119,Gli angeli,NULL,album,2011-06-06 00:00:00.0000000,0
512,Anti Stress,NULL,album,2015-05-14 00:00:00.0000000,0
5120,Speed Up - Original,NULL,compilation,2008-01-01 00:00:00.0000000,0
5121,Lust,NULL,album,2011-08-26 00:00:00.0000000,0
5122,"String Quintet in F minor, Op.11/4, G 274: Minuetto",NULL,album,1991-01-01 00:00:00.0000000,0
5123,I'll Be There for You / You're All I Need to Get By (Karaoke-Version) As Made Famous By: Method Man Feat. Mary J. Blige,NULL,album,2012-03-23 00:00:00.0000000,0
5124,Suzie Q,NULL,album,2011-04-01 00:00:00.0000000,0
5125,Life Is a Highway,NULL,album,2013-10-05 00:00:00.0000000,0
5126,"Symphony No. 1 in G Minor, Op. 13, TH 24 ""Winter Daydreams"": II. Land of Gloom, Land of Mist. Adagio cantabile ma non tanto",NULL,album,1971-01-01 00:00:00.0000000,0
5127,What If (In the Style of What If) [Karaoke Version],NULL,compilation,2012-01-30 00:00:00.0000000,0
5128,Lost,NULL,album,2015-11-20 00:00:00.0000000,0
5129,Bahar Oldum,NULL,album,1998-02-02 00:00:00.0000000,0
513,Jon Christopher,NULL,album,2011-05-13 00:00:00.0000000,0
5130,Yankee Doodle - 1991 Remastered,NULL,album,1991-06-11 00:00:00.0000000,0
5131,Can U Feel Me Now (feat. Fat Pat & Al D),NULL,album,2009-10-13 00:00:00.0000000,0
5132,One Step Closer,NULL,single,2017-04-04 00:00:00.0000000,0
5133,You and I,NULL,album,2017-11-10 00:00:00.0000000,0
5134,O - Originally Performed By Omarion,NULL,album,2011-06-14 00:00:00.0000000,0
5135,"Serenade No. 9 in D Major, K. 320, ""Posthorn-Serenade"": III. Concertante: Andante grazioso",NULL,compilation,2012-01-17 00:00:00.0000000,0
5136,I Belong to Jesus,NULL,single,2015-08-18 00:00:00.0000000,0
5137,Night Fever,NULL,compilation,2003-01-01 00:00:00.0000000,0
5138,Cherokee,NULL,album,2005-01-01 00:00:00.0000000,0
5139,Wanna Die - Bonus Track,NULL,album,2008-07-15 00:00:00.0000000,0
514,Leight Ma Feuer,NULL,album,2015-12-26 00:00:00.0000000,0
5140,The Love EP,NULL,single,2015-02-24 00:00:00.0000000,0
5141,Hope Is The Thing With Feathers,NULL,album,2011-07-01 00:00:00.0000000,0
5142,Pride and Reality,NULL,album,2004-01-01 00:00:00.0000000,0
5143,Si La Ves [In the Style of Victor Manuelle] {Karaoke Version},NULL,album,2010-01-14 00:00:00.0000000,0
5144,Winter Storm,NULL,album,2015-10-01 00:00:00.0000000,0
5145,Invisible Set Baguette,NULL,album,2014-12-02 00:00:00.0000000,0
5146,Ravel & Mendelssohn,NULL,album,2017-10-13 00:00:00.0000000,3
5147,The Air Force Song: Evening Colors Sequence,NULL,album,1996-01-01 00:00:00.0000000,0
5148,Close to You,NULL,compilation,2014-09-19 00:00:00.0000000,0
5149,Viaje al Centro de Uno Mismo,NULL,album,2012-06-15 00:00:00.0000000,39
515,Lines of Nazca,NULL,album,2005-01-01 00:00:00.0000000,0
5150,Art Of Chaos,NULL,album,2007-01-01 00:00:00.0000000,0
5151,(She's So) Impatient (With Me),NULL,album,1995-01-01 00:00:00.0000000,0
5152,You Need Some,NULL,compilation,2012-08-27 00:00:00.0000000,0
5153,Old Wine in New Bottles,NULL,album,2012-08-07 00:00:00.0000000,4
5154,Take 5,NULL,album,2017-02-03 00:00:00.0000000,0
5155,Recollected Memories,NULL,album,2019-04-05 00:00:00.0000000,45
5156,Divine Ruination,NULL,single,2017-08-25 00:00:00.0000000,0
5157,Pezzo Di Cielo,NULL,album,2010-07-06 00:00:00.0000000,0
5158,You Go To My Head,NULL,compilation,2011-04-07 00:00:00.0000000,0
5159,My Utmost For His Highest Quiet Prayers,NULL,album,1996-07-16 00:00:00.0000000,14
516,Kivinokka,NULL,album,2016-10-28 00:00:00.0000000,0
5160,Moonlight Bay - Remastered,NULL,album,2010-09-22 00:00:00.0000000,0
5161,Echo,NULL,compilation,2016-09-09 00:00:00.0000000,0
5162,She’s the Kind of Girl,NULL,album,2014-02-04 00:00:00.0000000,0
5163,It Has Soul,NULL,single,2015-12-14 00:00:00.0000000,0
5164,Охота 47,NULL,album,2015-01-19 00:00:00.0000000,0
5165,Abracadabra,NULL,compilation,2012-01-23 00:00:00.0000000,0
5166,Moving On,NULL,single,2015-08-04 00:00:00.0000000,0
5167,Solar Wind,NULL,album,2013-11-29 00:00:00.0000000,0
5168,Looking Back to Me,NULL,album,2004-01-01 00:00:00.0000000,0
5169,In the Air,NULL,single,2016-04-16 00:00:00.0000000,10
517,"Swan Lake, Op. 20, Pt. 1: VI. Pas de deux. Intrada No. 2 (Tempo di valse)",NULL,album,2010-01-01 00:00:00.0000000,0
5170,You Don't Know Her,NULL,album,1999-01-01 00:00:00.0000000,0
5171,Half-Mast,NULL,album,2017-03-28 00:00:00.0000000,0
5172,"Handel: L'Allegro, il Penseroso ed il Moderato, HWV 55, Part 2: ""May at last my weary age"" (J. Smith) - ""These pleasures, Melancholy, give"" (Soprano I, Chorus)",NULL,album,2007-01-01 00:00:00.0000000,0
5173,No Giving Up,NULL,album,2013-05-14 00:00:00.0000000,0
5174,I Just Had Sex (feat. Akon),NULL,single,2011-01-04 00:00:00.0000000,8
5175,Broken Crown,NULL,album,2003-01-01 00:00:00.0000000,0
5176,The Envelope,NULL,single,2010-10-13 00:00:00.0000000,0
5177,Can I Hold You One More Time - Original Mix,NULL,compilation,2015-01-05 00:00:00.0000000,0
5178,Words of Nostradameus,NULL,album,2000-04-09 00:00:00.0000000,19
5179,Womb of Lilithu,NULL,album,2013-10-18 00:00:00.0000000,0
518,Rock And Roll - Live,NULL,compilation,2015-11-20 00:00:00.0000000,0
5180,The 9th Project,NULL,compilation,2003-01-01 00:00:00.0000000,0
5181,Night Rains (Live),NULL,album,2015-06-29 00:00:00.0000000,0
5182,Command Line,NULL,album,2016-05-09 00:00:00.0000000,0
5183,Nothing Is Real,NULL,single,2018-09-30 00:00:00.0000000,0
5184,Morning Constitutions (U.S Version),NULL,album,2007-04-03 00:00:00.0000000,31
5185,Abide with Me,NULL,album,2013-10-08 00:00:00.0000000,0
5186,Dile,NULL,album,2016-06-07 00:00:00.0000000,0
5187,Boulavogue,NULL,album,2014-06-03 00:00:00.0000000,0
5188,Black Vest,NULL,album,2012-11-26 00:00:00.0000000,0
5189,Come Ride with Me,NULL,compilation,2007-11-20 00:00:00.0000000,0
519,"Dvorak: Symphonies Nos.7, Op. 70; No. 8, Op. 88; No. 9 ""From The New World"" , Op. 95; The Wood Dove, Op. 110 / Smetana: The Moldau",NULL,album,1993-10-04 00:00:00.0000000,9
5190,Fun Fun Fun,NULL,album,2010-08-20 00:00:00.0000000,0
5191,Come Out With Your Hands Up,NULL,album,2006-01-01 00:00:00.0000000,0
5192,Serena [TMR 030] - Amir Hussain Remix,NULL,album,2015-09-07 00:00:00.0000000,0
5193,Corazonada,NULL,album,2016-02-05 00:00:00.0000000,0
5194,I Was so Sure,NULL,single,2014-09-23 00:00:00.0000000,0
5195,Tala Tum Tala Tum - The Cyclonic Dance Mix,NULL,album,2004-09-01 00:00:00.0000000,0
5196,Health Is Wealth,NULL,single,2017-05-19 00:00:00.0000000,0
5197,Please,NULL,single,2012-09-04 00:00:00.0000000,0
5198,Cold Hot Plumbs,NULL,album,2015-06-09 00:00:00.0000000,39
5199,Off The Grid - Burn In Noise Remix,NULL,album,2012-07-15 00:00:00.0000000,0
52,Pounce Bounce,NULL,compilation,2011-06-06 00:00:00.0000000,0
520,Eu Sou Teu (Rooftops) [Ao Vivo] [Playback],NULL,album,2017-06-16 00:00:00.0000000,0
5200,Gold Lasso,NULL,album,2011-05-17 00:00:00.0000000,0
5201,My N*ggaz,NULL,album,2008-09-30 00:00:00.0000000,0
5202,My Father's Work,NULL,album,2007-04-08 00:00:00.0000000,0
5203,Tamoure',NULL,compilation,2013-01-01 00:00:00.0000000,0
5204,Just Like Key Largo,NULL,album,1991-01-01 00:00:00.0000000,0
5205,Niña Bonita - En Directo,NULL,album,2017-01-13 00:00:00.0000000,0
5206,Song 2 (The Woo-Hoo Song),NULL,album,2007-01-17 00:00:00.0000000,0
5207,The Need to Escape,NULL,compilation,2011-02-01 00:00:00.0000000,0
5208,Suna Sarvaryi Ne,NULL,album,2008-12-01 00:00:00.0000000,0
5209,Orar contigo otra vez,NULL,album,2004-01-01 00:00:00.0000000,0
521,Una Mas Y Ya Nos Vamos,NULL,album,2011-07-18 00:00:00.0000000,9
5210,I Was On My Way To Hell,NULL,compilation,2009-02-13 00:00:00.0000000,0
5211,Might Not Be - Original Mix,NULL,single,2012-08-27 00:00:00.0000000,0
5212,The Loved Ones,NULL,album,2016-12-02 00:00:00.0000000,0
5213,Mind Travels,NULL,album,2015-04-03 00:00:00.0000000,1
5214,Eso Es Fiesta - Rumba Buena,NULL,compilation,2014-03-29 00:00:00.0000000,0
5215,Dream a Little Dream,NULL,album,2014-11-18 00:00:00.0000000,0
5216,"Winterreise, D. 911: 23. Die Nebensonnen",NULL,album,1973-01-01 00:00:00.0000000,0
5217,Tiger Stripes,NULL,single,2013-06-02 00:00:00.0000000,0
5218,The Complete Banker,NULL,album,2010-05-31 00:00:00.0000000,0
5219,Alunan Zikir,NULL,album,2014-04-25 00:00:00.0000000,18
522,Just Can't Be Bothered With Me,NULL,compilation,2015-05-29 00:00:00.0000000,0
5220,Since You've Been Gone,NULL,album,2015-09-25 00:00:00.0000000,0
5221,I Can't Stay Too Long,NULL,single,2019-11-22 00:00:00.0000000,0
5222,マカロニ,NULL,album,2008-01-01 00:00:00.0000000,0
5223,Silk Remixed 04,NULL,album,2014-06-23 00:00:00.0000000,14
5224,Tu pelo y Tu boca,NULL,album,2008-01-01 00:00:00.0000000,0
5225,L'Or Des Fous,NULL,album,2001-01-01 00:00:00.0000000,0
5226,What A Friend We Have In Jesus,NULL,compilation,1994-01-01 00:00:00.0000000,0
5227,Мало малины,NULL,compilation,2017-03-17 00:00:00.0000000,0
5228,"Dichterliebe, Op. 48: 1. Im wunderschönen Monat Mai",NULL,album,1966-01-01 00:00:00.0000000,0
5229,Spiritual Descending,NULL,album,2020-05-01 00:00:00.0000000,4
523,No Hay Luz Sin Día,NULL,album,2005-01-01 00:00:00.0000000,0
5230,Homeless,NULL,compilation,2015-02-18 00:00:00.0000000,0
5231,Freedom Style,NULL,compilation,2003-01-01 00:00:00.0000000,0
5232,In The Light (feat. Sian Kosheen) - Album Mix,NULL,album,2011-10-03 00:00:00.0000000,0
5233,Apples & Eve,NULL,album,2010-09-21 00:00:00.0000000,12
5234,Himno Nacional De Chile (National Anthem of Chile),NULL,album,2006-05-10 00:00:00.0000000,0
5235,"Etude No. 8 In C Major, Op. 10: Vivace",NULL,compilation,2009-01-01 00:00:00.0000000,0
5236,Call from Above,NULL,album,2017-02-07 00:00:00.0000000,0
5237,Night Mode,NULL,single,2020-11-20 00:00:00.0000000,15
5238,Aliento de Vida - En Vivo,NULL,album,2017-05-19 00:00:00.0000000,0
5239,Lipstick,NULL,album,2017-04-28 00:00:00.0000000,0
524,Bonnie & Clyde,NULL,single,2016-02-04 00:00:00.0000000,0
5240,Tell Me Tell Me (Originally Performed By 레인보우 Rainbow) [Karaoke Version],NULL,album,2013-04-16 00:00:00.0000000,0
5241,Free Us All,NULL,album,2014-09-16 00:00:00.0000000,0
5242,Me Va la Vida en Ello,NULL,compilation,2015-05-25 00:00:00.0000000,0
5243,Aquí Te Espero,NULL,album,2013-10-08 00:00:00.0000000,0
5244,Sådan är han än idag,NULL,album,2011-05-01 00:00:00.0000000,0
5245,"33 Piano Variations in C, Op.120 on a Waltz by Anton Diabelli: Variation II (Poco allegro)",NULL,album,1998-01-01 00:00:00.0000000,0
5246,The Philosopher,NULL,album,2011-10-25 00:00:00.0000000,0
5247,Armadas Of Icebergs,NULL,album,2014-10-07 00:00:00.0000000,0
5248,Muzika,NULL,compilation,2011-05-13 00:00:00.0000000,0
5249,Sweet (Like a Lollipop) - Jeremy Kalls Radio Edit,NULL,single,2011-09-26 00:00:00.0000000,0
525,Salón,NULL,album,2011-11-15 00:00:00.0000000,0
5250,24/7,NULL,album,2016-09-30 00:00:00.0000000,0
5251,Flamingo,NULL,album,2010-01-01 00:00:00.0000000,58
5252,No Games (feat. Sinner),NULL,album,2016-10-14 00:00:00.0000000,0
5253,Take Me,NULL,single,2010-03-03 00:00:00.0000000,0
5254,Bach: Invention in D minor,NULL,album,2004-09-10 00:00:00.0000000,0
5255,Fifth Element - EP,NULL,single,2015-02-03 00:00:00.0000000,2
5256,Ain't No Good Life,NULL,album,1977-10-17 00:00:00.0000000,0
5257,Waiting In The Weeds,NULL,album,2007-01-01 00:00:00.0000000,0
5258,"Sugaree - Live at Pembroke Pines, FL, May 22, 1977",NULL,album,1995-01-01 00:00:00.0000000,0
5259,New Clues,NULL,album,2007-05-18 00:00:00.0000000,0
526,Auto Pilot - Instrumental,NULL,album,2010-08-10 00:00:00.0000000,0
5260,Hungry Ghosts - Instrumental,NULL,compilation,2011-10-03 00:00:00.0000000,0
5261,Down the Slopes of Death,NULL,album,2002-01-01 00:00:00.0000000,0
5262,Enmity,NULL,album,2015-03-31 00:00:00.0000000,0
5263,Gracious,NULL,album,2016-01-01 00:00:00.0000000,0
5264,The Boy Next Door,NULL,album,2007-01-01 00:00:00.0000000,0
5265,The Light of You,NULL,album,2007-01-16 00:00:00.0000000,0
5266,Symphony No. 6 (Pastoral): Allegro Ma Non Troppo,NULL,compilation,2006-02-13 00:00:00.0000000,0
5267,Looking for You,NULL,album,2014-09-30 00:00:00.0000000,0
5268,"El Amor, El Amor",NULL,album,2015-11-30 00:00:00.0000000,0
5269,Beyond Good and Evil,NULL,album,2021-03-27 00:00:00.0000000,17
527,That's My Weakness Now,NULL,compilation,2011-02-01 00:00:00.0000000,0
5270,Winin' Boy Blues,NULL,album,2013-10-15 00:00:00.0000000,0
5271,Trigo Verde,NULL,album,2001-01-01 00:00:00.0000000,0
5272,All There Is to Know,NULL,album,1993-01-01 00:00:00.0000000,0
5273,Itsy Bitsy Spider,NULL,album,2017-02-17 00:00:00.0000000,0
5274,The Shrimp,NULL,album,1978-01-01 00:00:00.0000000,0
5275,Добрая песня,NULL,single,2015-05-01 00:00:00.0000000,0
5276,"11 Bagatelles, Op.119: 5. Risoluto",NULL,album,2004-01-01 00:00:00.0000000,0
5277,Lightning Bolt,NULL,compilation,2015-07-05 00:00:00.0000000,0
5278,Sin,NULL,single,2021-01-09 00:00:00.0000000,9
5279,550 Senta [ASOT 700 - Part 1] - Aether Mix,NULL,album,2015-01-29 00:00:00.0000000,0
528,Gore Potion No. 9,NULL,album,2017-05-26 00:00:00.0000000,7
5280,Kazzab ديانا حداد كذاب,NULL,compilation,2013-06-16 00:00:00.0000000,0
5281,El Negro Jose,NULL,album,2015-07-10 00:00:00.0000000,0
5282,This Tar Won't Hold,NULL,album,2006-06-06 00:00:00.0000000,0
5283,Ahora Sin Ti,NULL,album,2012-05-04 00:00:00.0000000,0
5284,Call From The East,NULL,album,2011-10-24 00:00:00.0000000,0
5285,Jeux Interdits,NULL,compilation,2008-01-01 00:00:00.0000000,0
5286,Who,NULL,album,2012-04-03 00:00:00.0000000,0
5287,"That certain feeling (That certain feeling, 1956)",NULL,album,2009-09-17 00:00:00.0000000,0
5288,Hide & Seek (Children 2014) - DJ Vega Remix,NULL,single,2014-10-03 00:00:00.0000000,0
5289,Fabulous,NULL,single,2016-04-11 00:00:00.0000000,0
529,Ride Like The Wind - Slipmatt & Rocket Pimp Remix,NULL,compilation,2010-03-15 00:00:00.0000000,0
5290,Você Me Abana,NULL,album,2015-08-14 00:00:00.0000000,0
5291,Edge of Heaven,NULL,album,2014-10-10 00:00:00.0000000,0
5292,30 Pegaditas de Oro,NULL,album,1994-01-01 00:00:00.0000000,0
5293,Fade Away (Live),NULL,album,2016-08-01 00:00:00.0000000,0
5294,"Ma mère l'oye, ballet, M. 62: 3.Les Entretiens de la Belle et de la Bête.Mouvement de Valse modéré",NULL,album,1994-01-01 00:00:00.0000000,0
5295,"Macbeth, Act IV, Scene 1: ""Patria oppressa! Il dolce nome"" (Coro)",NULL,album,2013-06-20 00:00:00.0000000,0
5296,Bach Jesu Joy of Man Desiring (Chill Lounge Ballett Version),NULL,album,2011-09-01 00:00:00.0000000,0
5297,Alternate/Endings,NULL,album,2014-01-13 00:00:00.0000000,0
5298,Up The Excalibur,NULL,album,2009-08-25 00:00:00.0000000,0
5299,Prospekt,NULL,album,2006-01-01 00:00:00.0000000,0
53,Aguanile,NULL,compilation,2012-02-14 00:00:00.0000000,0
530,Variations On What Child Is This (Greensleeves),NULL,single,2009-02-12 00:00:00.0000000,0
5300,Rich As A B**ch,NULL,album,2007-07-17 00:00:00.0000000,0
5301,Christmas Story,NULL,compilation,2007-01-01 00:00:00.0000000,0
5302,All for You (In the Style of Janet Jackson) [Karaoke Version],NULL,album,2012-04-02 00:00:00.0000000,0
5303,I've Never Been in Love Before,NULL,album,2012-11-13 00:00:00.0000000,0
5304,Crea Nuevos Amigos,NULL,album,2006-01-01 00:00:00.0000000,0
5305,Días de Prosperidad,NULL,album,2010-11-11 00:00:00.0000000,0
5306,"Messiah, HWV 56: Part II: Accompanied: He was cut off out of the land of the living (Soprano)",NULL,album,2012-10-02 00:00:00.0000000,0
5307,Chalte Chalte - The Unwind Mix,NULL,compilation,2015-12-04 00:00:00.0000000,0
5308,What Child Is This? - Feat. Ken Söderlund,NULL,album,2002-06-24 00:00:00.0000000,0
5309,Fuego Santo,NULL,album,2014-11-21 00:00:00.0000000,0
531,Little Sparks - Hushed Mix,NULL,album,2015-10-08 00:00:00.0000000,0
5310,"Improvisation No. 2, Op. 47: Conclusion",NULL,album,2015-06-29 00:00:00.0000000,0
5311,Brand New Catwalk,NULL,compilation,2017-06-19 00:00:00.0000000,0
5312,Really In Love,NULL,album,2003-01-01 00:00:00.0000000,0
5313,Og's,NULL,album,2017-07-12 00:00:00.0000000,0
5314,Cinéma,NULL,album,2016-04-01 00:00:00.0000000,0
5315,Big Girl,NULL,compilation,2010-10-18 00:00:00.0000000,0
5316,The Buddy System,NULL,album,2000-01-01 00:00:00.0000000,0
5317,Gracias,NULL,album,2008-09-17 00:00:00.0000000,0
5318,Willing & Able (Piano Arrangement),NULL,album,2015-10-16 00:00:00.0000000,0
5319,Silver Bell,NULL,compilation,2012-12-14 00:00:00.0000000,0
532,Victorious,NULL,album,2014-01-10 00:00:00.0000000,0
5320,El Seguro Paga,NULL,album,1999-11-15 00:00:00.0000000,0
5321,Come on Baby,NULL,compilation,2013-01-01 00:00:00.0000000,0
5322,M.A.S.T.E.R. Part 1 (feat. Play),NULL,album,2002-06-12 00:00:00.0000000,0
5323,Think & Move Slow (Where I Need to Be),NULL,single,2015-03-23 00:00:00.0000000,0
5324,Celebration,NULL,album,2017-10-24 00:00:00.0000000,0
5325,The Magic Roundabout,NULL,compilation,2011-01-01 00:00:00.0000000,0
5326,"Das Rheingold: Scene 4: Da, Vetter, sitze du fest! (Loge, Alberich, Wotan)",NULL,album,2011-01-04 00:00:00.0000000,0
5327,Rucki Zucki,NULL,compilation,2006-08-05 00:00:00.0000000,0
5328,Über Alles Director's Cut,NULL,album,2000-01-01 00:00:00.0000000,0
5329,Dvorák: Violin Concerto - Piano Quintet,NULL,album,2003-03-20 00:00:00.0000000,10
533,Malnacidos,NULL,album,2017-08-15 00:00:00.0000000,1
5330,Tengo,NULL,album,2011-04-25 00:00:00.0000000,0
5331,GrooveBreaker - Juan Carlos Herrera Remix,NULL,compilation,2013-01-23 00:00:00.0000000,0
5332,Intro,NULL,album,2012-08-16 00:00:00.0000000,0
5333,Weary Angel Of Death,NULL,album,1993-01-01 00:00:00.0000000,0
5334,Young & Wild - APDJ Remix,NULL,compilation,2016-04-14 00:00:00.0000000,0
5335,Don'cha Hear Them Bells,NULL,album,2004-01-01 00:00:00.0000000,0
5336,Cloud 9,NULL,single,2021-03-11 00:00:00.0000000,8
5337,Your Loft My Acid - Fearless Transhouse Mix Long,NULL,single,2011-09-18 00:00:00.0000000,0
5338,A Land Forlorn,NULL,album,1993-01-01 00:00:00.0000000,0
5339,Oldies Are Goodies,NULL,compilation,2009-01-01 00:00:00.0000000,0
534,Rimsky-Korsakov : Snow Maiden : I Introduction,NULL,compilation,2008-01-27 00:00:00.0000000,0
5340,Phul Jaan Sab Gham Duniya De,NULL,album,2008-03-01 00:00:00.0000000,0
5341,Coasting,NULL,album,2013-08-27 00:00:00.0000000,0
5342,Step Step Step,NULL,compilation,2012-05-31 00:00:00.0000000,0
5343,Walk Away,NULL,album,2011-08-27 00:00:00.0000000,0
5344,Surat Al-Insan (verses 1-22) - English,NULL,album,2012-02-07 00:00:00.0000000,0
5345,I Wanna Rock (Remastered Album Version),NULL,album,2009-06-29 00:00:00.0000000,0
5346,Erkilet Güzeli,NULL,album,1989-01-01 00:00:00.0000000,0
5347,Cuestión De Pesos,NULL,album,2010-01-01 00:00:00.0000000,0
5348,"Ein Musikalischer Spass, KV 522 for 2 violins, viola, bass & 2 horns: II. Menuetto : Maestoso",NULL,album,2009-01-01 00:00:00.0000000,0
5349,Waitin' on a Woman (with Andy Griffith),NULL,album,2008-11-04 00:00:00.0000000,0
535,Kweller,NULL,album,2005-01-01 00:00:00.0000000,0
5350,Song Of The Auvergne,NULL,album,2010-02-02 00:00:00.0000000,0
5351,Make It Twerk,NULL,album,2014-11-28 00:00:00.0000000,0
5352,"""Reactions""",NULL,album,1999-09-23 00:00:00.0000000,0
5353,Coming In,NULL,album,2006-07-31 00:00:00.0000000,0
5354,Stepping Out of Line: The Anthology,NULL,album,2006-06-06 00:00:00.0000000,36
5355,Srochim,NULL,album,2004-01-01 00:00:00.0000000,0
5356,"America, My Country Tis of Thee",NULL,album,2010-03-06 00:00:00.0000000,0
5357,Mambo Buda,NULL,album,2011-07-16 00:00:00.0000000,0
5358,Whatever Gets You True,NULL,album,1999-01-01 00:00:00.0000000,0
5359,Till the End of Time,NULL,compilation,2006-10-28 00:00:00.0000000,0
536,Love Won't Fail,NULL,album,2009-01-06 00:00:00.0000000,0
5360,I've Been Hurt,NULL,compilation,2006-01-03 00:00:00.0000000,0
5361,Magic Beans And Truth Machines,NULL,album,2008-01-01 00:00:00.0000000,0
5362,La Derrota,NULL,album,2011-06-21 00:00:00.0000000,0
5363,"6 Moments musicaux, Op.94 D.780: No.3 in F minor (Allegro moderato)",NULL,album,1989-01-01 00:00:00.0000000,0
5364,Who's Foolin' Who,NULL,compilation,2007-03-19 00:00:00.0000000,0
5365,La légende Black (feat. Dr. Beriz) - Live,NULL,album,2015-06-08 00:00:00.0000000,0
5366,我很忙,NULL,album,2012-01-06 00:00:00.0000000,0
5367,Casa,NULL,single,2018-02-10 00:00:00.0000000,4
5368,Studies In Ether,NULL,album,2005-06-30 00:00:00.0000000,0
5369,Éric Is Dead,NULL,compilation,2010-07-19 00:00:00.0000000,0
537,Gonna Let It Shine: A Concert For the Holidays,NULL,album,2005-10-18 00:00:00.0000000,6
5370,Orange Blossom Special,NULL,compilation,2008-05-20 00:00:00.0000000,0
5371,Virginia Rose - Live,NULL,album,2015-10-09 00:00:00.0000000,0
5372,La Pequeña,NULL,album,1995-01-01 00:00:00.0000000,0
5373,Cuba le Canta a Serrat,NULL,compilation,2005-01-01 00:00:00.0000000,29
5374,Dime Nora Mia,NULL,album,2014-11-10 00:00:00.0000000,0
5375,Memory,NULL,album,2011-04-26 00:00:00.0000000,0
5376,Sabor amargo,NULL,album,2008-06-24 00:00:00.0000000,0
5377,Cumberland Gap,NULL,album,2005-01-01 00:00:00.0000000,0
5378,Anger and Sorrow,NULL,album,2007-01-01 00:00:00.0000000,0
5379,Cut You Out,NULL,album,2014-09-26 00:00:00.0000000,0
538,Overkill - Live In Munich 2015,NULL,album,2016-06-10 00:00:00.0000000,0
5380,Introducing (Prod. Phoniks),NULL,album,2014-05-06 00:00:00.0000000,0
5381,Sine Language,NULL,album,2016-06-17 00:00:00.0000000,0
5382,Ftsk 03,NULL,single,2016-10-07 00:00:00.0000000,18
5383,When the Rain Comes Down Again,NULL,album,2008-01-22 00:00:00.0000000,0
5384,Everydays,NULL,compilation,2001-07-03 00:00:00.0000000,0
5385,Juan Rosas,NULL,album,2013-03-26 00:00:00.0000000,0
5386,'s Wonderful - 48 TM,NULL,album,2011-07-01 00:00:00.0000000,0
5387,Keep Countin,NULL,album,2010-03-09 00:00:00.0000000,0
5388,Trailer By the Trashpile,NULL,album,2008-01-01 00:00:00.0000000,0
5389,One Step Behind,NULL,album,2008-07-14 00:00:00.0000000,0
539,Don't Let Her Know - Mono Single Version,NULL,album,2016-12-09 00:00:00.0000000,0
5390,Wots...Uh The Deal,NULL,album,2004-01-01 00:00:00.0000000,0
5391,"(I've Got Spurs That) Jingle, Jangle, Jingle",NULL,compilation,2011-07-15 00:00:00.0000000,0
5392,Get It Crackin (Sefa Remix),NULL,single,2018-05-22 00:00:00.0000000,50
5393,Catharsis - Short Edit,NULL,single,2013-03-08 00:00:00.0000000,0
5394,I Will Survive - Club Mix,NULL,compilation,2014-03-16 00:00:00.0000000,0
5395,Pink Penguin,NULL,album,2013-11-10 00:00:00.0000000,0
5396,Cerca del Sol,NULL,album,2019-08-13 00:00:00.0000000,1
5397,I Can't Stop,NULL,compilation,2014-04-21 00:00:00.0000000,0
5398,No Vales En Verdad,NULL,album,2007-01-01 00:00:00.0000000,0
5399,MoxieKult,NULL,album,2021-01-21 00:00:00.0000000,3
54,Garufa,NULL,album,1999-01-01 00:00:00.0000000,0
540,Makin' Like a Train,NULL,album,2005-01-01 00:00:00.0000000,0
5400,"Lakmé., Act One: Lakmé, c'est toi qui nous protèges! (Nilakantha/Lakmé/Hadji/Mallika)",NULL,album,2002-02-15 00:00:00.0000000,0
5401,My Movie,NULL,album,2012-05-23 00:00:00.0000000,0
5402,Grown Woman - Stereothief Remix,NULL,album,2013-10-05 00:00:00.0000000,0
5403,I'm Walkin',NULL,compilation,2008-05-05 00:00:00.0000000,0
5404,You Got a Fire,NULL,album,2003-02-11 00:00:00.0000000,0
5405,Sublime Paradise,NULL,compilation,2002-01-01 00:00:00.0000000,0
5406,Finale (Instrumental),NULL,album,2014-09-30 00:00:00.0000000,0
5407,Di Dar,NULL,single,1997-01-01 00:00:00.0000000,0
5408,Live and let die,NULL,album,2012-08-22 00:00:00.0000000,0
5409,Scales of a Broken Libra,NULL,album,2012-11-22 00:00:00.0000000,0
541,La Atarraya,NULL,album,2005-01-01 00:00:00.0000000,0
5410,Je Reviens Te Chercher - Musicorama Olympia 1967,NULL,album,2012-01-01 00:00:00.0000000,0
5411,We Love It Loud! - Main Extended Version,NULL,single,2014-12-04 00:00:00.0000000,0
5412,El Más Triste,NULL,album,2001-01-01 00:00:00.0000000,0
5413,First Aid,NULL,single,2016-10-21 00:00:00.0000000,5
5414,Nostalgia Blues Gang,NULL,album,1992-03-31 00:00:00.0000000,25
5415,Tchaikovsky: Piano Concerto No. 1 & Piano Pieces,NULL,album,2017-03-15 00:00:00.0000000,0
5416,DT Three,NULL,album,2009-09-28 00:00:00.0000000,0
5417,Until It Sleeps,NULL,album,2000-01-30 00:00:00.0000000,0
5418,Certainty - Andy Prinz Chill Out,NULL,compilation,2012-04-20 00:00:00.0000000,0
5419,BLUE MUNDY (Part 2),NULL,album,2009-01-04 00:00:00.0000000,0
542,"Sonata No. 5 in E Minor, BWV 1034: III. Andante",NULL,album,2014-10-20 00:00:00.0000000,0
5420,So Young,NULL,compilation,2011-11-08 00:00:00.0000000,0
5421,She's Dead,NULL,album,2004-01-01 00:00:00.0000000,0
5422,O Sol da Meia Noite,NULL,album,2010-11-25 00:00:00.0000000,0
5423,Good Woman - Feat. Salakida,NULL,album,2008-05-22 00:00:00.0000000,0
5424,Keep It Beautiful,NULL,album,2008-10-21 00:00:00.0000000,0
5425,Costume Makes the Man,NULL,album,2014-05-19 00:00:00.0000000,0
5426,La Cumbia Del IVA,NULL,album,2008-11-10 00:00:00.0000000,0
5427,How I Survived,NULL,album,2013-10-23 00:00:00.0000000,0
5428,Supersonic (Dubstep Remix),NULL,compilation,2012-01-17 00:00:00.0000000,0
5429,One For Jo - Live at McCabe's Guitar Shop,NULL,album,1982-01-01 00:00:00.0000000,0
543,Running To The Light,NULL,album,2001-01-01 00:00:00.0000000,0
5430,Petite Berceuse Du Début De La Colonie,NULL,compilation,2004-10-15 00:00:00.0000000,0
5431,Untitled,NULL,album,2010-11-27 00:00:00.0000000,0
5432,Karma,NULL,album,2015-10-30 00:00:00.0000000,0
5433,Chain Reaction,NULL,compilation,2016-05-02 00:00:00.0000000,0
5434,Lightning In A Bottle Original Sountrack Recording,NULL,compilation,2004-09-21 00:00:00.0000000,0
5435,The Venture Bros. - The Music of JG Thirlwell,NULL,album,2009-03-24 00:00:00.0000000,28
5436,Peaceful,NULL,single,2017-07-09 00:00:00.0000000,35
5437,Mal de la Cabeza,NULL,album,2016-05-20 00:00:00.0000000,0
5438,Frontal - Autodafeh Remix,NULL,album,2011-11-18 00:00:00.0000000,0
5439,Electrospective The Remix Album,NULL,compilation,2012-01-01 00:00:00.0000000,4
544,La Source / Act 1: 11. Valse,NULL,album,1999-01-01 00:00:00.0000000,0
5440,Swarna Jingga,NULL,single,2021-03-17 00:00:00.0000000,32
5441,If I Talk To Him,NULL,compilation,2005-02-01 00:00:00.0000000,0
5442,"Can't Help Falling in Love - From ""The Wedding""",NULL,compilation,2010-06-14 00:00:00.0000000,0
5443,Elle Dit Elle Dit Elle Dit - Live Olympia 2002,NULL,album,2002-01-01 00:00:00.0000000,0
5444,Part Two - Falling Through the Vacuum,NULL,album,2013-09-19 00:00:00.0000000,0
5445,"Barbie Girl - From ""Mirchi""",NULL,album,2015-06-08 00:00:00.0000000,0
5446,Desperados,NULL,album,1982-08-01 00:00:00.0000000,0
5447,Promethean Gaze,NULL,album,2015-02-17 00:00:00.0000000,0
5448,Roses,NULL,album,2009-07-31 00:00:00.0000000,0
5449,Canto Pa El Cielo,NULL,album,2017-05-29 00:00:00.0000000,20
545,"Waltzes, Op. 34: No. 3 in F Major",NULL,compilation,2014-09-03 00:00:00.0000000,0
5450,In All My Dreams I Drown,NULL,compilation,2012-04-03 00:00:00.0000000,0
5451,Sit Down,NULL,album,2017-10-13 00:00:00.0000000,0
5452,Life Goes On,NULL,single,2016-09-02 00:00:00.0000000,0
5453,Pjanoo,NULL,single,2008-08-29 00:00:00.0000000,63
5454,Wolf's Return Part II,NULL,album,2005-01-01 00:00:00.0000000,0
5455,Dandelion,NULL,album,2020-09-04 00:00:00.0000000,32
5456,Blowing Down that Old Dusty Road,NULL,album,1968-01-01 00:00:00.0000000,0
5457,American Courage,NULL,compilation,2012-06-12 00:00:00.0000000,0
5458,Biz Clownin' - Interlude,NULL,album,2003-11-18 00:00:00.0000000,0
5459,Poor Dog (Who Can't Wag His Own Tail),NULL,album,2009-01-01 00:00:00.0000000,0
546,Chuva de Injúria,NULL,single,2019-02-04 00:00:00.0000000,0
5460,I Like Your Kind of Love,NULL,compilation,2012-03-26 00:00:00.0000000,0
5461,Ines - Original Mix,NULL,single,2013-02-14 00:00:00.0000000,0
5462,OnRinseSinceZeroEight,NULL,album,2012-05-28 00:00:00.0000000,0
5463,"L'arlesienne, Act V: Melodrama I",NULL,album,2014-03-06 00:00:00.0000000,0
5464,Eyes On The Street,NULL,album,2002-01-01 00:00:00.0000000,0
5465,"Mass No. 11 in D Minor, Hob.XXII:11, ""Nelsonmesse"", ""Imperial Mass"", ""Coronation Mass"": Agnus Dei: Dona nobis pacem",NULL,album,2000-04-18 00:00:00.0000000,0
5466,Los Blanco,NULL,album,2016-11-04 00:00:00.0000000,16
5467,Redshift,NULL,compilation,2014-07-29 00:00:00.0000000,0
5468,Taximi Athinaiko Kai Zeimpekiko,NULL,album,2012-09-12 00:00:00.0000000,0
5469,I Found A New Baby,NULL,compilation,2002-01-01 00:00:00.0000000,0
547,Shout out to My Ex (Originally Performed by Little Mix) - Karaoke Version,NULL,album,2016-11-09 00:00:00.0000000,0
5470,Ain't Wit It,NULL,album,2008-10-21 00:00:00.0000000,0
5471,The Council's Assignment,NULL,album,2014-01-24 00:00:00.0000000,0
5472,Ayudala por Favor,NULL,album,2015-07-01 00:00:00.0000000,0
5473,I'll Tell Me Ma,NULL,album,2014-02-07 00:00:00.0000000,0
5474,Comtesse of Paris Intra-Muros,NULL,album,2015-04-27 00:00:00.0000000,0
5475,Own the Night,NULL,single,2017-06-21 00:00:00.0000000,0
5476,San Francisco,NULL,single,2020-12-11 00:00:00.0000000,29
5477,"Gaspard de la nuit, M. 55: III. Scarbo (Live)",NULL,album,2017-01-20 00:00:00.0000000,0
5478,Viva Colonia,NULL,album,2016-09-26 00:00:00.0000000,0
5479,Smack That,NULL,compilation,2015-09-01 00:00:00.0000000,0
548,Gitarre,NULL,album,1982-07-01 00:00:00.0000000,18
5480,Adjective,NULL,album,2008-05-07 00:00:00.0000000,0
5481,Cyborg Luv Story,NULL,album,2017-05-31 00:00:00.0000000,0
5482,Branded,NULL,album,2014-08-11 00:00:00.0000000,0
5483,Suite hétéroclite pour trompette et piano: En s’amusant - World Premiere Recording,NULL,album,2006-01-01 00:00:00.0000000,0
5484,Good For Nothin' Joe,NULL,album,2016-08-15 00:00:00.0000000,0
5485,Gone,NULL,compilation,2012-03-16 00:00:00.0000000,0
5486,First Sight,NULL,album,2008-12-12 00:00:00.0000000,0
5487,Una Nueva Esperanza,NULL,album,2015-09-20 00:00:00.0000000,0
5488,Cuidadito Cuidadito,NULL,album,2009-03-26 00:00:00.0000000,0
5489,I'll Do For You Anything You Want Me To - Alternate Version,NULL,album,2009-01-01 00:00:00.0000000,0
549,CALiENS,NULL,album,2014-08-19 00:00:00.0000000,0
5490,Opening,NULL,album,1997-01-01 00:00:00.0000000,0
5491,This Is My Life,NULL,album,2008-01-01 00:00:00.0000000,0
5492,The Futures League - EP,NULL,single,2013-05-29 00:00:00.0000000,0
5493,Starlight Man,NULL,compilation,2007-07-16 00:00:00.0000000,0
5494,Fates,NULL,album,2020-01-24 00:00:00.0000000,28
5495,Shooters,NULL,album,2015-12-11 00:00:00.0000000,0
5496,Aki Hay Aguante,NULL,album,2012-11-05 00:00:00.0000000,0
5497,She'll Be Comin' 'round the Mountain,NULL,album,2015-05-15 00:00:00.0000000,0
5498,All This Time,NULL,album,2015-06-19 00:00:00.0000000,0
5499,Yisborach Shimcha (Live),NULL,album,2014-03-03 00:00:00.0000000,0
55,Sophrosyne - Andre Salmon & Chris C. Remix,NULL,single,2016-03-01 00:00:00.0000000,0
550,Feel The Vibe - Kurtis Mantronik Club Mix,NULL,single,2009-01-01 00:00:00.0000000,0
5500,Don't Let The Sun Catch You Crying,NULL,compilation,2000-01-01 00:00:00.0000000,0
5501,The World Is You (Extended),NULL,compilation,2006-05-02 00:00:00.0000000,0
5502,ハーモニー,NULL,album,2015-02-02 00:00:00.0000000,0
5503,"La Encantadora, Vol. 3",NULL,album,2020-02-12 00:00:00.0000000,16
5504,"Gorizia, Pt. 2",NULL,album,2010-04-22 00:00:00.0000000,0
5505,Sudden Organ,NULL,album,2014-12-01 00:00:00.0000000,0
5506,Dos Gardenias,NULL,album,2009-01-01 00:00:00.0000000,0
5507,Comin' Home Baby,NULL,album,2009-03-17 00:00:00.0000000,0
5508,Chinese Grass Invasion,NULL,album,2004-10-21 00:00:00.0000000,0
5509,Chances Are,NULL,album,2009-09-22 00:00:00.0000000,0
551,By Myself - Original Mix,NULL,single,2015-06-30 00:00:00.0000000,0
5510,Funky Junky - Live,NULL,album,2012-03-30 00:00:00.0000000,0
5511,Like the Rain,NULL,album,2013-02-25 00:00:00.0000000,0
5512,Learning The Game - Undubbed Version,NULL,album,2009-01-01 00:00:00.0000000,0
5513,"Litaniae de venerabili altaris sacramento in B flat, K.125: 1. Kyrie eleison",NULL,album,2000-01-01 00:00:00.0000000,0
5514,Como Se O Mar,NULL,album,2006-01-01 00:00:00.0000000,0
5515,Make Me Whole,NULL,album,2002-01-01 00:00:00.0000000,0
5516,Step Off,NULL,compilation,2005-01-01 00:00:00.0000000,0
5517,El Africano,NULL,album,2015-01-08 00:00:00.0000000,0
5518,Lyrical,NULL,album,2017-07-22 00:00:00.0000000,0
5519,Anything (Remix),NULL,album,2007-05-15 00:00:00.0000000,0
552,terrible parties,NULL,album,2001-03-13 00:00:00.0000000,0
5520,Bye Bye Baby,NULL,album,2011-10-16 00:00:00.0000000,0
5521,All I Ever Need,NULL,album,2011-01-31 00:00:00.0000000,0
5522,Saltando Sercas,NULL,album,2017-03-06 00:00:00.0000000,0
5523,Halloween Screams,NULL,album,2010-10-01 00:00:00.0000000,0
5524,2 (Schnittmuster),NULL,album,1980-01-01 00:00:00.0000000,22
5525,Love Is Gone - Fred Rister & Joachim Garraud Remix,NULL,compilation,2008-01-01 00:00:00.0000000,0
5526,Rocket to You 93-03,NULL,album,2004-01-01 00:00:00.0000000,0
5527,This Is My Life,NULL,album,2002-06-27 00:00:00.0000000,0
5528,15 Emmanuel II,NULL,album,1985-01-01 00:00:00.0000000,0
5529,Sick World,NULL,album,2003-01-01 00:00:00.0000000,0
553,Valentine Day Special - Top Romantic Hits,NULL,album,2017-02-10 00:00:00.0000000,38
5530,The Size of the Planet,NULL,album,2017-10-06 00:00:00.0000000,0
5531,The Cursed Earth,NULL,album,2014-01-01 00:00:00.0000000,0
5532,"Second Suite for Military Band, Op. 28: No. 3, Song of the Blacksmith",NULL,album,2008-01-01 00:00:00.0000000,0
5533,Jolie môme,NULL,album,1990-01-01 00:00:00.0000000,0
5534,Earth Is a Woman,NULL,album,2012-10-02 00:00:00.0000000,0
5535,On a Clear Day You Can See Forever [On a Clear Day (From: On a Clear Day You Can See Forever)],NULL,album,1998-01-01 00:00:00.0000000,0
5536,The Revolution Is Here,NULL,album,2005-11-02 00:00:00.0000000,0
5537,Together - Remastered 1996,NULL,album,1996-01-01 00:00:00.0000000,0
5538,Shufflin' Shoes Boogie,NULL,compilation,2006-01-01 00:00:00.0000000,0
5539,PERFECT,NULL,album,2015-03-03 00:00:00.0000000,0
554,She Doesn't Know,NULL,album,2008-12-09 00:00:00.0000000,0
5540,Good Night,NULL,album,2016-09-06 00:00:00.0000000,0
5541,It Shall Be (feat. John P. Kee),NULL,album,2007-09-04 00:00:00.0000000,0
5542,Dos Generaciones Dos Generos,NULL,compilation,2006-01-01 00:00:00.0000000,24
5543,Ankor Up - Live,NULL,album,2012-01-01 00:00:00.0000000,0
5544,Quicksand LoversÂ,NULL,album,1984-01-01 00:00:00.0000000,0
5545,Jai Ma-Live at Peace Village Fest.,NULL,album,2015-01-01 00:00:00.0000000,0
5546,Airport Tags,NULL,album,2008-01-01 00:00:00.0000000,0
5547,Donde Estas Corazon,NULL,album,2000-01-01 00:00:00.0000000,0
5548,Foot Tappin',NULL,album,1989-01-01 00:00:00.0000000,0
5549,Heart of America,NULL,album,2016-01-15 00:00:00.0000000,59
555,Ocean,NULL,album,2013-10-11 00:00:00.0000000,0
5550,The Things We Do in Love,NULL,album,1982-01-01 00:00:00.0000000,0
5551,Ob La Di Ob La Da,NULL,album,1999-01-01 00:00:00.0000000,0
5552,One Night in Bangkok,NULL,compilation,2016-07-18 00:00:00.0000000,0
5553,Hörspiel in voller Länge? So geht's!,NULL,single,2015-11-06 00:00:00.0000000,2
5554,突破,NULL,compilation,2015-10-23 00:00:00.0000000,0
5555,Hoes n $,NULL,album,2014-10-30 00:00:00.0000000,0
5556,Shake,NULL,album,2017-03-03 00:00:00.0000000,0
5557,Sentencia (Ramon Ayala),NULL,album,2015-03-01 00:00:00.0000000,0
5558,Gone Train,NULL,compilation,2009-07-10 00:00:00.0000000,0
5559,Nicky Romero presents Protocol ADE 2016,NULL,album,2016-10-07 00:00:00.0000000,0
556,Taking Me,NULL,compilation,2014-02-23 00:00:00.0000000,0
5560,Sexy lala,NULL,album,2013-05-08 00:00:00.0000000,0
5561,Amando Amando,NULL,album,1996-12-18 00:00:00.0000000,0
5562,The Garden of Strangling Roots,NULL,single,2020-12-25 00:00:00.0000000,12
5563,The Interview,NULL,album,1966-01-01 00:00:00.0000000,0
5564,Rock Para El Pueblo,NULL,album,1999-05-31 00:00:00.0000000,30
5565,"Piano Sonata No.21 In C, Op.53 -""Waldstein"": 2. Introduzione (Adagio molto)",NULL,album,2006-01-01 00:00:00.0000000,0
5566,Broken Bubble - Second Variety,NULL,compilation,2014-01-01 00:00:00.0000000,2
5567,Tu Serás Mía,NULL,album,2016-06-06 00:00:00.0000000,0
5568,"Piano Concerto in G Major, M. 83: III. Presto",NULL,album,2010-01-01 00:00:00.0000000,0
5569,Annie,NULL,compilation,2004-02-24 00:00:00.0000000,0
557,You Deserve This,NULL,album,2002-10-15 00:00:00.0000000,0
5570,Patching Up Lungs - Acoustic,NULL,album,2013-01-01 00:00:00.0000000,0
5571,Resurrection - Jorn van Deynhoven Remix,NULL,compilation,2010-11-02 00:00:00.0000000,0
5572,Hold Me,NULL,compilation,1991-01-01 00:00:00.0000000,0
5573,Oh Fasho,NULL,album,2017-02-14 00:00:00.0000000,0
5574,Obispo Abel F. Aguilar,NULL,album,2009-02-03 00:00:00.0000000,0
5575,No Assistance,NULL,compilation,2016-11-11 00:00:00.0000000,0
5576,Wild Star,NULL,album,2014-11-24 00:00:00.0000000,0
5577,"Prince Igor: Act 2, Recitative of Konchakovna and Vladimir Igorevich",NULL,album,2007-10-16 00:00:00.0000000,0
5578,Don't Fuck With My Money - Dave Aude Club Mix Radio Edit,NULL,single,2012-01-01 00:00:00.0000000,0
5579,Dreams of Leaving,NULL,compilation,2012-06-11 00:00:00.0000000,0
558,Blue Bayou,NULL,album,2013-01-01 00:00:00.0000000,0
5580,Arrancame la Vida,NULL,album,1998-01-01 00:00:00.0000000,0
5581,A Summer Place - Main Title,NULL,album,2005-10-31 00:00:00.0000000,0
5582,Meglio da soli,NULL,album,2014-10-26 00:00:00.0000000,0
5583,Canon in D Major,NULL,compilation,2015-08-14 00:00:00.0000000,0
5584,Blame It On The Boogie (Original Mix),NULL,compilation,2005-04-05 00:00:00.0000000,0
5585,PCD,NULL,album,2005-01-01 00:00:00.0000000,55
5586,Silent Night Music Box,NULL,compilation,2016-12-05 00:00:00.0000000,0
5587,Inténtalo - Deluxe Version,NULL,album,2013-05-07 00:00:00.0000000,0
5588,Oh Kuri,NULL,single,2012-09-27 00:00:00.0000000,4
5589,Seventh Son,NULL,album,2001-12-31 00:00:00.0000000,0
559,The Night Before Xmas Binge,NULL,album,2014-10-12 00:00:00.0000000,0
5590,Les Tricheurs,NULL,album,2010-09-20 00:00:00.0000000,0
5591,Rag Doll Blues,NULL,album,2012-10-09 00:00:00.0000000,14
5592,Tema Alegre,NULL,compilation,2009-01-01 00:00:00.0000000,0
5593,Dejarte Llevar,NULL,album,2011-07-11 00:00:00.0000000,0
5594,Chua Bao Gio Me Ke,NULL,single,2017-07-01 00:00:00.0000000,0
5595,"Les Surprises de l'Amour, Act II Scene 2: Act II Scene 2: La Lyre Enchantee: Ariette: Chantez la faveur eclatante (Uranie)",NULL,album,2013-10-01 00:00:00.0000000,0
5596,Flexstar (El Diablo Remix),NULL,single,2014-08-12 00:00:00.0000000,0
5597,Love The Way,NULL,album,2016-09-20 00:00:00.0000000,0
5598,Time for a Delicious Dinner (Dialog),NULL,album,2003-10-01 00:00:00.0000000,0
5599,Besos Encantadores,NULL,album,2011-02-15 00:00:00.0000000,0
56,Rows of Three,NULL,album,2012-08-31 00:00:00.0000000,0
560,ep,NULL,single,2006-07-11 00:00:00.0000000,0
5600,Q.E.P.D.,NULL,album,2017-05-25 00:00:00.0000000,5
5601,Under the Bridge,NULL,album,2013-09-09 00:00:00.0000000,0
5602,Baseball Ballet,NULL,album,1994-11-15 00:00:00.0000000,0
5603,L'etrangère - Live à l'Olympia,NULL,album,1992-02-07 00:00:00.0000000,0
5604,Don't Let Go The Coat,NULL,compilation,2017-10-27 00:00:00.0000000,0
5605,Eye of the Tiger - Soundtrack Version,NULL,compilation,2012-05-25 00:00:00.0000000,0
5606,Hanggang Ngayon,NULL,album,2002-09-11 00:00:00.0000000,0
5607,Say Something,NULL,album,2010-01-01 00:00:00.0000000,0
5608,Eternally (Limelight),NULL,album,1991-01-01 00:00:00.0000000,0
5609,Máncora,NULL,single,2020-12-11 00:00:00.0000000,2
561,Flor Morena,NULL,album,2012-01-01 00:00:00.0000000,0
5610,Tempting Meditation Beach Waves,NULL,album,2016-05-25 00:00:00.0000000,0
5611,Reality - Original Mix,NULL,single,2012-06-20 00:00:00.0000000,0
5612,Best of Porretta Soul Festival - 30th Anniversary,NULL,compilation,2017-07-14 00:00:00.0000000,11
5613,"Jesus' Name, Pt. 2",NULL,album,2016-09-03 00:00:00.0000000,0
5614,Toward You,NULL,album,2012-01-01 00:00:00.0000000,0
5615,Consumed - Logistics Remix,NULL,album,2012-10-22 00:00:00.0000000,0
5616,God Got My Back,NULL,album,2006-01-01 00:00:00.0000000,0
5617,Bamboo Garden,NULL,compilation,2015-07-13 00:00:00.0000000,0
5618,Therapeutic Repetition,NULL,album,2009-06-05 00:00:00.0000000,0
5619,Got What Ya Need,NULL,album,2015-05-26 00:00:00.0000000,0
562,Hora Staccato,NULL,album,2014-07-11 00:00:00.0000000,0
5620,A un Paso de Ti,NULL,album,2016-03-08 00:00:00.0000000,0
5621,Ek ken Jou Soms,NULL,album,2006-01-01 00:00:00.0000000,0
5622,Show Me the Way - tyDi Remix,NULL,single,2011-05-30 00:00:00.0000000,0
5623,"Theme (From ""Taras Bulba"")",NULL,album,2013-12-17 00:00:00.0000000,0
5624,Hold You Now,NULL,album,2012-02-14 00:00:00.0000000,0
5625,My Show,NULL,album,2009-08-19 00:00:00.0000000,0
5626,Drown in Ashes,NULL,album,2006-07-13 00:00:00.0000000,0
5627,Bechet's Blues,NULL,compilation,2012-02-27 00:00:00.0000000,0
5628,Chroma,NULL,album,2006-07-03 00:00:00.0000000,3
5629,Remembrance,NULL,single,2019-07-12 00:00:00.0000000,38
563,Something Wrong,NULL,album,2014-09-23 00:00:00.0000000,0
5630,Future Bass 2019,NULL,compilation,2019-03-18 00:00:00.0000000,0
5631,Tamatoa,NULL,album,2002-01-01 00:00:00.0000000,0
5632,"Canzona No. 17 for 2 Basses, ""La Diodata""",NULL,album,2004-01-01 00:00:00.0000000,0
5633,Gogo Klub,NULL,album,2015-05-08 00:00:00.0000000,0
5634,Triesta,NULL,album,2005-05-24 00:00:00.0000000,0
5635,Tsolag Djan,NULL,album,2015-03-30 00:00:00.0000000,0
5636,The Reason,NULL,album,2010-05-10 00:00:00.0000000,0
5637,He Only Goes Out On Tuesdays,NULL,album,2009-11-16 00:00:00.0000000,0
5638,Valja Se,NULL,album,2011-07-20 00:00:00.0000000,0
5639,Taboo,NULL,compilation,2016-08-24 00:00:00.0000000,0
564,Cheeky Monkey,NULL,compilation,2011-01-05 00:00:00.0000000,0
5640,Two Girls in Love (with Each Other),NULL,album,1969-06-01 00:00:00.0000000,0
5641,NNN,NULL,compilation,2008-12-23 00:00:00.0000000,0
5642,Gymnopedie #2,NULL,album,2008-10-13 00:00:00.0000000,0
5643,Chopin: Nocturne in E flat Major Op.9 No.2,NULL,album,1997-05-20 00:00:00.0000000,0
5644,Crazy - Live 86,NULL,album,2014-07-14 00:00:00.0000000,0
5645,Liver Let Die,NULL,album,2004-04-12 00:00:00.0000000,37
5646,Lloraras,NULL,album,1992-11-02 00:00:00.0000000,0
5647,Creeper Part II,NULL,album,2012-11-12 00:00:00.0000000,0
5648,Canabible Ohio EP,NULL,single,2013-04-02 00:00:00.0000000,0
5649,Nobleman,NULL,album,2010-12-01 00:00:00.0000000,0
565,The Real Christmas,NULL,compilation,2012-09-21 00:00:00.0000000,0
5650,Limelight,NULL,album,2009-07-16 00:00:00.0000000,0
5651,"Eight Russian Folk-Songs for Orchestra, Op. 58. Humorous Song ( ""I danced with a Gnat"")",NULL,album,2004-01-01 00:00:00.0000000,0
5652,"Hayl, Mary, Ful of Grace - Vocal",NULL,album,1998-10-16 00:00:00.0000000,0
5653,Aaj Dhee Ek Raja Di,NULL,album,2011-12-01 00:00:00.0000000,0
5654,Lovesong,NULL,album,2014-08-04 00:00:00.0000000,0
5655,Intro - Live From Spotify NYC,NULL,single,2013-01-01 00:00:00.0000000,0
5656,Lie,NULL,album,2012-05-25 00:00:00.0000000,0
5657,Bustin' Out,NULL,album,1972-04-24 00:00:00.0000000,37
5658,Got My Mind Set on You - Live,NULL,compilation,2016-02-26 00:00:00.0000000,0
5659,No Me Digas,NULL,album,2007-04-30 00:00:00.0000000,14
566,Going Up The Country - (From 'Meet The Fockers'),NULL,album,2010-07-27 00:00:00.0000000,0
5660,Slutbutt,NULL,album,2013-02-01 00:00:00.0000000,0
5661,Shakin’ All Over,NULL,album,2009-04-01 00:00:00.0000000,0
5662,Rivers Of Babylon - Original,NULL,album,2006-04-14 00:00:00.0000000,0
5663,Pau Pau,NULL,compilation,2011-02-22 00:00:00.0000000,0
5664,"Don't Let Me Be Misunderstood / Esmeralda Suite - 12"" Mix Instrumental",NULL,single,2015-11-27 00:00:00.0000000,0
5665,Set in Stone,NULL,album,2012-11-13 00:00:00.0000000,0
5666,Calypso,NULL,album,1955-01-01 00:00:00.0000000,24
5667,Kahin Pyaar Na Ho Jaaye,NULL,album,2007-08-12 00:00:00.0000000,0
5668,Me Hubieras Cobrado Tus Besos,NULL,album,2017-02-06 00:00:00.0000000,0
5669,Meeting Daisy,NULL,compilation,2008-01-01 00:00:00.0000000,0
567,The Return Of The Magnificent,NULL,album,2007-05-07 00:00:00.0000000,21
5670,"Gitar Konçertosu ""Aranjuez"": II. Adagio",NULL,album,2007-01-01 00:00:00.0000000,0
5671,She Gets Me,NULL,album,2013-10-17 00:00:00.0000000,0
5672,Tuli Tuli,NULL,album,2006-01-01 00:00:00.0000000,0
5673,All Access: Volume One,NULL,album,2010-02-09 00:00:00.0000000,54
5674,After Monday,NULL,album,2006-10-07 00:00:00.0000000,0
5675,Come Fly With Me,NULL,album,2007-01-01 00:00:00.0000000,0
5676,War Is Ugly,NULL,album,2007-11-28 00:00:00.0000000,0
5677,La ballade des gens heureux,NULL,album,2004-06-10 00:00:00.0000000,0
5678,The Seagull (arr. R. Pontinen),NULL,album,2012-03-06 00:00:00.0000000,0
5679,Beyond The Gates,NULL,album,1986-01-01 00:00:00.0000000,23
568,Tragna Sward,NULL,single,2020-02-11 00:00:00.0000000,4
5680,Black Kingdom Red Kingdom,NULL,album,2009-05-15 00:00:00.0000000,28
5681,Rude Boy,NULL,album,1994-01-01 00:00:00.0000000,0
5682,Boo Hoo - See Remake 75942,NULL,album,1998-01-01 00:00:00.0000000,0
5683,"Mirror, Mirror",NULL,compilation,2009-08-17 00:00:00.0000000,0
5684,Os Pintinhos,NULL,album,2007-09-12 00:00:00.0000000,0
5685,Gypsy Runner,NULL,album,2015-04-13 00:00:00.0000000,3
5686,Intro,NULL,album,2007-09-06 00:00:00.0000000,0
5687,Inner City Blues,NULL,compilation,2010-06-28 00:00:00.0000000,0
5688,Devil's Tail,NULL,album,2008-09-30 00:00:00.0000000,0
5689,Somewhere over the Rainbow,NULL,album,2017-08-15 00:00:00.0000000,0
569,Breathe,NULL,album,2010-09-17 00:00:00.0000000,0
5690,Semos unos monstruos,NULL,album,2004-08-30 00:00:00.0000000,42
5691,Color Blind - Original,NULL,album,2010-07-26 00:00:00.0000000,0
5692,"Vino, Mujeres y Canto",NULL,album,2014-11-13 00:00:00.0000000,0
5693,Perfect Love,NULL,album,2006-01-01 00:00:00.0000000,0
5694,Never Gonna Let You Die,NULL,album,2004-01-01 00:00:00.0000000,0
5695,Ay Ay - Radio Edit,NULL,compilation,2007-01-01 00:00:00.0000000,0
5696,Shmelkie's Niggun,NULL,album,2010-08-31 00:00:00.0000000,0
5697,Fairytale of New York,NULL,album,2012-12-18 00:00:00.0000000,0
5698,Bang bang,NULL,compilation,2001-01-01 00:00:00.0000000,0
5699,Wherever You Are,NULL,album,2001-01-01 00:00:00.0000000,0
57,Punk Rock And Roll,NULL,compilation,2011-06-06 00:00:00.0000000,0
570,Cobra,NULL,album,2000-01-01 00:00:00.0000000,0
5700,Battle Of The Mass,NULL,compilation,2003-07-14 00:00:00.0000000,0
5701,A State Of Trance (ASOT 826) - New label: InHarmony Music,NULL,album,2017-08-10 00:00:00.0000000,0
5702,Microphone Murdura,NULL,album,2015-08-28 00:00:00.0000000,0
5703,Verurteilt / Ich wollte nicht nach Syrien,NULL,album,2015-05-29 00:00:00.0000000,0
5704,Amazing Grace - Live,NULL,compilation,2014-05-18 00:00:00.0000000,0
5705,Walking on Broken Glass,NULL,album,2015-06-16 00:00:00.0000000,0
5706,Disco Disco (Original Mix),NULL,single,2021-04-02 00:00:00.0000000,0
5707,Molly Green,NULL,album,2013-07-30 00:00:00.0000000,0
5708,Concerto No. 5 for 2 Sixth Flutes in D Major: I. Allegro,NULL,album,2016-02-07 00:00:00.0000000,0
5709,Country Feedback,NULL,compilation,2014-04-19 00:00:00.0000000,0
571,All Over Again,NULL,single,2012-06-05 00:00:00.0000000,0
5710,Somewhere Close to You,NULL,album,2012-01-01 00:00:00.0000000,0
5711,Agresipunk,NULL,single,2020-02-07 00:00:00.0000000,1
5712,Remembering Good Times,NULL,album,2015-03-25 00:00:00.0000000,0
5713,Première Suite: Première Suite: Courante,NULL,album,2008-09-02 00:00:00.0000000,0
5714,Traces (Original Mix),NULL,single,2017-03-27 00:00:00.0000000,0
5715,葛屁 (Knock Out),NULL,album,2012-08-15 00:00:00.0000000,0
5716,Pay Day,NULL,compilation,2014-11-04 00:00:00.0000000,0
5717,"Adagietto (from ""Symphony No.5"")",NULL,compilation,2011-05-31 00:00:00.0000000,0
5718,Get to Know U,NULL,album,2016-11-11 00:00:00.0000000,0
5719,"We Are Ninja, Now Cue the Fireworks",NULL,album,2010-11-03 00:00:00.0000000,0
572,"8 Klavierstücke, Op. 76: No. 4. Intermezzo in B-Flat Major",NULL,album,2017-02-03 00:00:00.0000000,0
5720,Akacos ut,NULL,album,2015-07-01 00:00:00.0000000,0
5721,Lovebloom,NULL,album,2016-02-14 00:00:00.0000000,0
5722,Traigo Candela (Salsaton Version) [feat. Nestor Rivero],NULL,album,2016-06-06 00:00:00.0000000,0
5723,Turnalar,NULL,album,2003-12-19 00:00:00.0000000,0
5724,Epic,NULL,album,2014-01-15 00:00:00.0000000,0
5725,"I Feel So Smoochie - from ""Stepping Out""",NULL,album,2012-06-14 00:00:00.0000000,0
5726,The Thrill Is Gone,NULL,compilation,2012-01-03 00:00:00.0000000,0
5727,Video,NULL,compilation,2016-11-04 00:00:00.0000000,0
5728,Should've Know Better - 169 BPM,NULL,album,2014-10-21 00:00:00.0000000,0
5729,Singing Shells,NULL,album,2015-02-25 00:00:00.0000000,0
573,Sunjaya - Original Mix,NULL,compilation,2011-12-30 00:00:00.0000000,0
5730,In The Zone Interlude,NULL,album,1996-01-01 00:00:00.0000000,0
5731,The Essential Poet Collection,NULL,album,2009-08-04 00:00:00.0000000,0
5732,Fantasmi pt. 2,NULL,album,2012-12-25 00:00:00.0000000,0
5733,Fire Alarm 2,NULL,album,2010-04-01 00:00:00.0000000,0
5734,Holy Is the Lord,NULL,album,2008-01-01 00:00:00.0000000,0
5735,"Hungarian Rhapsody, Op. 68",NULL,compilation,2009-01-01 00:00:00.0000000,0
5736,Tierra Vendrá,NULL,album,2006-01-01 00:00:00.0000000,0
5737,DIY Sociopolitics,NULL,single,2020-05-29 00:00:00.0000000,0
5738,Eternamente,NULL,album,2015-05-05 00:00:00.0000000,0
5739,Penthouse In The Basement,NULL,compilation,2001-01-01 00:00:00.0000000,0
574,Mushy,NULL,album,2015-12-25 00:00:00.0000000,0
5740,"33 Variations on a Waltz by Anton Diabelli, Op. 120: Var. 20 Andante",NULL,album,1958-01-01 00:00:00.0000000,0
5741,Uddessho Nei,NULL,album,2014-01-01 00:00:00.0000000,0
5742,"Reet Yehi Jag Ki (From ""Kareeb"")",NULL,album,1998-07-17 00:00:00.0000000,0
5743,Bolero En Paris,NULL,album,1996-01-01 00:00:00.0000000,0
5744,Sentimental Situations,NULL,album,2012-04-20 00:00:00.0000000,0
5745,Catnip,NULL,album,2020-02-20 00:00:00.0000000,13
5746,Mix 1 - Hardstyle The Ultimate Collection 2013 Volume 3 - Full Continuous DJ Mix,NULL,compilation,2013-08-23 00:00:00.0000000,0
5747,Yesterday,NULL,album,2011-01-28 00:00:00.0000000,0
5748,Bhairabi,NULL,album,2010-12-23 00:00:00.0000000,3
5749,Make the Product (feat. Dre Bond),NULL,album,2013-02-05 00:00:00.0000000,0
575,Mckay's Ride / Mckay Is Missing / The Old House,NULL,album,1995-09-19 00:00:00.0000000,0
5750,Wile Out!,NULL,compilation,2006-01-01 00:00:00.0000000,0
5751,Love Romance (로맨스 사랑),NULL,album,2008-01-01 00:00:00.0000000,0
5752,Concert Suite from the Nutcracker (Arr. Mikhail Pletnev): VI. Tea: Chinese Dance (Allegro moderato),NULL,album,2004-07-09 00:00:00.0000000,0
5753,Ain't No Room,NULL,album,2015-11-04 00:00:00.0000000,0
5754,Clear Skies,NULL,single,2019-04-26 00:00:00.0000000,44
5755,When You Come Back Down,NULL,album,1997-01-01 00:00:00.0000000,0
5756,Ninety Miles,NULL,album,2011-01-01 00:00:00.0000000,10
5757,Variationen zur Gesundung von Arinuschka,NULL,album,2007-05-01 00:00:00.0000000,0
5758,Fake - Gay Club Mix,NULL,album,2012-08-14 00:00:00.0000000,0
5759,Bądź przy mnie,NULL,single,2020-04-14 00:00:00.0000000,48
576,Cocoon Bloom,NULL,single,2013-01-01 00:00:00.0000000,0
5760,Charming Diana,NULL,album,2012-04-09 00:00:00.0000000,0
5761,London Towers,NULL,compilation,2012-01-27 00:00:00.0000000,0
5762,I'm Ready,NULL,album,2008-03-14 00:00:00.0000000,0
5763,Researching The Blues,NULL,album,2012-08-06 00:00:00.0000000,0
5764,No Tiene Caso Ya,NULL,album,2013-01-24 00:00:00.0000000,0
5765,Scary Atmosphere with Hissing Accents,NULL,album,2012-09-15 00:00:00.0000000,0
5766,"Pique Dame - The Queen of Spades Opera, Op. 68: Act II, Aria: Countess - Je crains de lui parler la nuit",NULL,compilation,1996-01-01 00:00:00.0000000,0
5767,Evening Sky,NULL,compilation,2012-03-05 00:00:00.0000000,0
5768,Disappear,NULL,album,2017-05-05 00:00:00.0000000,3
5769,78 R.P.M - 2002 Remaster,NULL,compilation,2002-03-11 00:00:00.0000000,0
577,Why Can't We Live Together,NULL,album,2014-10-27 00:00:00.0000000,0
5770,I Need My Baby,NULL,album,2010-11-29 00:00:00.0000000,0
5771,"Buy One Style, Get Second Style Free",NULL,album,1999-10-12 00:00:00.0000000,0
5772,Israel,NULL,album,2012-01-01 00:00:00.0000000,0
5773,Miss My Dawg,NULL,album,2008-05-20 00:00:00.0000000,0
5774,Bayan Bayende,NULL,compilation,2010-11-12 00:00:00.0000000,0
5775,Know by Now,NULL,compilation,2006-01-01 00:00:00.0000000,0
5776,Man Eating Shark,NULL,album,2013-08-06 00:00:00.0000000,0
5777,Burning From The Inside [Mix Cut] - Original Mix,NULL,compilation,2008-09-29 00:00:00.0000000,0
5778,JW,NULL,album,1996-01-01 00:00:00.0000000,0
5779,Petite Fleur,NULL,album,1992-01-01 00:00:00.0000000,0
578,U Can't Stop - Guitar Club Mix,NULL,single,2006-01-01 00:00:00.0000000,0
5780,Born For Love,NULL,album,2012-03-05 00:00:00.0000000,0
5781,Oye negra (A. Morales - J. Camacho),NULL,album,2006-10-05 00:00:00.0000000,0
5782,Fetty Wap,NULL,album,2015-10-26 00:00:00.0000000,0
5783,Bumbum pro Lado,NULL,album,2015-01-01 00:00:00.0000000,0
5784,The Death,NULL,album,2016-02-18 00:00:00.0000000,0
5785,Daemons Journey - Live Bonus Track,NULL,album,2004-01-01 00:00:00.0000000,0
5786,Salsa Para Tu Lechon,NULL,album,2017-11-14 00:00:00.0000000,0
5787,Predictions,NULL,single,2017-03-06 00:00:00.0000000,0
5788,Sólo para enamorados,NULL,album,2001-11-16 00:00:00.0000000,45
5789,Macho,NULL,album,2012-01-01 00:00:00.0000000,0
579,Sanam (Original Motion Picture Soundtrack),NULL,album,1997-06-20 00:00:00.0000000,0
5790,Ne me plaignez pas,NULL,compilation,1999-12-28 00:00:00.0000000,0
5791,Eternal,NULL,compilation,2015-02-04 00:00:00.0000000,0
5792,Río Rosa,NULL,compilation,2016-06-17 00:00:00.0000000,0
5793,We Love 2 Get High,NULL,album,2005-01-01 00:00:00.0000000,0
5794,Si Noël vous chante,NULL,compilation,1997-01-01 00:00:00.0000000,0
5795,Around My Dream,NULL,compilation,2013-01-01 00:00:00.0000000,0
5796,"Slavonic Dances, Op. 46: N°5 in A - Allegro Vivace",NULL,album,2012-02-17 00:00:00.0000000,0
5797,When the Roses Bloom Again,NULL,album,1974-01-01 00:00:00.0000000,0
5798,Magic,NULL,album,2008-01-01 00:00:00.0000000,0
5799,Star Wars,NULL,compilation,2011-04-12 00:00:00.0000000,0
58,Aoud Around the Arab World,NULL,album,1993-01-01 00:00:00.0000000,28
580,Sticking My Head In Ice Water (For Almost Too Long),NULL,single,2007-05-29 00:00:00.0000000,0
5800,Dale a Tu Bandera,NULL,album,2016-05-10 00:00:00.0000000,25
5801,Obsesionado (Ando Parado),NULL,album,2015-06-30 00:00:00.0000000,0
5802,Je Pense Queue,NULL,album,2011-01-01 00:00:00.0000000,0
5803,I'm On One (Outro) - iLLY B-I'm On One (Remix),NULL,album,2011-08-30 00:00:00.0000000,0
5804,Sleep Music Lullabies Delta Binaural 432hz (Sleep Songs for Peaceful Rest),NULL,album,2012-04-05 00:00:00.0000000,0
5805,Alguien Me Ama Mas Que Tu,NULL,album,2000-01-01 00:00:00.0000000,0
5806,Chrysoula (Syrto),NULL,compilation,2005-01-01 00:00:00.0000000,0
5807,Sinister - Douze Remix,NULL,single,2011-12-23 00:00:00.0000000,0
5808,Ghost Buster,NULL,single,2017-06-01 00:00:00.0000000,0
5809,Lost Inside Your Eyes,NULL,single,2013-10-14 00:00:00.0000000,0
581,Corrido de Saul Camacho,NULL,album,2013-10-10 00:00:00.0000000,0
5810,Falsa Moneda,NULL,album,2012-09-01 00:00:00.0000000,18
5811,"Vesperae de Dominica in C, K.321: 2. Confitebor (Ps. 110/111)",NULL,album,2000-01-01 00:00:00.0000000,0
5812,El Guayabo de la Ye,NULL,compilation,1965-01-01 00:00:00.0000000,0
5813,太陽照常升起,NULL,album,2009-01-01 00:00:00.0000000,0
5814,Ghosts N Stuff,NULL,single,2013-05-29 00:00:00.0000000,0
5815,Freak Magnet,NULL,album,2005-01-01 00:00:00.0000000,21
5816,Rolling Son,NULL,album,2008-09-30 00:00:00.0000000,0
5817,The Finale',NULL,album,2006-01-01 00:00:00.0000000,0
5818,Hiprofenia,NULL,single,2020-01-23 00:00:00.0000000,33
5819,Fevgodas,NULL,album,2006-01-01 00:00:00.0000000,0
582,Earl,NULL,album,1996-01-01 00:00:00.0000000,0
5820,"Brahms: Quintet for Two Violins, Two Violas and Cello, in F Major, Op. 88 - Grave ed appassionato-Allegretto vivace-Presto",NULL,album,2005-11-01 00:00:00.0000000,0
5821,Can't Compare (feat. Kilo G),NULL,album,2014-08-20 00:00:00.0000000,0
5822,Te Amare' - Hispanico Latino,NULL,compilation,2008-06-10 00:00:00.0000000,0
5823,Angeles Educados,NULL,album,2006-01-01 00:00:00.0000000,0
5824,Serious Business,NULL,album,2016-01-29 00:00:00.0000000,15
5825,Christmas Treez,NULL,compilation,2016-10-28 00:00:00.0000000,0
5826,Sad Situation,NULL,album,2012-11-07 00:00:00.0000000,0
5827,武士精神,NULL,compilation,2003-01-01 00:00:00.0000000,0
5828,Trip Thru Hell,NULL,album,1968-01-01 00:00:00.0000000,0
5829,September Song - Remastered,NULL,album,2010-09-22 00:00:00.0000000,0
583,Take Me Higher,NULL,album,2011-02-22 00:00:00.0000000,0
5830,You Don't Have To Worry (Karaoke Instrumental Track)[In the Style of Mary J. Blige],NULL,album,2009-08-13 00:00:00.0000000,0
5831,Flowin' (feat. J'son & Eshon Burgundy),NULL,album,2013-03-19 00:00:00.0000000,0
5832,Anti Stress - Relaxing Piano Music to Relieve Stress,NULL,album,2010-09-15 00:00:00.0000000,0
5833,Happy Christmas,NULL,album,2009-09-23 00:00:00.0000000,0
5834,State Beat Tape (2008),NULL,album,2008-07-23 00:00:00.0000000,2
5835,Skyliner,NULL,album,2000-01-01 00:00:00.0000000,0
5836,Money on My Mind (134 BPM),NULL,album,2016-12-02 00:00:00.0000000,0
5837,Properties Dementia (MonoChromeAlbum),NULL,album,2019-08-08 00:00:00.0000000,3
5838,Believer,NULL,compilation,2007-01-01 00:00:00.0000000,0
5839,Sinfonia VII In D Minor / En Ré Mineur - Andante Amorevole,NULL,album,1992-01-01 00:00:00.0000000,0
5840,Out Of The Mist,NULL,compilation,2000-01-01 00:00:00.0000000,0
5841,"Wee-Dot - Live At Birdland, New York, 1954 (Alternate Take)",NULL,album,2014-01-01 00:00:00.0000000,0
5842,Meeting of Both Worlds,NULL,album,2014-12-02 00:00:00.0000000,0
5843,"Piano Concerto No.2 in G minor, Op.16: 1. Andantino",NULL,album,2007-01-01 00:00:00.0000000,0
5844,Renegade,NULL,compilation,2012-10-19 00:00:00.0000000,0
5845,Burning Orange,NULL,compilation,2006-03-27 00:00:00.0000000,0
5846,In The Heart Of The Young,NULL,album,2007-03-23 00:00:00.0000000,0
5847,Has Vuelto Abrir la Herida,NULL,album,2012-12-21 00:00:00.0000000,0
5848,Alpha Male,NULL,album,2006-03-28 00:00:00.0000000,0
5849,Southern Sun - Cold Blue's Dark Radio Edit,NULL,compilation,2015-12-11 00:00:00.0000000,0
585,Vaughan Williams: Fantasia on a Theme by Thomas Tallis (Excerpt),NULL,compilation,2007-01-01 00:00:00.0000000,0
5850,Morena Maneira,NULL,album,2002-03-30 00:00:00.0000000,0
5851,"Waltz No. 14 in E Minor, Op. posth.",NULL,album,2012-01-01 00:00:00.0000000,0
5852,Basic Maneuvers,NULL,album,2006-07-20 00:00:00.0000000,0
5853,Jodlergrüße aus den Bergen,NULL,compilation,2011-07-14 00:00:00.0000000,12
5854,Lo Que Buscas Tu,NULL,album,2017-08-31 00:00:00.0000000,0
5855,That’ll Work,NULL,single,2011-09-21 00:00:00.0000000,0
5856,"Keyboard Partita No. 4 in D Major, BWV 828: V. Sarabande",NULL,album,2017-04-21 00:00:00.0000000,0
5857,Bosa,NULL,compilation,2014-10-29 00:00:00.0000000,0
5858,Zoon Baloomba Remixes,NULL,album,2012-08-29 00:00:00.0000000,0
5859,Rich Girl (In The Style Of Gwen Stefani),NULL,album,2007-08-28 00:00:00.0000000,0
586,Joni Woni (Likes to Ride the Pony),NULL,album,2004-08-18 00:00:00.0000000,0
5860,All Of The Damned,NULL,album,1995-01-01 00:00:00.0000000,0
5861,Across the USA,NULL,album,2016-08-26 00:00:00.0000000,0
5862,Everyday People,NULL,compilation,2010-01-01 00:00:00.0000000,0
5863,"Divertissement sur des motifs originaux français, D. 823: No. 2, Andantino varié, Op. 84 No. 1",NULL,album,2017-05-19 00:00:00.0000000,0
5864,Sanguine Expectations,NULL,album,2013-06-29 00:00:00.0000000,0
5865,"Resignazione, S263/S187a/R388",NULL,album,1997-05-27 00:00:00.0000000,0
5866,In the Laboratory (Halloween Soundscape) - Halloween Party Mix,NULL,album,2012-10-04 00:00:00.0000000,0
5867,Pray To God Originally Performed By Calvin Harris Feat. Haim - Tribute Version,NULL,album,2015-01-01 00:00:00.0000000,0
5868,Dragsholm Slot,NULL,compilation,2006-01-01 00:00:00.0000000,0
5869,Snakeboy,NULL,album,1985-09-29 00:00:00.0000000,12
587,Hosanna,NULL,album,2011-05-15 00:00:00.0000000,0
5870,God Gave Me You,NULL,album,2013-02-05 00:00:00.0000000,0
5871,Stereo Funk,NULL,compilation,2012-03-15 00:00:00.0000000,0
5872,Coming Undone - Karaoke Version In the Style of Korn,NULL,compilation,2010-03-17 00:00:00.0000000,0
5873,Love Triangle,NULL,single,2018-04-20 00:00:00.0000000,2
5874,Musica Relax,NULL,album,2011-07-13 00:00:00.0000000,0
5875,Water Music (Chill Songs),NULL,album,2015-10-30 00:00:00.0000000,0
5876,Mbanda Mwasi Alingi Ngai,NULL,album,2014-06-30 00:00:00.0000000,0
5877,Insane Pressure - Elektrokid & Dave Lambert Rmx,NULL,compilation,2009-12-25 00:00:00.0000000,0
5878,Santiago De Cuba,NULL,single,2002-07-15 00:00:00.0000000,0
5879,Wisdom of Tibet,NULL,album,2010-05-15 00:00:00.0000000,0
588,Obsessed (Cahill Club Mix),NULL,album,2010-10-12 00:00:00.0000000,0
5880,Eu Amo Demais - Versão Remasterizada,NULL,album,1976-04-07 00:00:00.0000000,0
5881,Pleading Post,NULL,album,2007-04-03 00:00:00.0000000,0
5882,Jump The Rhine - Volume One,NULL,compilation,2014-01-13 00:00:00.0000000,0
5883,Fare Thee Well - World Record Live Version,NULL,album,2013-06-19 00:00:00.0000000,0
5884,Ottoman Arabic Classical Music,NULL,album,2006-10-10 00:00:00.0000000,20
5885,Universal Soldier,NULL,album,2008-06-24 00:00:00.0000000,0
5886,MY WAY (國) - Live,NULL,album,2009-01-01 00:00:00.0000000,0
5887,Vamos A La Playa - London Club Mix,NULL,single,1999-04-30 00:00:00.0000000,0
5888,La Luna Siempre Es Muy Linda,NULL,compilation,2011-10-24 00:00:00.0000000,0
5889,Court House Blues - 1983 Satchmo Version,NULL,album,2001-01-01 00:00:00.0000000,0
589,Con El Odio En La Sangre,NULL,album,2011-11-22 00:00:00.0000000,0
5890,Bushwick Blues,NULL,single,2015-02-17 00:00:00.0000000,0
5891,Henna,NULL,album,2003-08-18 00:00:00.0000000,0
5892,Love (Hip Hop),NULL,album,2004-01-01 00:00:00.0000000,0
5893,"Adiós, Verano",NULL,album,2015-11-27 00:00:00.0000000,4
5894,The Light,NULL,album,2017-10-20 00:00:00.0000000,0
5895,Need You Around,NULL,compilation,2017-01-23 00:00:00.0000000,0
5896,This Is Only the Beginning...,NULL,album,2013-01-01 00:00:00.0000000,0
5897,Turn It Around - Maurizio Gubellini vs. Nari & Milani Remix,NULL,album,2013-02-04 00:00:00.0000000,0
5898,Kinder Hits (Vol. 1),NULL,album,2009-04-29 00:00:00.0000000,0
5899,Let's Go,NULL,compilation,2007-12-11 00:00:00.0000000,0
59,Miss Gretchen,NULL,album,2009-09-29 00:00:00.0000000,0
590,Lo Que Soy,NULL,album,2015-07-10 00:00:00.0000000,0
5900,Samba No Perro Quet,NULL,album,2015-01-05 00:00:00.0000000,0
5901,Last Dance (Karaoke Instrumental Track) [In the Style of Donna Summer],NULL,album,2008-02-10 00:00:00.0000000,0
5902,Intertribal,NULL,album,2007-05-22 00:00:00.0000000,0
5903,Swing Low Sweet Chariot,NULL,album,2015-11-24 00:00:00.0000000,0
5904,We Are The Voice,NULL,single,2008-07-11 00:00:00.0000000,0
5905,Luna de Margarita,NULL,album,2002-01-01 00:00:00.0000000,0
5906,Can't Stop Me,NULL,album,2017-03-12 00:00:00.0000000,0
5907,Has She Got A Friend?,NULL,album,2001-09-11 00:00:00.0000000,0
5908,Groovin' Hight,NULL,album,2014-04-30 00:00:00.0000000,0
5909,What If I Die,NULL,album,1999-03-23 00:00:00.0000000,0
591,Toda,NULL,album,2009-01-01 00:00:00.0000000,0
5910,Farewell Johnny Miner,NULL,album,1989-01-01 00:00:00.0000000,0
5911,Asómate A Mi Alma,NULL,album,1959-05-24 00:00:00.0000000,0
5912,Alabanza y Adoracion En Vivo desde España (En vivo),NULL,album,2002-03-28 00:00:00.0000000,0
5913,We're Gonna Have A Good Time,NULL,compilation,2013-01-01 00:00:00.0000000,0
5914,Dirty Old Town,NULL,album,2011-06-01 00:00:00.0000000,0
5915,R&B Fitness Beach Workout Continuous Mix,NULL,album,2014-07-18 00:00:00.0000000,0
5916,Bird In The Cage - Original Mix,NULL,compilation,2013-12-20 00:00:00.0000000,0
5917,"Swan Lake, Op. 20 : Act I, Introduction",NULL,compilation,2011-01-01 00:00:00.0000000,0
5918,Summer Destination,NULL,album,2007-03-13 00:00:00.0000000,1
5919,One Shot,NULL,album,2012-07-10 00:00:00.0000000,0
592,Beach,NULL,album,2013-01-01 00:00:00.0000000,0
5920,Faltan cinco pa las doce (Hecho éxito por Daniel Patiño),NULL,album,2005-01-22 00:00:00.0000000,0
5921,"Toad Town (from ""Paper Mario"") [feat. Michelle Heafy & 8BitBrigadier]",NULL,compilation,2015-08-15 00:00:00.0000000,0
5922,Red Elephant,NULL,album,2016-11-29 00:00:00.0000000,0
5923,The Killing Dream,NULL,album,2007-11-05 00:00:00.0000000,0
5924,Demon's Souls (Maneater),NULL,album,2015-03-25 00:00:00.0000000,0
5925,Pitch Black,NULL,album,2015-01-01 00:00:00.0000000,0
5926,It's Written,NULL,album,1994-01-01 00:00:00.0000000,0
5927,Vitrine Carioca,NULL,album,2000-01-01 00:00:00.0000000,0
5928,I'm Gonna Make You Love Me,NULL,album,2012-12-06 00:00:00.0000000,0
5929,Perfect Love (feat. Donka MC),NULL,album,2011-11-25 00:00:00.0000000,0
593,This Love Kills Me (ABGT256) - Gabriel & Dresden Club Mix - Above & Beyond Respray,NULL,album,2017-10-29 00:00:00.0000000,0
5930,Ciranda,NULL,album,2000-01-01 00:00:00.0000000,0
5931,Bononcini: Stabat Mater / Lotti: Crucifixus / Caldara: Crucifixus,NULL,album,1978-03-07 00:00:00.0000000,0
5932,Hardtimes,NULL,album,1996-03-14 00:00:00.0000000,0
5933,Máximas Texturas 008,NULL,compilation,2002-11-01 00:00:00.0000000,0
5934,bye,NULL,single,2017-10-20 00:00:00.0000000,0
5935,Costa Daurada,NULL,single,2020-04-24 00:00:00.0000000,3
5936,Las Salinas - Original Mix,NULL,compilation,2013-07-31 00:00:00.0000000,0
5937,9.90,NULL,album,2016-01-15 00:00:00.0000000,0
5938,Four Green Fields,NULL,album,2003-01-01 00:00:00.0000000,0
5939,Zero Drgrees,NULL,compilation,2013-08-03 00:00:00.0000000,0
594,The Weakener - Mindless Faith Remix,NULL,album,2004-11-23 00:00:00.0000000,0
5940,Gipsy in Me,NULL,album,2013-09-20 00:00:00.0000000,0
5941,Bis,NULL,compilation,2010-07-26 00:00:00.0000000,0
5942,Falling In Love,NULL,album,2016-04-04 00:00:00.0000000,0
5943,Dancing in the Moonlight,NULL,single,2020-11-06 00:00:00.0000000,48
5944,"Cello Sonata, Op. 6: I. Allegro ma non troppo",NULL,album,2015-03-03 00:00:00.0000000,0
5945,Runaway,NULL,album,2005-12-25 00:00:00.0000000,0
5946,Field,NULL,compilation,1997-02-25 00:00:00.0000000,0
5947,Carne Quemada,NULL,album,2012-11-14 00:00:00.0000000,0
5948,Sonic Reducer (Dead Boys) - Bonus Track,NULL,album,1986-01-01 00:00:00.0000000,0
5949,Free My Soul,NULL,compilation,2004-04-12 00:00:00.0000000,0
595,The Stars and Stripes Forever (1962 recording),NULL,album,2008-09-02 00:00:00.0000000,0
5950,See-Thru-Skin,NULL,album,2006-08-22 00:00:00.0000000,0
5951,What Now My Love - Live At Basin Street West / 1967,NULL,album,1998-01-01 00:00:00.0000000,0
5952,Half Light,NULL,album,2014-06-18 00:00:00.0000000,0
5953,A's Reclining Tops,NULL,compilation,2007-01-01 00:00:00.0000000,0
5954,Through the Eclips,NULL,single,2017-10-28 00:00:00.0000000,0
5955,From the Land of the Sky Blue Water,NULL,album,2000-01-01 00:00:00.0000000,0
5956,The Medicine,NULL,album,2011-01-04 00:00:00.0000000,4
5957,War Is Over,NULL,album,2010-11-29 00:00:00.0000000,0
5958,"Damn, Sam (I Love a Woman That Rains) (Live in Porto)",NULL,compilation,2012-07-02 00:00:00.0000000,0
5959,End of the Road,NULL,album,1999-08-08 00:00:00.0000000,0
596,Day Four,NULL,album,2014-05-22 00:00:00.0000000,0
5960,Sure On This Shining Night,NULL,album,2005-01-01 00:00:00.0000000,0
5961,Zoom Sequence,NULL,album,2012-03-19 00:00:00.0000000,0
5962,Mr. Right Now,NULL,compilation,2013-05-28 00:00:00.0000000,0
5963,"¡Buenos días, mundo!",NULL,album,2011-11-04 00:00:00.0000000,0
5964,Know It All,NULL,album,1994-01-01 00:00:00.0000000,0
5965,Hörner in der Nacht,NULL,album,1983-01-01 00:00:00.0000000,0
5966,Oxford County Line,NULL,album,1991-01-01 00:00:00.0000000,0
5967,Girl Come To See Me,NULL,album,2005-01-01 00:00:00.0000000,0
5968,I Say You He Dead,NULL,album,2005-01-01 00:00:00.0000000,0
5969,Kein Feuerzeichen,NULL,album,2002-01-01 00:00:00.0000000,0
597,El Destino,NULL,album,2013-09-11 00:00:00.0000000,0
5970,Acting Crazy [Mix Cut] - Tom Fall Remix,NULL,compilation,2011-11-25 00:00:00.0000000,0
5971,Like You Do,NULL,album,2005-01-01 00:00:00.0000000,0
5972,Lullaby,NULL,album,1990-01-01 00:00:00.0000000,0
5973,Antarayaami - Knower of All Hearts,NULL,album,2013-03-12 00:00:00.0000000,28
5974,Modern Torment,NULL,single,2012-02-14 00:00:00.0000000,0
5975,Teste de Fidelidade,NULL,album,2012-02-27 00:00:00.0000000,0
5976,Enigma of a Lost World,NULL,album,2015-10-13 00:00:00.0000000,0
5977,Gameboy,NULL,album,2017-05-30 00:00:00.0000000,0
5978,Fantasia No. 9 in E Major: Affettuoso - Allegro - Grave - Vivace,NULL,album,2009-01-01 00:00:00.0000000,0
5979,The French Reverie,NULL,album,2017-08-01 00:00:00.0000000,6
598,Maybe Someday,NULL,album,2008-01-01 00:00:00.0000000,0
5980,Revelations,NULL,album,1994-01-01 00:00:00.0000000,0
5981,Occam Ocean I,NULL,album,2018-04-13 00:00:00.0000000,13
5982,(If) You Want Trouble,NULL,album,2012-05-25 00:00:00.0000000,0
5983,Man At Every Port,NULL,album,2007-04-03 00:00:00.0000000,0
5984,Genderations,NULL,album,2015-04-22 00:00:00.0000000,0
5985,I Can't Leave You,NULL,compilation,2010-12-22 00:00:00.0000000,0
5986,Watch Your Back,NULL,album,2005-05-31 00:00:00.0000000,0
5987,Promises,NULL,album,2009-11-14 00:00:00.0000000,0
5988,Ambron Tare Todh Ke,NULL,album,2007-01-01 00:00:00.0000000,0
5989,Kentucky Means Paradise,NULL,compilation,2013-05-17 00:00:00.0000000,0
599,You Spin Me Round (Like a Record),NULL,album,2017-10-24 00:00:00.0000000,0
5990,Insomnia,NULL,album,2001-09-11 00:00:00.0000000,0
5991,Hymn of Silence,NULL,album,2015-06-16 00:00:00.0000000,0
5992,Free At Last,NULL,album,1995-01-01 00:00:00.0000000,0
5993,Sad vs. Angry,NULL,album,2015-08-18 00:00:00.0000000,0
5994,Vieux Loup,NULL,album,2015-05-17 00:00:00.0000000,1
5995,Abububu,NULL,album,1993-01-01 00:00:00.0000000,0
5996,Chuy Sandoval,NULL,album,2011-12-09 00:00:00.0000000,0
5997,Never Go Home - Dirty Ducks Remix,NULL,single,2016-09-16 00:00:00.0000000,0
5998,The Keel Row,NULL,album,1996-06-26 00:00:00.0000000,0
5999,Seven Days And One Week - DJ Antoine vs Mad Mark Remix,NULL,album,2010-11-05 00:00:00.0000000,0
6,Si Tu Me Quieres (Dub),NULL,album,2007-05-18 00:00:00.0000000,0
60,She Sells Sanctuary,NULL,compilation,2015-04-01 00:00:00.0000000,0
600,Yankee Boy,NULL,album,2007-04-30 00:00:00.0000000,0
6000,Lonely One,NULL,album,2015-11-13 00:00:00.0000000,0
6001,Pregame Intro,NULL,album,1993-01-01 00:00:00.0000000,0
6002,All Men Are Dogs,NULL,compilation,2016-11-04 00:00:00.0000000,0
6003,Son of God,NULL,single,2010-05-21 00:00:00.0000000,0
6004,Young Amakye Dede,NULL,album,2020-09-25 00:00:00.0000000,20
6005,Long Ago,NULL,album,2013-01-01 00:00:00.0000000,0
6006,Se Busca,NULL,album,2014-02-28 00:00:00.0000000,0
6007,My Feelings For You - Basslovers United Remix,NULL,single,2009-05-22 00:00:00.0000000,0
6008,Ada Kamu Disini,NULL,compilation,2014-09-20 00:00:00.0000000,0
6009,Julia,NULL,album,2015-05-27 00:00:00.0000000,0
601,Ballerina,NULL,compilation,2011-01-04 00:00:00.0000000,0
6010,What the World Needs,NULL,album,2007-04-18 00:00:00.0000000,0
6011,Mimosa (with Niccolò Fabi),NULL,album,2014-11-20 00:00:00.0000000,0
6012,Muriel,NULL,compilation,2013-10-28 00:00:00.0000000,0
6013,El Canto de Lucifer,NULL,album,2013-08-12 00:00:00.0000000,0
6014,Love You for Life,NULL,album,2013-04-09 00:00:00.0000000,0
6015,Det snurrar i min skalle,NULL,album,2007-03-28 00:00:00.0000000,0
6016,"Cello Suite No. 4 in E-Flat Major, BWV 1010: I. Prelude",NULL,album,2009-01-01 00:00:00.0000000,0
6017,"Happy Indrumudal Happy - From ""Ooty Varai Uravu""",NULL,album,2016-03-22 00:00:00.0000000,0
6018,I Am Free Sing-along,NULL,album,2009-10-27 00:00:00.0000000,0
6019,Welkim 2,NULL,album,2016-06-24 00:00:00.0000000,22
602,Vuela Pena,NULL,album,2016-04-05 00:00:00.0000000,0
6020,Je Te Veux,NULL,album,2014-03-12 00:00:00.0000000,0
6021,It's My Party,NULL,album,2012-03-26 00:00:00.0000000,0
6022,Paint It Blue,NULL,album,2017-01-27 00:00:00.0000000,0
6023,Ramblin' Mind,NULL,album,2001-02-13 00:00:00.0000000,0
6024,Candy Machine (Live From 7th St. Entry 6/6/98),NULL,album,2009-12-01 00:00:00.0000000,0
6025,Ass Intro,NULL,album,2017-06-08 00:00:00.0000000,0
6026,Run from Life,NULL,album,2011-10-21 00:00:00.0000000,0
6027,Its a Beautiful Day,NULL,compilation,2014-02-04 00:00:00.0000000,0
6028,CIA,NULL,album,2013-01-01 00:00:00.0000000,0
6029,Gotterdammerung (Twilight of the Gods): Prologue: Siegfrieds Rheinfahrt (Siegfried's Rhine Journey),NULL,album,2013-04-23 00:00:00.0000000,0
603,Mississippi,NULL,album,2010-06-08 00:00:00.0000000,0
6030,Once Again - Album Version (Edited),NULL,album,2002-01-01 00:00:00.0000000,0
6031,"Olympia 1960, Vol. II",NULL,compilation,2008-01-01 00:00:00.0000000,0
6032,I Am,NULL,compilation,2008-11-11 00:00:00.0000000,0
6033,Wasted [ASOT 357] - Original Mix,NULL,album,2008-06-05 00:00:00.0000000,0
6034,Soy Tu Aficionado,NULL,album,2017-04-25 00:00:00.0000000,0
6035,"Ausencia (feat. Axel Tosca Laugart, Roman Lajara, Luis Quintero, Yunior Terry, Javier Porta & Gerardo Contino)",NULL,album,2015-01-20 00:00:00.0000000,0
6036,Woz Not Woz - Norman Doray & Arno Cost Tribute Remix,NULL,compilation,2013-05-10 00:00:00.0000000,0
6037,Concerto for Guitar and Strings: I. First Maninya,NULL,album,2004-01-01 00:00:00.0000000,0
6038,Stone Too Sour,NULL,album,2016-10-14 00:00:00.0000000,0
6039,I'll Take Care of You - Live,NULL,album,2008-01-01 00:00:00.0000000,0
604,Le lion est mort ce soir,NULL,album,1997-11-23 00:00:00.0000000,0
6040,Split EP,NULL,compilation,2011-02-14 00:00:00.0000000,13
6041,Vestido Mojado,NULL,album,2012-01-01 00:00:00.0000000,0
6042,Frustrations,NULL,album,2014-11-04 00:00:00.0000000,0
6043,"Here I Am (From ""Spirit: Stallion of the Cimarron"" 2002) [Piano Version]",NULL,album,2012-01-01 00:00:00.0000000,0
6044,Gone Home - Acapella,NULL,single,2014-02-10 00:00:00.0000000,0
6045,Se Ope,NULL,album,2011-01-14 00:00:00.0000000,0
6046,Waltzing Matilda - Live,NULL,album,2013-01-01 00:00:00.0000000,0
6047,My Tiny Little Friend and I,NULL,album,2011-04-02 00:00:00.0000000,0
6048,Con Las Manos En La Masa,NULL,album,2012-01-01 00:00:00.0000000,0
6049,"Schwanensee, Op. 20: Act III No. 19: Pas de six",NULL,album,2002-11-18 00:00:00.0000000,0
605,Funk Guns,NULL,single,2015-07-31 00:00:00.0000000,0
6050,Fôly! - Live Around the World,NULL,album,2001-01-01 00:00:00.0000000,13
6051,Cities of the Future - Timelock Remix,NULL,album,2011-08-26 00:00:00.0000000,0
6052,Pardon Me,NULL,album,1993-01-01 00:00:00.0000000,0
6053,Lovers Are Crazy (Remastered),NULL,album,2010-05-15 00:00:00.0000000,0
6054,Smoking Barrel,NULL,album,2010-06-01 00:00:00.0000000,0
6055,Big Fat Mamas Are Back In Style Again,NULL,compilation,2003-07-14 00:00:00.0000000,0
6056,All Kings Get Their Heads Chopped Off,NULL,album,2017-06-08 00:00:00.0000000,12
6057,Captain Marvel - Alternate Version,NULL,album,1974-01-01 00:00:00.0000000,0
6058,"Suite No. 2 in D Major from ""Water Music"", HWV 349: II. Allegro. Alla Hornpipe",NULL,album,2009-07-14 00:00:00.0000000,0
6059,Mother's Daughter,NULL,compilation,1969-01-01 00:00:00.0000000,0
606,We're Gonna Need A Bigger Boat,NULL,album,2009-01-29 00:00:00.0000000,0
6060,Prayas,NULL,single,2015-11-06 00:00:00.0000000,19
6061,Como Son las Cosas,NULL,album,2013-01-30 00:00:00.0000000,0
6062,É Tão Lindo,NULL,album,2007-01-01 00:00:00.0000000,44
6063,Swan (Versa Remix),NULL,single,2012-07-30 00:00:00.0000000,0
6064,"Liebesliederwalzer, Op. 52: X. O wie sanft die Quelle sich",NULL,album,2007-01-01 00:00:00.0000000,0
6065,My Love Serenade,NULL,album,2015-05-13 00:00:00.0000000,0
6066,Uh-Oh (It's Morningtime Again) - Re-Issue,NULL,album,2015-04-06 00:00:00.0000000,0
6067,Only Good Mistake (ASOT 807),NULL,album,2017-03-30 00:00:00.0000000,0
6068,"Judas Maccabaeus, HWV63: 16. Chorus: Disdainful of danger",NULL,compilation,2013-02-19 00:00:00.0000000,0
6069,Morning Routine,NULL,album,2011-04-19 00:00:00.0000000,0
607,Crawdad Song,NULL,album,1997-09-16 00:00:00.0000000,0
6070,"Cantata BWV 147: Jesu, Joy of Man\\'s Desiring (Caribbean Band)",NULL,album,2009-01-01 00:00:00.0000000,0
6071,Believe In My Existence,NULL,album,2012-05-02 00:00:00.0000000,0
6072,Purple Love,NULL,album,2009-07-27 00:00:00.0000000,0
6073,Sunset Was Great in Palm Valley,NULL,single,2014-04-18 00:00:00.0000000,0
6074,Oro,NULL,album,2013-09-16 00:00:00.0000000,0
6075,"Concerto for Violin and Strings in G minor, Op.8, No.2, RV.315 ""L'estate"": 3. Presto (Tempo impetuoso d'estate)",NULL,album,2011-01-01 00:00:00.0000000,0
6076,Viimeiset painajaiset,NULL,album,1983-01-01 00:00:00.0000000,21
6077,Five Mystical Songs: Easter,NULL,album,2000-06-05 00:00:00.0000000,0
6078,Pledging My Love,NULL,album,2005-01-01 00:00:00.0000000,0
6079,Möt mig i Gamla Stan - Instrumental,NULL,album,2015-03-18 00:00:00.0000000,0
608,Theme From Jaws (Cover Version),NULL,album,2009-03-01 00:00:00.0000000,0
6080,Lately - Original Mix,NULL,album,2013-04-19 00:00:00.0000000,0
6081,What Kind of Fool Am I?,NULL,compilation,2011-02-21 00:00:00.0000000,0
6082,Monkey,NULL,album,2013-11-18 00:00:00.0000000,0
6083,Duo Lirico per violono e pianoforte: Third Movement (Valse lento),NULL,album,2007-01-01 00:00:00.0000000,0
6084,I Don't Really Care (Originally By Waka Flocka Flame feat. Trey Songz) [Karaoke],NULL,single,2012-03-29 00:00:00.0000000,0
6085,Everybody Wants to Be a Cat,NULL,compilation,2013-07-10 00:00:00.0000000,0
6086,Abrazame - En Vivo,NULL,compilation,2003-10-14 00:00:00.0000000,0
6087,La Pregunta,NULL,album,2003-01-01 00:00:00.0000000,0
6088,I Luv This S**t (Instrumental Version),NULL,album,2014-12-08 00:00:00.0000000,0
6089,Zero One,NULL,compilation,2016-02-26 00:00:00.0000000,0
609,"Hey! What Did the Blue Jay Say? - from ""Dimples""",NULL,album,1999-01-01 00:00:00.0000000,0
6090,Lovin' Stuff,NULL,album,2000-06-11 00:00:00.0000000,0
6091,Tu infame engaño,NULL,album,2009-11-24 00:00:00.0000000,0
6092,She Painted Fire Across The Skyline,NULL,album,2008-12-15 00:00:00.0000000,0
6093,Can't Forget (Original Mix),NULL,single,2010-07-27 00:00:00.0000000,0
6094,I'm on Patron,NULL,album,2010-07-12 00:00:00.0000000,0
6095,Love Lounge,NULL,album,2013-04-30 00:00:00.0000000,0
6096,Just Marilyn,NULL,album,2003-01-16 00:00:00.0000000,7
6097,I Need To Be In Love,NULL,album,2006-05-08 00:00:00.0000000,0
6098,Watch You Drown,NULL,single,2016-09-30 00:00:00.0000000,0
6099,America,NULL,album,2000-11-21 00:00:00.0000000,0
61,Trouble (feat. Iyadede),NULL,album,2009-07-14 00:00:00.0000000,0
610,Coconut Signal,NULL,album,2014-01-01 00:00:00.0000000,0
6100,Sancte Deus (Nimrod),NULL,compilation,2013-01-01 00:00:00.0000000,0
6101,Burning Bush,NULL,compilation,2011-12-30 00:00:00.0000000,0
6102,Lessons In Freedom,NULL,album,2010-07-20 00:00:00.0000000,0
6103,Love Less Traveled,NULL,album,2003-01-01 00:00:00.0000000,0
6104,My Hope Is You,NULL,album,2013-02-19 00:00:00.0000000,0
6105,A Love From Outer Space (Album Version),NULL,compilation,2012-10-22 00:00:00.0000000,0
6106,Port De Bras Bonus,NULL,album,2011-12-23 00:00:00.0000000,0
6107,Young Aren’t Young,NULL,compilation,2013-01-28 00:00:00.0000000,0
6108,Red Silence Lodge,NULL,album,2014-04-30 00:00:00.0000000,22
6109,Johnny Too Bad,NULL,compilation,2014-09-25 00:00:00.0000000,0
611,Harder Better Faster Stronger - Alive Radio Edit 2007,NULL,single,2001-10-13 00:00:00.0000000,0
6110,Check That Body - Radio Edit,NULL,compilation,2009-12-18 00:00:00.0000000,0
6111,Leaving in the Morning,NULL,album,2005-07-07 00:00:00.0000000,0
6112,I Am Dangerous (Beat),NULL,album,2017-03-21 00:00:00.0000000,0
6113,Mourn For The Queen,NULL,album,2004-01-01 00:00:00.0000000,0
6114,Time Is On My Side,NULL,compilation,2012-01-01 00:00:00.0000000,0
6115,Endless,NULL,album,2012-12-01 00:00:00.0000000,0
6116,Un Minuto Más - Version Nocturna,NULL,album,2010-05-12 00:00:00.0000000,0
6117,Older Gods Part 2,NULL,album,2006-01-01 00:00:00.0000000,0
6118,quittingwhileyrahead (the politics of being a drunk mistake),NULL,album,2014-06-24 00:00:00.0000000,0
6119,La Leyenda Del Hada Y El Mago,NULL,album,2014-08-20 00:00:00.0000000,0
612,"Hero (From ""Starstruck"")",NULL,compilation,2010-10-04 00:00:00.0000000,0
6120,La Rochense,NULL,single,2017-06-30 00:00:00.0000000,11
6121,QUANTUM LEAP,NULL,compilation,1999-01-01 00:00:00.0000000,0
6122,"Symphony No. 9 in E Minor, Op. 95, ""From the New World"": I. Adagio - Allegro molto",NULL,album,2014-07-04 00:00:00.0000000,0
6123,Plain Out of Luck,NULL,album,1992-01-01 00:00:00.0000000,0
6124,Invisible Man,NULL,album,2012-09-04 00:00:00.0000000,0
6125,Oceans & Valleys,NULL,single,2012-01-12 00:00:00.0000000,0
6126,"String Quartet No.6, Sz. 114: 3. Mesto - Burletta (Moderato)",NULL,album,1968-01-01 00:00:00.0000000,0
6127,Monochrome ∞ Blue Sky,NULL,compilation,2011-01-01 00:00:00.0000000,0
6128,Baby Baby,NULL,compilation,2008-09-01 00:00:00.0000000,0
6129,El Trenecito,NULL,album,1965-07-11 00:00:00.0000000,0
613,Frente A Mi,NULL,compilation,2004-01-01 00:00:00.0000000,0
6130,A Cup of Cappuccino,NULL,compilation,2011-07-27 00:00:00.0000000,0
6131,THE BATTLE ON THE BRIDGE,NULL,compilation,2000-01-01 00:00:00.0000000,0
6132,Summer Romance,NULL,album,2015-06-29 00:00:00.0000000,0
6133,Feel Alive - Original Mix,NULL,compilation,2011-12-02 00:00:00.0000000,0
6134,La Semilla,NULL,album,2015-10-15 00:00:00.0000000,0
6135,Children's Song - Live at Newport,NULL,album,1970-06-15 00:00:00.0000000,0
6136,Uses for Humans,NULL,single,2016-05-28 00:00:00.0000000,0
6137,Drugs N F*****',NULL,album,2014-11-18 00:00:00.0000000,0
6138,Free to Dance,NULL,compilation,2009-01-01 00:00:00.0000000,0
6139,Le Regiment,NULL,album,2012-01-01 00:00:00.0000000,0
614,Borracho Afortunado,NULL,album,2011-04-11 00:00:00.0000000,0
6140,Canadian Sunset - Remastered,NULL,compilation,2011-01-01 00:00:00.0000000,0
6141,İsyankar (Kingstone's Senorita Remix),NULL,album,2005-07-28 00:00:00.0000000,0
6142,Silent MUSE,NULL,album,2011-01-26 00:00:00.0000000,0
6143,Crystallize,NULL,album,2013-12-12 00:00:00.0000000,0
6144,"The Arc, Pt. 1 & 2",NULL,album,2015-11-02 00:00:00.0000000,16
6145,Eye of the Storm (with Willie Nelson),NULL,album,2016-06-10 00:00:00.0000000,0
6146,Stagolee - David 'Honeyboy' Edwards,NULL,album,2003-01-01 00:00:00.0000000,0
6147,Indios,NULL,album,2009-01-01 00:00:00.0000000,0
6148,mannequin,NULL,album,2017-04-19 00:00:00.0000000,0
6149,Apartment - Audiotree Live Version,NULL,single,2016-04-14 00:00:00.0000000,0
615,After You've Gone (feat. Russ Freeman and Red Norvo),NULL,compilation,2013-10-01 00:00:00.0000000,0
6150,Eire,NULL,album,2013-08-12 00:00:00.0000000,0
6151,Crusin' In,NULL,compilation,1999-01-01 00:00:00.0000000,0
6152,Lost My Way - Original Mix,NULL,album,2015-08-10 00:00:00.0000000,0
6153,Concerto for String Orchestra & Musique,NULL,album,2005-06-21 00:00:00.0000000,1
6154,Riptide,NULL,album,2002-01-01 00:00:00.0000000,0
6155,ShadowBoxing,NULL,album,2012-10-02 00:00:00.0000000,16
6156,Eu Bem Sei,NULL,album,2016-09-01 00:00:00.0000000,0
6157,C'est Noël,NULL,album,2017-11-03 00:00:00.0000000,0
6158,Still Waters,NULL,compilation,2011-04-05 00:00:00.0000000,0
6159,"Vivaldi: Violin Concerto in D Major, RV 208 ""Grosso Mogul"": III. Allegro",NULL,album,1984-01-01 00:00:00.0000000,0
616,Mi Mundo Gira Contigo (My World Is Spinning Around You),NULL,album,2017-04-21 00:00:00.0000000,0
6160,Ragunboneman,NULL,album,2010-09-06 00:00:00.0000000,0
6161,Room of Regret,NULL,album,2006-01-02 00:00:00.0000000,0
6162,Suit and Tie,NULL,album,2011-01-01 00:00:00.0000000,0
6163,Stille Nacht,NULL,album,2011-01-01 00:00:00.0000000,0
6164,Don't Waste Time,NULL,album,2010-06-10 00:00:00.0000000,0
6165,Grandpa And Grandma Blues,NULL,album,2003-01-01 00:00:00.0000000,0
6166,Beautiful Beginning,NULL,album,2016-07-22 00:00:00.0000000,0
6167,Colonia Hidalgo Durango Querido - En Vivo En Chicago / 2004,NULL,album,2004-01-01 00:00:00.0000000,0
6168,"Troubles, Troubles, Troubles",NULL,album,2005-01-01 00:00:00.0000000,0
6169,Bert Kreischer meets an escort,NULL,compilation,2013-01-08 00:00:00.0000000,0
617,How To Handle A Peacemaker,NULL,album,2001-01-01 00:00:00.0000000,0
6170,The Fifth Column,NULL,album,1997-01-01 00:00:00.0000000,0
6171,Russian Christmas Music,NULL,album,2007-08-10 00:00:00.0000000,0
6172,"More Love, Your Love",NULL,album,2011-07-29 00:00:00.0000000,0
6173,Puffer,NULL,single,2019-07-05 00:00:00.0000000,0
6174,My Heart Trusts In You,NULL,album,2007-01-01 00:00:00.0000000,0
6175,Nebuloso,NULL,album,2007-01-02 00:00:00.0000000,0
6176,On My Own - 2008/Live In Sydney,NULL,album,2008-01-01 00:00:00.0000000,0
6177,Exquisite (feat. Crashprez & Verge),NULL,album,2016-07-01 00:00:00.0000000,0
6178,La Trampa,NULL,album,1951-05-01 00:00:00.0000000,0
6179,Only Children,NULL,album,2012-11-12 00:00:00.0000000,11
618,No Escape,NULL,album,2009-12-07 00:00:00.0000000,0
6180,Medley Tony Croatto (feat. Tito Auger),NULL,album,2012-10-22 00:00:00.0000000,0
6181,Growing Everyday,NULL,single,2016-05-03 00:00:00.0000000,0
6182,Passing By,NULL,single,2020-02-25 00:00:00.0000000,2
6183,Death's Black Train Is Coming,NULL,compilation,1992-06-30 00:00:00.0000000,0
6184,Lantlôs,NULL,album,2011-03-25 00:00:00.0000000,0
6185,Stormy Monday / Blues For The Count,NULL,album,2007-01-01 00:00:00.0000000,0
6186,Sin Luz,NULL,album,2008-01-07 00:00:00.0000000,0
6187,Work House Blues,NULL,compilation,2015-05-08 00:00:00.0000000,0
6188,Siempre Recordaras Que Te Quise,NULL,album,2009-09-14 00:00:00.0000000,0
6189,Exotic - Hardstrom Remix,NULL,single,2013-01-01 00:00:00.0000000,0
619,Body of a Super Model - Feat. Khyzr,NULL,compilation,2013-09-28 00:00:00.0000000,0
6190,"Clavier Concerto in F, H.XVIII No.6 with Solo Violin: 3. Presto",NULL,album,1993-01-01 00:00:00.0000000,0
6191,Interlude 3,NULL,album,1998-01-01 00:00:00.0000000,0
6192,Beautiful Colorado (1948 - historic recording),NULL,album,2008-09-02 00:00:00.0000000,0
6193,Soldier On - RUSKOS F'kin Seagull Remix,NULL,album,2010-01-01 00:00:00.0000000,0
6194,No Names,NULL,album,2012-10-23 00:00:00.0000000,0
6195,Backseat Love,NULL,single,2015-01-28 00:00:00.0000000,0
6196,"The Spirit - Live From Matrix, Bochum, Germany, December 17th/2011",NULL,album,2013-01-01 00:00:00.0000000,0
6197,Il suffira,NULL,album,2008-01-01 00:00:00.0000000,0
6198,Huelo a Soledad - Versión a Capella,NULL,album,2001-09-24 00:00:00.0000000,0
6199,Smokey Mountain Boogie,NULL,album,2011-11-08 00:00:00.0000000,0
62,Party starter,NULL,album,2007-11-07 00:00:00.0000000,0
620,"Life - Live at the Fillmore East, New York, NY [Show 4] - October 5, 1968",NULL,album,1968-01-01 00:00:00.0000000,0
6200,Taxes,NULL,album,2012-02-03 00:00:00.0000000,0
6201,Ventura,NULL,album,2014-03-28 00:00:00.0000000,0
6202,Gata Upp Gata Ner - Feat. Sepideh Vaziri,NULL,album,2009-05-22 00:00:00.0000000,0
6203,Karya Terbaik Cevin Syahailatua,NULL,compilation,2016-11-30 00:00:00.0000000,20
6204,"Moment for Life, Mood Music for New Year Party",NULL,album,2011-12-16 00:00:00.0000000,0
6205,Geoform 187,NULL,album,2016-11-30 00:00:00.0000000,0
6206,Camicie nere agli uffizi,NULL,album,2008-02-17 00:00:00.0000000,0
6207,Stride (Anxiety Get Gone),NULL,album,2006-09-19 00:00:00.0000000,0
6208,They Can't Take That Away From Me,NULL,compilation,2012-03-26 00:00:00.0000000,0
6209,"Three Part Inventions: Sinfonia No. 10 in G Major, BWV 796",NULL,album,2017-03-03 00:00:00.0000000,0
621,Yesterdays,NULL,compilation,1996-01-01 00:00:00.0000000,0
6210,"Roger, Copy That",NULL,album,2005-12-28 00:00:00.0000000,0
6211,Weather Ahead,NULL,album,2004-11-01 00:00:00.0000000,0
6212,Belladonna of Sadness,NULL,album,2017-04-07 00:00:00.0000000,55
6213,Tolerate,NULL,album,2015-02-21 00:00:00.0000000,0
6214,Purpose,NULL,album,2013-05-21 00:00:00.0000000,0
6215,Hollaback Girl,NULL,compilation,2006-01-01 00:00:00.0000000,0
6216,"The Shadow of the Past / A Knife in the Dark (From ""The Lord of the Rings: The Fellowship of the Ring "")",NULL,album,2015-04-20 00:00:00.0000000,0
6217,Friday Originally Performed By Rebecca Black,NULL,album,2011-05-09 00:00:00.0000000,0
6218,"Colours of the Wind - From ""Pocahontas""",NULL,compilation,2015-01-01 00:00:00.0000000,0
6219,Préludes No. 1,NULL,album,1999-01-01 00:00:00.0000000,0
622,Diamonds Set in Rings,NULL,album,2010-11-19 00:00:00.0000000,0
6220,Worship Tracks - I Will Lift My Eyes - as made popular by Bebo Norman [Performance Track],NULL,single,2006-11-21 00:00:00.0000000,0
6221,How To Smoke,NULL,single,2017-06-02 00:00:00.0000000,0
6222,Super Pepsi Land,NULL,compilation,2013-08-27 00:00:00.0000000,0
6223,En Paz,NULL,album,2013-01-01 00:00:00.0000000,0
6224,"15 Piano Variations And Fugue In E Flat, Op.35 -""Eroica Variations"": Variation 6",NULL,album,2006-01-01 00:00:00.0000000,0
6225,Kalinka - Flat,NULL,album,2013-03-03 00:00:00.0000000,0
6226,The End of the World - Live,NULL,album,1995-01-01 00:00:00.0000000,0
6227,"Faust / Act 3: ""Quel trouble inconnu...Salut! Demeure chaste et pure""",NULL,album,2008-01-01 00:00:00.0000000,0
6228,High Times Riddim,NULL,single,2012-03-14 00:00:00.0000000,0
6229,Count My Money Backwards (feat. Webbie & Lil Phat),NULL,album,2016-04-26 00:00:00.0000000,0
623,It's Time,NULL,album,2014-01-10 00:00:00.0000000,0
6230,I Love You Baby / Doidinha na Balada - Ao Vivo,NULL,album,2014-04-29 00:00:00.0000000,0
6231,Beethoven: The Complete Piano Concertos,NULL,album,2009-04-21 00:00:00.0000000,5
6232,Super Mulher,NULL,album,2015-08-15 00:00:00.0000000,0
6233,METAL BOX,NULL,album,2008-04-09 00:00:00.0000000,0
6234,不了了之,NULL,album,2013-12-05 00:00:00.0000000,0
6235,Made Of Love,NULL,album,2009-01-14 00:00:00.0000000,0
6236,Claros Son Tus Ojos (Brown Eyes),NULL,album,2006-10-30 00:00:00.0000000,0
6237,Buddy's Boogie,NULL,album,1992-01-01 00:00:00.0000000,0
6238,3 Years,NULL,album,2010-08-28 00:00:00.0000000,0
6239,San Francisco,NULL,album,2009-03-23 00:00:00.0000000,0
624,For All He's Done,NULL,album,2013-05-21 00:00:00.0000000,0
6240,El Último En La Fila (Karaoke Version),NULL,album,2013-03-19 00:00:00.0000000,0
6241,Pieces,NULL,album,2015-10-10 00:00:00.0000000,0
6242,Piano Tribute to Katy Perry,NULL,album,2013-12-17 00:00:00.0000000,0
6243,The Edge of the World,NULL,album,2016-04-21 00:00:00.0000000,0
6244,Friday Night,NULL,album,2016-06-17 00:00:00.0000000,7
6245,Fashion and Flair,NULL,compilation,2016-06-10 00:00:00.0000000,0
6246,Annie,NULL,album,2015-01-01 00:00:00.0000000,27
6247,"String Quartet No. 2 in G Major, Op. 18: III. Scherzo (Allegro) - Trio",NULL,album,2007-11-13 00:00:00.0000000,0
6248,The Man With No Face,NULL,album,2012-08-29 00:00:00.0000000,22
6249,Daylight,NULL,single,2013-09-18 00:00:00.0000000,0
625,Accept Crime,NULL,single,2012-01-01 00:00:00.0000000,0
6250,Rain,NULL,album,2010-02-16 00:00:00.0000000,0
6251,Kids,NULL,album,1999-07-20 00:00:00.0000000,0
6252,Février - EP,NULL,single,2016-08-26 00:00:00.0000000,1
6253,Poverty Metal,NULL,album,2020-10-16 00:00:00.0000000,24
6254,The Lady In Red,NULL,album,1999-01-01 00:00:00.0000000,0
6255,Hakim Bey,NULL,album,2012-08-06 00:00:00.0000000,0
6256,Take My Time,NULL,single,2020-11-27 00:00:00.0000000,35
6257,Wear It So Well,NULL,album,1998-03-03 00:00:00.0000000,0
6258,Que Viva La Polvadera,NULL,album,2000-02-10 00:00:00.0000000,0
6259,Can't Get Past The Hate,NULL,album,2013-04-18 00:00:00.0000000,0
626,Electricity,NULL,album,2003-01-01 00:00:00.0000000,0
6260,Reggae's What I Need,NULL,album,2011-07-24 00:00:00.0000000,0
6261,Healing Hands,NULL,album,2006-05-22 00:00:00.0000000,0
6262,The Boy Is Mine (Karaoke in the style of Brandy & Monica),NULL,album,2009-09-21 00:00:00.0000000,0
6263,"Forgotten Melodies, Op. 38: No. 1. Sonata reminiscenza",NULL,album,2012-09-04 00:00:00.0000000,0
6264,Oru Poongaavanam,NULL,compilation,2010-01-01 00:00:00.0000000,0
6265,난 요즘,NULL,single,2017-09-27 00:00:00.0000000,0
6266,Save Early & Often,NULL,album,2015-11-08 00:00:00.0000000,0
6267,Hush Hush; Hush Hush,NULL,compilation,2014-04-02 00:00:00.0000000,0
6268,Mary,NULL,compilation,2006-05-01 00:00:00.0000000,0
6269,Check this sound - Original Mix,NULL,single,2015-07-20 00:00:00.0000000,0
627,Very Heavy Rain,NULL,album,2017-10-06 00:00:00.0000000,0
6270,When Five Fell,NULL,album,2010-05-28 00:00:00.0000000,12
6271,Sans attendre,NULL,album,2012-10-30 00:00:00.0000000,32
6272,YBNL,NULL,album,2016-12-01 00:00:00.0000000,0
6273,Confide In Me - Live Studio Version,NULL,album,2011-10-28 00:00:00.0000000,0
6274,Concerto Di Natale,NULL,album,2009-11-15 00:00:00.0000000,1
6275,Tonight Tonight,NULL,album,1983-01-01 00:00:00.0000000,0
6276,La Bazuka,NULL,album,2013-08-09 00:00:00.0000000,0
6277,Prohibeme Verte (Live),NULL,album,2017-03-24 00:00:00.0000000,0
6278,Goin Down - SCNDL Remix,NULL,single,2012-03-30 00:00:00.0000000,0
6279,"Joseph, lieber Joseph mein",NULL,album,2009-06-17 00:00:00.0000000,0
628,From Here on Out,NULL,album,2016-09-12 00:00:00.0000000,0
6280,Andolan (Original Motion Picture Soundtrack),NULL,album,1995-03-03 00:00:00.0000000,0
6281,5 X幻覺,NULL,album,2011-01-01 00:00:00.0000000,0
6282,深淵 (feat. MC耀宗),NULL,single,2020-02-19 00:00:00.0000000,19
6283,I'm An Indian Too,NULL,album,2011-02-01 00:00:00.0000000,0
6284,Just Too Much To Hope For,NULL,compilation,2007-01-01 00:00:00.0000000,0
6285,You Came - Michael Mind Radio Cut,NULL,compilation,2008-01-01 00:00:00.0000000,0
6286,El Amor No Es un Invento,NULL,album,2016-03-01 00:00:00.0000000,0
6287,The Trap (Ft. Chiefa),NULL,album,2008-04-20 00:00:00.0000000,0
6288,She Tun Up,NULL,compilation,2012-10-19 00:00:00.0000000,0
6289,Megamix (Bonus Track),NULL,compilation,2002-01-01 00:00:00.0000000,0
629,The Prophet,NULL,album,1975-01-01 00:00:00.0000000,0
6290,Chota,NULL,compilation,2009-07-24 00:00:00.0000000,0
6291,Spice1 Presents Turf Bangers #2,NULL,compilation,2011-07-08 00:00:00.0000000,0
6292,At The Hop,NULL,compilation,2009-02-01 00:00:00.0000000,0
6293,S' Wonderful,NULL,album,2016-07-26 00:00:00.0000000,0
6294,اه لو لعبت يا زهر,NULL,album,2017-03-09 00:00:00.0000000,0
6295,I Should Get Up,NULL,album,2006-01-01 00:00:00.0000000,0
6296,Reloaded,NULL,album,2008-09-02 00:00:00.0000000,1
6297,Fim-De Semana,NULL,album,2002-01-01 00:00:00.0000000,0
6298,Turn and Run - King of Town Remix,NULL,album,2009-10-26 00:00:00.0000000,0
6299,Are Rafta Rafta Dekho,NULL,album,1973-12-01 00:00:00.0000000,0
63,"White Night, Big City",NULL,album,2012-02-07 00:00:00.0000000,0
630,Thème de Liz,NULL,album,2013-02-22 00:00:00.0000000,0
6300,Beatrice di Tenda / Act 1: Respiro io qui,NULL,album,1966-01-01 00:00:00.0000000,0
6301,What Are You Doing New Year's Eve,NULL,album,2009-12-09 00:00:00.0000000,0
6302,Mundo a Descobrir,NULL,album,2011-08-16 00:00:00.0000000,37
6303,"Messiah, HWV 56: Part II: Behold the Lamb of God (Chorus)",NULL,album,2009-01-01 00:00:00.0000000,0
6304,Felicidade,NULL,compilation,2011-10-23 00:00:00.0000000,0
6305,45 Fieber - 105 BPM,NULL,album,1991-01-01 00:00:00.0000000,0
6306,A Ella,NULL,album,2011-09-09 00:00:00.0000000,0
6307,不愛我的我不愛,NULL,album,2000-10-20 00:00:00.0000000,0
6308,My Tribute,NULL,compilation,2008-01-01 00:00:00.0000000,0
6309,Rocky Road To Dunton,NULL,album,2005-07-05 00:00:00.0000000,0
631,"Fantasy Etudes, Book II: I. Boris Prime",NULL,album,2009-11-17 00:00:00.0000000,0
6310,Get Em Out of Durr (feat. Partee),NULL,album,2012-06-19 00:00:00.0000000,0
6311,Palo Alto - Instrumental,NULL,album,1996-01-01 00:00:00.0000000,0
6312,Bonfire,NULL,album,2014-02-11 00:00:00.0000000,0
6313,Monty Python,NULL,single,2020-05-21 00:00:00.0000000,34
6314,Into Something - Radio Edit,NULL,single,2009-02-23 00:00:00.0000000,0
6315,What's Come Over Me,NULL,compilation,2009-03-01 00:00:00.0000000,0
6316,The Places We'll Go,NULL,album,2014-03-04 00:00:00.0000000,0
6317,La Tumba Hombres,NULL,album,2013-12-20 00:00:00.0000000,0
6318,Creepy Vintage Horror Supense,NULL,compilation,2014-09-30 00:00:00.0000000,0
6319,Your Way,NULL,album,2016-11-04 00:00:00.0000000,0
632,June Vacation,NULL,album,2017-02-25 00:00:00.0000000,0
6320,The Walking Dead (Main Theme from the TV Series),NULL,compilation,2015-10-28 00:00:00.0000000,0
6321,Murder Suit,NULL,album,2015-09-11 00:00:00.0000000,0
6322,Please Don't Blame Me,NULL,album,1960-01-01 00:00:00.0000000,0
6323,I'm Coming Virginia,NULL,compilation,2005-07-25 00:00:00.0000000,0
6324,Bring Hope Give Love,NULL,single,2019-03-22 00:00:00.0000000,8
6325,Far In,NULL,album,1999-01-01 00:00:00.0000000,6
6326,Geburt Einer Nation,NULL,compilation,2004-01-01 00:00:00.0000000,0
6327,Do You Know What It Means To Miss New Orleans? - Live,NULL,album,1976-01-01 00:00:00.0000000,0
6328,(You're My) Soul & Inspiration (Live),NULL,compilation,2011-03-07 00:00:00.0000000,0
6329,Alone Tonight,NULL,album,2017-07-07 00:00:00.0000000,0
633,Memphis,NULL,album,1996-01-01 00:00:00.0000000,0
6330,La Huevona,NULL,album,2014-05-15 00:00:00.0000000,0
6331,The Lover's Passion,NULL,album,1998-08-25 00:00:00.0000000,0
6332,Upcountry Boy,NULL,album,2014-06-04 00:00:00.0000000,6
6333,El Que Canta,NULL,album,2013-01-01 00:00:00.0000000,0
6334,Fly Gurlz,NULL,album,2013-04-28 00:00:00.0000000,0
6335,La Cucaracha,NULL,compilation,2013-01-01 00:00:00.0000000,0
6336,Pretend,NULL,album,2008-05-19 00:00:00.0000000,0
6337,Mention My Name,NULL,album,2010-08-23 00:00:00.0000000,0
6338,One of the Lucky Ones,NULL,album,2013-01-01 00:00:00.0000000,0
6339,Concrete View,NULL,album,2017-08-18 00:00:00.0000000,0
634,Live a Little,NULL,album,2009-03-16 00:00:00.0000000,0
6340,"Variations on a Theme by Mozart, Op.9: Variations on a Theme by Mozart, Op.9",NULL,album,2002-01-01 00:00:00.0000000,0
6341,Felix Mendelssohn Bartholdy: Neujahrslied: Mit Der Freude Zieht Der Schmerz,NULL,album,2008-09-29 00:00:00.0000000,0
6342,Evelyn,NULL,single,2016-11-18 00:00:00.0000000,0
6343,He Who Dance Last Dance Longest,NULL,album,2014-11-20 00:00:00.0000000,0
6344,Vi längtar efter julen,NULL,album,1994-12-01 00:00:00.0000000,0
6345,"Exam Study Piano Music to Increase Brain Power, Soft Classic Study Music for Relaxation, Concentration, Mind Power & Focus On Learning",NULL,album,2014-06-19 00:00:00.0000000,8
6346,Come Thou Fount,NULL,album,2017-03-10 00:00:00.0000000,0
6347,Sea and Sky,NULL,album,2006-01-01 00:00:00.0000000,0
6348,Das Album,NULL,album,2017-11-03 00:00:00.0000000,22
6349,Alcohol (Last Call),NULL,single,2010-12-03 00:00:00.0000000,0
635,The Village Green Preservation Society - Mono Mix,NULL,album,1968-11-22 00:00:00.0000000,0
6350,Disturbing the Peace,NULL,album,2015-05-05 00:00:00.0000000,0
6351,I Believe,NULL,compilation,1992-01-01 00:00:00.0000000,0
6352,Tornado Alley,NULL,album,2017-04-21 00:00:00.0000000,11
6353,Sight Unseen,NULL,single,2011-04-21 00:00:00.0000000,0
6354,Knife and Spear,NULL,single,2014-06-14 00:00:00.0000000,0
6355,Asymmetric Warfare,NULL,compilation,2012-10-08 00:00:00.0000000,0
6356,On Treasure Island,NULL,album,1952-01-01 00:00:00.0000000,0
6357,Cimarron,NULL,album,1997-01-01 00:00:00.0000000,0
6358,Greatest Hits (The Bomb) - Parliament,NULL,compilation,1984-01-01 00:00:00.0000000,31
6359,Anthology,NULL,album,2013-06-04 00:00:00.0000000,0
636,LA Hip Hop,NULL,single,2020-05-28 00:00:00.0000000,0
6360,C.D.,NULL,album,2004-01-01 00:00:00.0000000,45
6361,Red Eyes (This Wine),NULL,album,2014-07-04 00:00:00.0000000,0
6362,Tighten Up My Strings,NULL,album,2011-11-11 00:00:00.0000000,0
6363,World of Freedom - Radio Version,NULL,single,2021-04-02 00:00:00.0000000,0
6364,La Gioconda / Act 2: Ho! he! ho! he! Fissa il timone!,NULL,album,1981-01-01 00:00:00.0000000,0
6365,Relief,NULL,album,2014-01-01 00:00:00.0000000,44
6366,Amerikkka's Nightmare,NULL,album,1994-11-22 00:00:00.0000000,42
6367,Time Grows Long,NULL,album,2006-12-21 00:00:00.0000000,0
6368,Heroes Of Sponge Cake,NULL,album,2006-01-01 00:00:00.0000000,0
6369,Aztec Ruins - Original Mix,NULL,compilation,2010-09-18 00:00:00.0000000,0
637,Grape Ape,NULL,album,2012-08-01 00:00:00.0000000,0
6370,Majesty of Chomo Languna,NULL,album,2006-09-01 00:00:00.0000000,0
6371,Treading Water - Dub Version,NULL,album,2015-08-21 00:00:00.0000000,0
6372,"Violin Sonata No. 26 in B-Flat Major, K. 378: III. Rondo. Allegro",NULL,album,2017-06-02 00:00:00.0000000,0
6373,Rhythm Is Gonna Get You (Energy Workout Mix),NULL,album,2011-03-01 00:00:00.0000000,0
6374,Stronger,NULL,album,2008-01-01 00:00:00.0000000,0
6375,The Horse,NULL,album,2009-01-01 00:00:00.0000000,0
6376,Jerry the Junker,NULL,album,2001-01-01 00:00:00.0000000,0
6377,Lust For Life,NULL,album,2005-01-01 00:00:00.0000000,0
6378,"DJ Melodee Presents Classic Lovers Rock, Vol. 1",NULL,compilation,2012-09-17 00:00:00.0000000,0
6379,14 Days,NULL,single,2009-03-01 00:00:00.0000000,4
638,Pepper Spray,NULL,album,2017-03-31 00:00:00.0000000,0
6380,Parting of the Ways - Part 1,NULL,album,2014-12-29 00:00:00.0000000,0
6381,Peakin' at the Beacon,NULL,album,2000-11-14 00:00:00.0000000,21
6382,Dancing Crazy,NULL,single,2017-06-23 00:00:00.0000000,0
6383,Tus Últimas Horas,NULL,album,2008-11-01 00:00:00.0000000,0
6384,Fight,NULL,single,2021-02-13 00:00:00.0000000,1
6385,Cloudburst,NULL,compilation,2015-05-28 00:00:00.0000000,0
6386,Assurance,NULL,album,2005-01-01 00:00:00.0000000,0
6387,Pete Seeger Sings Woody Guthrie,NULL,album,1968-01-01 00:00:00.0000000,10
6388,The Infinity Symbol - Perc Mix,NULL,compilation,2017-03-10 00:00:00.0000000,0
6389,No Name Blues,NULL,album,2010-09-14 00:00:00.0000000,0
639,Diamond Life (feat. Julie McKnight) - Old School Dub,NULL,album,2008-08-29 00:00:00.0000000,0
6390,Relaxing Spa Music Nature Sounds for Meditation and Relax. Relax Music to Meditate to,NULL,album,2011-02-16 00:00:00.0000000,0
6391,The Sunset Theme,NULL,album,2015-03-02 00:00:00.0000000,0
6392,Traicionera,NULL,album,2015-01-30 00:00:00.0000000,0
6393,Masonic Funeral,NULL,album,2012-08-28 00:00:00.0000000,0
6394,Magical,NULL,album,2015-03-18 00:00:00.0000000,0
6395,Eg vetsje,NULL,album,2011-05-02 00:00:00.0000000,0
6396,Shooting for the Stars,NULL,album,2012-09-18 00:00:00.0000000,0
6397,Ghostly Music Swell 12,NULL,album,2010-09-01 00:00:00.0000000,0
6398,Some Marvels Of Modern Science + Singles,NULL,album,2008-04-28 00:00:00.0000000,10
6399,Kick Drum Heart,NULL,album,2016-03-18 00:00:00.0000000,0
64,Les premiers succès (1945-1950),NULL,album,2016-06-04 00:00:00.0000000,15
640,Dreader Than Dread,NULL,compilation,2003-01-01 00:00:00.0000000,0
6400,"Concerto No. 44 à 2 violes esgales ""Tombeau les regrets"": V. Joye des Elizees",NULL,album,2005-08-01 00:00:00.0000000,0
6401,"Don Quixote, Act I: Sancho Panza and the Girls",NULL,album,2016-01-08 00:00:00.0000000,0
6402,So Green,NULL,album,2015-12-13 00:00:00.0000000,0
6403,Organic Noise,NULL,album,2017-07-22 00:00:00.0000000,0
6404,Christmas Eve In Washington - Single,NULL,single,1989-01-01 00:00:00.0000000,12
6405,Into Light,NULL,single,2019-02-21 00:00:00.0000000,11
6406,Tonight,NULL,album,2012-10-16 00:00:00.0000000,0
6407,Hotel California (Deluxe),NULL,album,2013-01-01 00:00:00.0000000,53
6408,Headturner,NULL,album,2012-10-20 00:00:00.0000000,0
6409,Let Beauty Awake,NULL,album,2017-08-04 00:00:00.0000000,5
641,she was just 17,NULL,album,2010-04-26 00:00:00.0000000,0
6410,Responding To Your Word,NULL,album,1993-03-01 00:00:00.0000000,0
6411,Fadista Louco,NULL,album,2009-01-01 00:00:00.0000000,0
6412,Bring It!,NULL,single,2016-08-19 00:00:00.0000000,4
6413,A Tribute to Bon Scott,NULL,single,2011-11-30 00:00:00.0000000,14
6414,Sound System - Original Mix,NULL,album,2010-05-01 00:00:00.0000000,0
6415,King of Oud 5,NULL,album,2010-01-01 00:00:00.0000000,0
6416,Swimming - Slow Sleep Mix,NULL,single,2016-09-02 00:00:00.0000000,0
6417,Om Du Vore En Vakthund,NULL,album,2004-01-01 00:00:00.0000000,0
6418,Mr Babylon,NULL,single,2014-05-26 00:00:00.0000000,0
6419,I'm Broke,NULL,album,2012-03-01 00:00:00.0000000,0
642,My Love For You,NULL,album,2014-10-07 00:00:00.0000000,0
6420,Interlude,NULL,album,2009-09-15 00:00:00.0000000,0
6421,Dance,NULL,album,2014-03-04 00:00:00.0000000,0
6422,Instant Karma,NULL,album,2006-09-13 00:00:00.0000000,0
6423,Charidike anondo,NULL,album,2012-08-31 00:00:00.0000000,0
6424,Quit Actin',NULL,album,2008-10-28 00:00:00.0000000,0
6425,Kitna Haseen Chehra,NULL,album,1993-01-01 00:00:00.0000000,0
6426,We're Still Here,NULL,album,2014-09-23 00:00:00.0000000,0
6427,Special Rider Blues,NULL,album,2004-01-01 00:00:00.0000000,0
6428,Big City,NULL,album,2015-01-01 00:00:00.0000000,0
6429,En blanc et noir (arr. R. Holloway for orchestra): III. Scherzando,NULL,album,2011-05-03 00:00:00.0000000,0
643,Departure,NULL,album,2016-06-22 00:00:00.0000000,0
6430,Miasma / Elixer,NULL,single,2013-10-14 00:00:00.0000000,0
6431,Porque No Te Largas,NULL,album,2008-01-01 00:00:00.0000000,0
6432,Renunciación,NULL,album,2009-11-30 00:00:00.0000000,0
6433,School Girl “Scully”,NULL,compilation,2016-12-26 00:00:00.0000000,0
6434,They All Laughed,NULL,album,1990-01-01 00:00:00.0000000,0
6435,A Medias de la Noche,NULL,album,2014-11-28 00:00:00.0000000,0
6436,What Up,NULL,album,2010-01-01 00:00:00.0000000,0
6437,La Cucaracha,NULL,album,2010-01-01 00:00:00.0000000,0
6438,Academic Festival Overture,NULL,compilation,2013-12-28 00:00:00.0000000,0
6439,Go Chase Flow - EP,NULL,single,2016-01-26 00:00:00.0000000,8
644,One Alone,NULL,album,2017-09-29 00:00:00.0000000,0
6440,"25 Irish Songs, WoO 152: No.14 Dermot and Shelah (T. Toms)",NULL,album,1997-01-01 00:00:00.0000000,0
6441,90hz to 0hz Bass Sweep Test,NULL,album,2015-03-17 00:00:00.0000000,0
6442,Hull Drum And Bass,NULL,album,2003-01-01 00:00:00.0000000,0
6443,Something,NULL,album,1972-04-03 00:00:00.0000000,0
6444,Yo Te Bendigo,NULL,album,2013-01-28 00:00:00.0000000,0
6445,Dance All Night - Groove Cocktail Disco Mix,NULL,album,2013-10-18 00:00:00.0000000,0
6446,Dream,NULL,album,2009-10-19 00:00:00.0000000,0
6447,Selah 2,NULL,album,2013-01-01 00:00:00.0000000,0
6448,Winter of '39,NULL,album,2003-03-27 00:00:00.0000000,0
6449,Lena Mojada,NULL,album,2013-05-28 00:00:00.0000000,0
645,I Want You,NULL,compilation,2003-04-15 00:00:00.0000000,0
6450,Happy Dreams,NULL,album,2006-07-07 00:00:00.0000000,0
6451,I Don’t Do Nobody,NULL,album,2017-01-20 00:00:00.0000000,0
6452,"Mountain Brook Soundscape Bedtime Music for Baby Sleep, Natural Stress Relief",NULL,album,2010-09-15 00:00:00.0000000,0
6453,Stairs,NULL,album,2008-04-11 00:00:00.0000000,0
6454,Frasquita: Ballet I,NULL,album,2009-01-01 00:00:00.0000000,0
6455,Buffet Flat,NULL,album,1972-06-02 00:00:00.0000000,0
6456,Ala Bali,NULL,album,2013-09-26 00:00:00.0000000,0
6457,Banshee Chapter - Oolacile Remix,NULL,album,2016-08-05 00:00:00.0000000,0
6458,Fat Sack,NULL,album,2006-06-06 00:00:00.0000000,0
6459,Canción Mixteca,NULL,compilation,2012-09-11 00:00:00.0000000,0
646,Hasviva Hazman Vehamatzav,NULL,album,2012-03-31 00:00:00.0000000,0
6460,Nighthawk - TR317,NULL,compilation,2016-04-29 00:00:00.0000000,0
6461,Emmanuelle,NULL,compilation,2015-11-06 00:00:00.0000000,0
6462,Olive Oil Is a Yummy Oil,NULL,album,2012-09-07 00:00:00.0000000,0
6463,"String Quartet No.1 in G, K.80, I.Adagio",NULL,album,2007-08-01 00:00:00.0000000,0
6464,Messiah - First version of 1752; edited by Donald Burrows - Part 3: 50. Air: If God be for us,NULL,album,1994-01-01 00:00:00.0000000,0
6465,Lazerdance - Original Mix,NULL,album,2014-02-07 00:00:00.0000000,0
6466,The Well Dressed Ghost Of Ragtag Holler,NULL,album,2011-06-06 00:00:00.0000000,0
6467,Hold Up - Original Mix,NULL,single,2011-11-11 00:00:00.0000000,0
6468,De La Calle,NULL,album,2011-07-05 00:00:00.0000000,0
6469,Adrift In Remorse,NULL,single,2018-02-23 00:00:00.0000000,0
647,Solatlah Wahai Permata Hatiku,NULL,compilation,2016-01-06 00:00:00.0000000,0
6470,"St. Matthew Passion, BWV 244 / Part One: No.16 Evangelist, Jesus, Petrus: ""Petrus aber antwortete und sprach zu""",NULL,album,2015-03-20 00:00:00.0000000,0
6471,Fight Song (Instrumental) [Karaoke Version in the Style of Rachel Platten],NULL,album,2015-06-18 00:00:00.0000000,0
6472,Essential Piano,NULL,compilation,2005-01-01 00:00:00.0000000,0
6473,Unspoken,NULL,album,2016-10-21 00:00:00.0000000,14
6474,Te Quiero Mas,NULL,album,2017-03-24 00:00:00.0000000,0
6475,Keflavik EP,NULL,single,2018-09-21 00:00:00.0000000,27
6476,Playlist Triste,NULL,single,2021-03-12 00:00:00.0000000,20
6477,Cinta Sejati,NULL,compilation,2015-12-03 00:00:00.0000000,0
6478,Equal Vision Records Presents: New Sounds 2011,NULL,compilation,2010-12-21 00:00:00.0000000,21
6479,Start Again,NULL,album,2002-02-01 00:00:00.0000000,0
648,Sunday Night,NULL,album,1995-01-01 00:00:00.0000000,0
6480,Hound Dog,NULL,album,2011-07-07 00:00:00.0000000,0
6481,Pornstar - Original Mix,NULL,album,2012-10-05 00:00:00.0000000,0
6482,Ols Songd,NULL,album,2014-01-31 00:00:00.0000000,0
6483,Everyday,NULL,album,1999-06-01 00:00:00.0000000,0
6484,The Burning,NULL,album,2011-01-01 00:00:00.0000000,0
6485,Lullaby for Mothers (Good Night),NULL,album,2013-11-12 00:00:00.0000000,0
6486,Takeover - dub,NULL,single,2007-08-13 00:00:00.0000000,0
6487,Sweet,NULL,album,2017-06-09 00:00:00.0000000,0
6488,La Fiera,NULL,album,2011-09-06 00:00:00.0000000,0
6489,What a Friend We Have in Jesus,NULL,compilation,2013-05-14 00:00:00.0000000,0
649,Sagrama,NULL,album,2015-02-07 00:00:00.0000000,0
6490,Glade Jul,NULL,compilation,1998-10-29 00:00:00.0000000,0
6491,Everybody Loves Somebody,NULL,album,2007-01-01 00:00:00.0000000,0
6492,Bad - Workout Mix,NULL,album,2014-11-11 00:00:00.0000000,0
6493,Waiting,NULL,album,2005-11-23 00:00:00.0000000,0
6494,Green River,NULL,compilation,1984-01-01 00:00:00.0000000,0
6495,Genuine Gestures,NULL,album,2016-08-08 00:00:00.0000000,0
6496,Million Faces,NULL,album,2012-10-30 00:00:00.0000000,0
6497,"Symphony in C, H.I No.7 - ""Le Midi"": 2. Recitativo - Adagio",NULL,album,2009-01-01 00:00:00.0000000,0
6498,Coffins Grove,NULL,single,2015-10-16 00:00:00.0000000,0
6499,Dive In,NULL,album,2016-09-09 00:00:00.0000000,0
65,Love On Me,NULL,album,2004-01-01 00:00:00.0000000,0
650,Society of Fools,NULL,album,2009-09-15 00:00:00.0000000,0
6500,When My Love Changed,NULL,album,1993-01-01 00:00:00.0000000,0
6501,"Praetorius: Musae Sioniae, Theil 2: No. 5, In dulci jubilo, a 16 (Pt. 2)",NULL,compilation,2007-01-01 00:00:00.0000000,0
6502,Shameless - Club Mix,NULL,compilation,2010-05-07 00:00:00.0000000,0
6503,coco,NULL,album,2017-08-01 00:00:00.0000000,0
6504,Friday Night,NULL,album,2016-08-31 00:00:00.0000000,0
6505,Dans la street feat Bydshop,NULL,album,2007-09-17 00:00:00.0000000,0
6506,Power Yoga Meditation,NULL,album,2014-10-05 00:00:00.0000000,0
6507,The Ambush,NULL,album,2012-02-14 00:00:00.0000000,0
6508,Close to You,NULL,album,2012-10-01 00:00:00.0000000,0
6509,In The Dark (Expanded Edition),NULL,album,2012-01-01 00:00:00.0000000,23
651,Ivory - DJ Scot Project Remix,NULL,single,2010-05-17 00:00:00.0000000,0
6510,(Red Velvet) Cake,NULL,album,2013-11-19 00:00:00.0000000,0
6511,Oh Yeah,NULL,album,1996-07-23 00:00:00.0000000,0
6512,Angels & Devils,NULL,album,2012-11-13 00:00:00.0000000,18
6513,Vergine Della Meraviglia,NULL,album,1992-01-01 00:00:00.0000000,0
6514,I'll Come To You,NULL,compilation,2004-01-01 00:00:00.0000000,0
6515,Rainy Day at Sea,NULL,album,2017-04-22 00:00:00.0000000,0
6516,5 Orchesterlieder nach Ansichtskartentexten von Peter Altenberg: 3. Über die Grenzen des All,NULL,album,2002-01-01 00:00:00.0000000,0
6517,She Ain't Right,NULL,album,2015-07-02 00:00:00.0000000,0
6518,Lift Him Up,NULL,album,2011-12-09 00:00:00.0000000,0
6519,Diced Pineapples (Workout Remix),NULL,album,2012-08-21 00:00:00.0000000,0
652,La Casbah,NULL,compilation,2008-04-22 00:00:00.0000000,0
6520,Oh Baby Doll,NULL,album,2013-12-10 00:00:00.0000000,0
6521,New Old Lady Blues,NULL,album,2005-01-01 00:00:00.0000000,0
6522,Inspace,NULL,album,2011-10-11 00:00:00.0000000,0
6523,Medias Negras,NULL,album,2006-01-01 00:00:00.0000000,0
6524,The Columbia Years,NULL,compilation,1962-01-01 00:00:00.0000000,15
6525,"Mozart: Piano Sonata in B-flat Major, K.281: II. Andante amoroso",NULL,compilation,2016-09-16 00:00:00.0000000,0
6526,Elusive Butterfly,NULL,compilation,2010-01-01 00:00:00.0000000,0
6527,Sabre Dance,NULL,compilation,2010-05-01 00:00:00.0000000,0
6528,A Tonga Da Mironga Do Kabuletê,NULL,compilation,2013-11-25 00:00:00.0000000,0
6529,Forty Winks - Instrumental,NULL,album,2009-07-27 00:00:00.0000000,0
653,Lorna's Here,NULL,compilation,2007-01-01 00:00:00.0000000,0
6530,He's a Tramp,NULL,compilation,2002-01-01 00:00:00.0000000,0
6531,Little Girl Blue,NULL,album,2005-06-20 00:00:00.0000000,0
6532,Just Over in the Gloryland (There Are Angels in Heaven),NULL,album,2012-01-01 00:00:00.0000000,0
6533,Aryll's Theme,NULL,album,2016-04-18 00:00:00.0000000,0
6534,Riders of the Healing Road,NULL,album,2009-01-01 00:00:00.0000000,0
6535,Booger Red (Philips Pb 589),NULL,compilation,2013-04-22 00:00:00.0000000,0
6536,Aaradhikkam,NULL,compilation,2014-03-20 00:00:00.0000000,0
6537,Herrmann: Snows of Kilimanjaro (The) / 5 Fingers,NULL,album,2007-09-01 00:00:00.0000000,8
6538,Crawl of Time,NULL,album,2004-10-12 00:00:00.0000000,0
6539,Broken-Hearted Girl,NULL,album,2008-01-01 00:00:00.0000000,0
654,Freaks (feat. Pabst),NULL,single,2021-06-25 00:00:00.0000000,0
6540,Bicentennial Man - Original Motion Picture Soundtrack,NULL,album,1999-11-05 00:00:00.0000000,46
6541,Lo Mejor De Roberto Torres,NULL,album,1994-01-01 00:00:00.0000000,29
6542,In the Never Ending Search for a Suitable Enemy,NULL,album,2002-01-01 00:00:00.0000000,0
6543,Born 4 Freedom,NULL,album,2012-11-14 00:00:00.0000000,0
6544,Same Place,NULL,album,2009-03-03 00:00:00.0000000,0
6545,Touch Sweet,NULL,album,1991-06-01 00:00:00.0000000,0
6546,"Symphony No. 3, ""Pastoral Symphony"": I. Molto moderato - Poco tranquillo - Tempo I - Largamente - Tempo I",NULL,album,2002-08-01 00:00:00.0000000,0
6547,Arner's,NULL,album,2010-08-24 00:00:00.0000000,0
6548,Giacomo Puccini - Suor Angelica - Senza mamma,NULL,album,2010-01-01 00:00:00.0000000,0
6549,Matka Teresa,NULL,album,2015-09-25 00:00:00.0000000,0
655,Jaguey,NULL,album,2000-04-14 00:00:00.0000000,0
6550,Kim English/Time For Love - Frankie's Broken Arts Club Mix,NULL,album,2007-06-05 00:00:00.0000000,0
6551,Urth,NULL,album,2015-03-20 00:00:00.0000000,0
6552,Want It,NULL,album,2011-06-06 00:00:00.0000000,0
6553,Where There's a Wall,NULL,single,2009-03-27 00:00:00.0000000,0
6554,Appoloduction,NULL,album,2017-04-11 00:00:00.0000000,0
6555,Speed Of Light - Mint Royale Mix,NULL,album,2002-01-01 00:00:00.0000000,0
6556,Underneath A Falling Sky,NULL,album,2005-08-09 00:00:00.0000000,0
6557,"Reggae, Reggae",NULL,album,2010-07-30 00:00:00.0000000,0
6558,Sant Bahinabai (Original Motion Picture Soundtrack),NULL,album,1953-12-31 00:00:00.0000000,0
6559,Cambios de Tiempo!,NULL,album,2015-08-25 00:00:00.0000000,0
656,Say That - Bonus Track,NULL,album,2017-05-05 00:00:00.0000000,0
6560,Charkhesh-e Pooch - Live,NULL,album,2010-10-08 00:00:00.0000000,0
6561,Gideon,NULL,compilation,2014-01-29 00:00:00.0000000,0
6562,Tonada de Verni,NULL,album,2014-09-05 00:00:00.0000000,0
6563,Shadow Waltz,NULL,album,2005-01-01 00:00:00.0000000,0
6564,Double Ksba 2012,NULL,album,2013-07-02 00:00:00.0000000,0
6565,Days Like This,NULL,album,2007-01-01 00:00:00.0000000,0
6566,Sista Sista - Acoustic Version,NULL,album,2012-10-22 00:00:00.0000000,0
6567,Forged In The Fires Of Alba,NULL,album,2010-02-05 00:00:00.0000000,0
6568,One of a Kind,NULL,album,2009-01-01 00:00:00.0000000,13
6569,The Owl and the Penguin - Original Mix,NULL,compilation,2013-09-05 00:00:00.0000000,0
657,Rocket Brothers,NULL,album,2005-02-25 00:00:00.0000000,0
6570,Sweet Anna Jane,NULL,album,2017-08-02 00:00:00.0000000,0
6571,Stay,NULL,album,1995-01-01 00:00:00.0000000,0
6572,Ilusión de Mi Vida,NULL,album,2007-04-01 00:00:00.0000000,0
6573,Geneva,NULL,album,2003-01-01 00:00:00.0000000,0
6574,Diamonds & Bones,NULL,single,2016-06-17 00:00:00.0000000,0
6575,Outer Space (In-Game),NULL,album,2015-06-04 00:00:00.0000000,0
6576,Slow Down,NULL,album,2016-05-13 00:00:00.0000000,0
6577,Hero Squad,NULL,compilation,2016-11-01 00:00:00.0000000,0
6578,Rekla je da u mojoj glavi cuje gitare i bubnjeve,NULL,album,2017-04-03 00:00:00.0000000,23
6579,Numbers,NULL,compilation,2016-01-29 00:00:00.0000000,0
658,Just A Girl - feat. Justine Frischmann,NULL,album,1993-03-29 00:00:00.0000000,0
6580,Midnight,NULL,single,2016-05-16 00:00:00.0000000,0
6581,Hearing Things,NULL,compilation,2009-07-01 00:00:00.0000000,0
6582,Salomè [stilo chayanne] - Karaoke version,NULL,album,2014-08-12 00:00:00.0000000,0
6583,Leading Me Home,NULL,album,2016-06-14 00:00:00.0000000,14
6584,Al Lado Del Peligro - En Vivo,NULL,single,2012-01-01 00:00:00.0000000,2
6585,Enemy,NULL,album,2009-03-03 00:00:00.0000000,0
6586,Rack City (Freestyle) - Screwed & Chopped,NULL,album,2015-01-23 00:00:00.0000000,0
6587,Trespasser,NULL,album,2013-09-10 00:00:00.0000000,0
6588,Patched Up,NULL,album,2018-12-07 00:00:00.0000000,67
6589,The Soul Of The Drums,NULL,album,2005-01-01 00:00:00.0000000,26
659,Hobo's Lullaby,NULL,album,2005-01-01 00:00:00.0000000,0
6590,Brasil,NULL,album,2014-04-24 00:00:00.0000000,0
6591,Signed Sealed Delivered,NULL,album,2013-07-16 00:00:00.0000000,0
6592,Rios De Palabras,NULL,album,2006-02-24 00:00:00.0000000,0
6593,1988 - Jimpster's Summer of Love Remix,NULL,album,2012-03-06 00:00:00.0000000,0
6594,Street Juggle Instrumental,NULL,single,2011-11-17 00:00:00.0000000,0
6595,Que Vas A Hacer,NULL,compilation,2003-03-03 00:00:00.0000000,0
6596,Whatchulookinat (feat. P. Diddy) - P. Diddy Remix - Instrumental,NULL,single,2002-09-17 00:00:00.0000000,0
6597,"Tempo di Ciacona, from Sonata for Solo Violin",NULL,album,2011-12-07 00:00:00.0000000,0
6598,I Want You to Know (PARTY HITS EDIT),NULL,album,2017-06-28 00:00:00.0000000,0
6599,that's that,NULL,album,2004-12-13 00:00:00.0000000,3
66,"Goody, Goody",NULL,compilation,2010-08-09 00:00:00.0000000,0
660,Contact,NULL,album,2016-06-26 00:00:00.0000000,0
6600,Louisiana's Missin' Me,NULL,compilation,2012-11-10 00:00:00.0000000,0
6601,I'll Follow You,NULL,album,2015-11-27 00:00:00.0000000,0
6602,"Здравствуйте, мое почтение!",NULL,album,1996-06-09 00:00:00.0000000,11
6603,Piano Music to Make You Smarter a 6th Time,NULL,album,2016-10-11 00:00:00.0000000,0
6604,Noltalgias (Tango),NULL,album,2002-01-01 00:00:00.0000000,0
6605,Vermont Song,NULL,compilation,2014-11-18 00:00:00.0000000,0
6606,Synesthesia,NULL,single,2020-03-20 00:00:00.0000000,20
6607,Lost in the Night (arr. K. Haugen),NULL,album,2010-08-01 00:00:00.0000000,0
6608,Bad Boy,NULL,album,2012-04-10 00:00:00.0000000,0
6609,Do This,NULL,album,1999-01-01 00:00:00.0000000,0
661,If Only They Knew (feat. Motown Ty),NULL,album,2015-08-13 00:00:00.0000000,0
6610,Today,NULL,album,2012-01-02 00:00:00.0000000,0
6611,"Beat Me Daddy, Eight to the Bar",NULL,album,2014-09-22 00:00:00.0000000,0
6612,Clobber - Original Club Mix,NULL,single,2013-03-27 00:00:00.0000000,0
6613,"Somehow, Somewhere (There's a Soul Heaven)",NULL,album,2013-07-22 00:00:00.0000000,0
6614,"Concerto in D, Op.1 No.5: Rondo: Allegro",NULL,album,2006-06-04 00:00:00.0000000,0
6615,Delusion,NULL,compilation,2015-01-28 00:00:00.0000000,0
6616,Para Cuando Me Muera,NULL,album,2017-06-02 00:00:00.0000000,0
6617,Goonies 'R' Good Enough,NULL,album,2001-10-08 00:00:00.0000000,0
6618,One Last Time,NULL,album,2016-04-04 00:00:00.0000000,0
6619,Le soleil - Lemongrass Remix,NULL,compilation,2004-01-01 00:00:00.0000000,0
662,"Theme (From ""Band of Brothers"")",NULL,album,2013-12-17 00:00:00.0000000,0
6620,Messager : L'Amour masqué [1923] : Mon rêve [Elle],NULL,album,2010-11-16 00:00:00.0000000,0
6621,Saca la Botella,NULL,compilation,2006-03-18 00:00:00.0000000,0
6622,Ghost Ride To Hell,NULL,album,2010-05-21 00:00:00.0000000,0
6623,Make a Move,NULL,album,2013-02-01 00:00:00.0000000,0
6624,Ain't No Woman (Like the One I've Got),NULL,album,2001-09-01 00:00:00.0000000,0
6625,Darling,NULL,single,2011-12-20 00:00:00.0000000,0
6626,Hurt Like I Do,NULL,album,2004-01-01 00:00:00.0000000,0
6627,Mysterious Girl,NULL,album,2010-03-23 00:00:00.0000000,0
6628,El Pavido Navido,NULL,album,2015-02-05 00:00:00.0000000,0
6629,I'm In The House (feat.Zuper Blahq) [Sharam Lovefest Remix],NULL,album,2010-01-01 00:00:00.0000000,0
663,Love Me or Leave Me Alone,NULL,compilation,2013-04-24 00:00:00.0000000,0
6630,Feel Good!,NULL,album,2011-01-10 00:00:00.0000000,0
6631,Don't (In the Style of Ed Sheeran) [Karaoke Version],NULL,album,2016-02-08 00:00:00.0000000,0
6632,Desperate Delusions,NULL,album,2012-12-12 00:00:00.0000000,0
6633,Back To Love - Friscia & Lamboy Vocal Anthem Mix,NULL,compilation,1988-01-01 00:00:00.0000000,0
6634,Vida de solteiro,NULL,single,2017-08-14 00:00:00.0000000,31
6635,I'm Just a Jitterbug,NULL,album,2002-07-11 00:00:00.0000000,0
6636,Do Me,NULL,compilation,2006-10-04 00:00:00.0000000,0
6637,Moonlight Becomes You,NULL,compilation,2007-01-01 00:00:00.0000000,0
6638,A Bailar,NULL,compilation,2014-02-21 00:00:00.0000000,0
6639,"Sonata in A Minor for Bass Viol and Basso Continuo, TWV 41:A6: IV. Allegro",NULL,album,2013-06-05 00:00:00.0000000,0
664,Like Hime,NULL,album,2014-11-28 00:00:00.0000000,0
6640,Foothills,NULL,album,2017-07-10 00:00:00.0000000,0
6641,"Piano Sonata In E-Flat Major, K. 282: Allegro",NULL,album,1998-01-01 00:00:00.0000000,0
6642,Lock On Me,NULL,album,2012-02-15 00:00:00.0000000,0
6643,"Symphony No. 5 in B-Flat Major, K. 22, ""Hague"": I. Allegro",NULL,compilation,2011-04-05 00:00:00.0000000,0
6644,Amor A Fuego Lento,NULL,album,2016-12-16 00:00:00.0000000,0
6645,Never Stop,NULL,album,2012-05-29 00:00:00.0000000,0
6646,What are the Signs,NULL,album,2009-02-24 00:00:00.0000000,0
6647,Rosa Morena,NULL,album,2005-11-01 00:00:00.0000000,0
6648,Gives You Hell,NULL,album,2008-01-01 00:00:00.0000000,0
6649,Mobilius,NULL,album,2017-01-27 00:00:00.0000000,0
665,Mule Skinner Blues,NULL,compilation,2017-02-17 00:00:00.0000000,0
6650,Blessed Baby,NULL,album,2003-03-01 00:00:00.0000000,0
6651,Otkud Ti Pravo,NULL,album,2006-06-06 00:00:00.0000000,0
6652,Jealousy,NULL,compilation,2015-04-07 00:00:00.0000000,0
6653,Para Vigo Me Voy,NULL,album,1992-01-01 00:00:00.0000000,0
6654,Hip Hop Law Ka Atwet (feat. Chan Aye Win),NULL,album,2017-04-26 00:00:00.0000000,0
6655,Fog Horn from Ship Single Blast,NULL,album,2013-12-01 00:00:00.0000000,0
6656,L'océan Des Possibles,NULL,album,2005-01-01 00:00:00.0000000,0
6657,Jacky's Jaunt,NULL,album,2014-08-19 00:00:00.0000000,0
6658,Shake It Off - 132 BPM Workout Remix,NULL,album,2015-04-21 00:00:00.0000000,0
6659,Psychedelic Music,NULL,single,2012-05-24 00:00:00.0000000,2
666,"Idoobie (Ft. Trai D, Oj Da Juiceman)",NULL,album,2008-04-20 00:00:00.0000000,0
6660,ANF: Ain't Nothing Free,NULL,album,2019-03-22 00:00:00.0000000,38
6661,83 Rap Beats 2013 (Instrumental Version),NULL,album,2013-01-01 00:00:00.0000000,7
6662,"Mozart: Piano Sonata No. 16 in C Major, K. 545: II. Andante",NULL,album,2016-09-30 00:00:00.0000000,0
6663,Me Voy,NULL,album,1999-08-14 00:00:00.0000000,0
6664,Yo Te Recuerdo,NULL,album,2010-01-01 00:00:00.0000000,0
6665,...Of Warriors & Kings,NULL,album,2015-04-30 00:00:00.0000000,1
6666,Ruby Red - Edit,NULL,album,2016-10-28 00:00:00.0000000,0
6667,You'll follow me down,NULL,compilation,2000-01-01 00:00:00.0000000,0
6668,Mudder Trucker,NULL,album,2015-01-31 00:00:00.0000000,0
6669,Shadowed,NULL,album,2004-05-02 00:00:00.0000000,6
667,Inocom H (Radio Mix),NULL,single,2021-03-05 00:00:00.0000000,0
6670,The Whispers,NULL,album,2011-07-22 00:00:00.0000000,0
6671,Who Wants To Live Forever (Queen Tribute),NULL,album,2011-01-09 00:00:00.0000000,0
6672,Up On the Mountain,NULL,album,2013-02-11 00:00:00.0000000,0
6673,She Didn't Cut Me Loose,NULL,album,2012-04-10 00:00:00.0000000,0
6674,Eraser,NULL,album,2017-11-04 00:00:00.0000000,0
6675,Shoot Them Before They Grow,NULL,album,2000-01-01 00:00:00.0000000,0
6676,Everybody Rise,NULL,album,2005-01-01 00:00:00.0000000,0
6677,DRUGS,NULL,single,2020-10-30 00:00:00.0000000,64
6678,Hate To Love,NULL,compilation,2014-08-12 00:00:00.0000000,0
6679,Kavei,NULL,album,2016-06-03 00:00:00.0000000,0
668,Frosty The Snowman,NULL,compilation,2012-12-05 00:00:00.0000000,0
6680,Blues-A-Plenty,NULL,album,2011-01-01 00:00:00.0000000,0
6681,My Filthy Spirit Bomb,NULL,album,2016-12-02 00:00:00.0000000,31
6682,Rota: Symphony No. 3 - Divertimento concertante - Concerto soirée,NULL,album,2011-01-01 00:00:00.0000000,10
6683,Todo Lo Puedo En Cristo,NULL,album,2015-06-08 00:00:00.0000000,0
6684,Motivated to Workout 2,NULL,album,2015-11-20 00:00:00.0000000,0
6685,Texas Sky,NULL,album,2017-08-09 00:00:00.0000000,0
6686,Lady Stardust,NULL,album,2011-07-01 00:00:00.0000000,0
6687,Drunk & High #TiH - Edit,NULL,compilation,2014-06-27 00:00:00.0000000,0
6688,Pollock,NULL,album,2012-01-01 00:00:00.0000000,0
6689,Command - Noisses Remix,NULL,single,2012-10-29 00:00:00.0000000,0
669,Roll Over Beethoven (Karaoke Version) [In the Style of Electric Light Orchestra],NULL,compilation,2011-11-05 00:00:00.0000000,0
6690,Zobacz nas,NULL,album,2016-10-28 00:00:00.0000000,0
6691,Soul Self Satisfaction - Demo Version,NULL,compilation,2008-01-01 00:00:00.0000000,0
6692,Los Montes (JUANiTO aka John Aguilar),NULL,single,2013-02-16 00:00:00.0000000,0
6693,Quimera,NULL,single,2020-09-24 00:00:00.0000000,2
6694,Kid's Nature Songs,NULL,album,2015-09-18 00:00:00.0000000,6
6695,God Bless the Master (feat. Belle Canto),NULL,album,2012-12-09 00:00:00.0000000,0
6696,"Come Easy (incl. Remixes by Dave Aju, David August, Jimi Jules, Kalabrese)",NULL,single,2014-05-23 00:00:00.0000000,18
6697,Caltrops,NULL,compilation,2014-03-24 00:00:00.0000000,0
6698,Drumbeat For Baby,NULL,album,2006-09-04 00:00:00.0000000,0
6699,Story Time Riddim,NULL,single,2011-04-12 00:00:00.0000000,0
67,dOPPLEGANGER,NULL,album,2015-03-10 00:00:00.0000000,0
670,Still Ballin',NULL,album,2006-05-16 00:00:00.0000000,0
6700,Trains,NULL,album,2015-09-11 00:00:00.0000000,0
6701,Come on in Love,NULL,compilation,2010-01-02 00:00:00.0000000,0
6702,Love's a Cure,NULL,album,2011-10-07 00:00:00.0000000,0
6703,At the Moment,NULL,album,2019-07-17 00:00:00.0000000,6
6704,Lets Go,NULL,single,2020-06-15 00:00:00.0000000,12
6705,Rafel Caro Quintero (En Vivo),NULL,album,2017-07-20 00:00:00.0000000,0
6706,Music Killed Me,NULL,album,2008-01-01 00:00:00.0000000,0
6707,The Year of the Beard (Live),NULL,album,2013-06-22 00:00:00.0000000,0
6708,Dark Ages,NULL,album,2016-02-26 00:00:00.0000000,0
6709,Red Moon,NULL,album,2003-06-08 00:00:00.0000000,4
671,Who's Kidding Who,NULL,album,2006-05-05 00:00:00.0000000,0
6710,"Ohne Sorgen, Op. 271",NULL,compilation,2016-06-24 00:00:00.0000000,0
6711,Faking the Benz,NULL,single,2016-05-13 00:00:00.0000000,0
6712,Bring Me Back Around,NULL,album,2015-09-11 00:00:00.0000000,0
6713,Warriors,NULL,single,2011-09-23 00:00:00.0000000,13
6714,O Little Town Of Bethlehem (Arr. David Willcocks and Ralph Williams),NULL,compilation,2014-11-14 00:00:00.0000000,0
6715,California Medley Pt. 2,NULL,album,1999-01-01 00:00:00.0000000,0
6716,The Way It's Done,NULL,album,2010-05-04 00:00:00.0000000,0
6717,Origins,NULL,album,2014-08-27 00:00:00.0000000,0
6718,Ready Intro,NULL,album,2016-10-14 00:00:00.0000000,0
6719,The Lads Among The Heather Vol.2,NULL,album,2005-01-01 00:00:00.0000000,0
672,For Your Love Is Better Than Life,NULL,album,2005-01-01 00:00:00.0000000,0
6720,Sunlight,NULL,single,2020-03-06 00:00:00.0000000,41
6721,Flourish,NULL,album,2010-01-01 00:00:00.0000000,0
6722,Morgante,NULL,compilation,2014-11-07 00:00:00.0000000,0
6723,Dapat ba akong mangarap,NULL,album,2008-05-15 00:00:00.0000000,0
6724,"Orchestral Suite In D Major, No. 3, BWV 1068: Air On A G String",NULL,album,2008-12-19 00:00:00.0000000,0
6725,Desde Mi Tierra,NULL,album,2008-10-08 00:00:00.0000000,21
6726,My Baby's Gone,NULL,album,2005-07-26 00:00:00.0000000,0
6727,Cosmos,NULL,single,2016-11-24 00:00:00.0000000,0
6728,I Want the Blues for Christmas,NULL,single,1998-01-01 00:00:00.0000000,0
6729,Shiatsu – Japanese Massage,NULL,compilation,2017-07-07 00:00:00.0000000,0
673,Soulful Eclipse,NULL,album,1996-07-23 00:00:00.0000000,0
6730,Here's to Tonight (Karaoke Version) - Originally Performed By Eve 6,NULL,album,2012-12-12 00:00:00.0000000,0
6731,Rage of War,NULL,album,2021-01-15 00:00:00.0000000,23
6732,Let It Go,NULL,album,2000-01-01 00:00:00.0000000,0
6733,Ol' Ark'S A Moverin,NULL,album,2006-01-01 00:00:00.0000000,0
6734,กิ้งก่าทอง,NULL,album,1998-10-15 00:00:00.0000000,20
6735,Satin Doll,NULL,compilation,1956-01-01 00:00:00.0000000,0
6736,Happy Ferdinand,NULL,compilation,2009-09-08 00:00:00.0000000,0
6737,Christ in My Life (feat. S.I.n. & Young Ghost),NULL,album,2013-02-05 00:00:00.0000000,0
6738,I Like It,NULL,compilation,2009-07-03 00:00:00.0000000,0
6739,A Charanga Do Agripino,NULL,album,1970-01-01 00:00:00.0000000,0
674,Kinda Like - Vanilla Ace Remix,NULL,single,2014-04-28 00:00:00.0000000,0
6740,Lámpara sin luz,NULL,album,2008-10-08 00:00:00.0000000,0
6741,Springtime,NULL,album,2016-12-02 00:00:00.0000000,0
6742,Tá Doce,NULL,album,2014-10-13 00:00:00.0000000,0
6743,Rhody Girl,NULL,album,2009-06-14 00:00:00.0000000,0
6744,Soft Piano Notes,NULL,album,2015-04-02 00:00:00.0000000,0
6745,"Spirit of God, Descend Upon My Heart",NULL,album,2011-04-20 00:00:00.0000000,0
6746,Mountain Dance,NULL,album,1980-01-01 00:00:00.0000000,28
6747,Lethal Industry - Electro Mix,NULL,album,2012-09-19 00:00:00.0000000,0
6748,Man On The Rocks,NULL,album,2014-01-01 00:00:00.0000000,0
6749,Intro,NULL,compilation,2009-02-03 00:00:00.0000000,0
675,"Violin Sonata No. 8 in G Major, Op. 30 No. 3: II. Tempo di minuetto, ma molto moderato e grazioso",NULL,album,1949-01-01 00:00:00.0000000,0
6750,Wonderland ((Discofox / 34 Bpm)),NULL,album,2010-04-09 00:00:00.0000000,0
6751,So Many Like Me,NULL,album,2016-10-16 00:00:00.0000000,0
6752,There Is No Beer In Heaven,NULL,album,2011-09-08 00:00:00.0000000,0
6753,Sheer Inspiration,NULL,album,2011-07-19 00:00:00.0000000,24
6754,Ånger & Kamp Del. 2,NULL,album,2013-01-01 00:00:00.0000000,0
6755,The World Ends,NULL,album,2014-02-12 00:00:00.0000000,3
6756,"Zip, zap zabap",NULL,album,2010-07-25 00:00:00.0000000,0
6757,Just a Little Lovin',NULL,album,1969-03-31 00:00:00.0000000,0
6758,Bad Habit,NULL,compilation,2010-05-04 00:00:00.0000000,0
6759,Nadaan Hiyra (Raga Des),NULL,album,2013-06-21 00:00:00.0000000,0
676,Dizzie - Boozoo Bajou Remix,NULL,album,2006-08-07 00:00:00.0000000,0
6760,Butterfly Poop Song,NULL,album,2014-05-13 00:00:00.0000000,0
6761,Jardin perdu,NULL,album,2013-01-01 00:00:00.0000000,0
6762,Until the Air Runs Out,NULL,single,2012-06-07 00:00:00.0000000,1
6763,You Are Missing from Me,NULL,album,2015-12-23 00:00:00.0000000,0
6764,Greg Wilson & Lenzi Brothers,NULL,album,2011-05-05 00:00:00.0000000,8
6765,Gecko - Original Mix,NULL,compilation,2014-12-24 00:00:00.0000000,0
6766,I Can Give It To You,NULL,album,2017-11-03 00:00:00.0000000,0
6767,No Turning Back,NULL,album,2014-05-05 00:00:00.0000000,0
6768,一无所有 (Nothing to My Name),NULL,compilation,1996-10-01 00:00:00.0000000,0
6769,Los Intelectuales,NULL,album,1998-02-13 00:00:00.0000000,0
677,Let's Fall In Love (1954),NULL,album,2009-08-01 00:00:00.0000000,0
6770,"Fun With Names Songs, Vol. 7",NULL,album,2012-10-30 00:00:00.0000000,11
6771,Swim in the Silence,NULL,album,2001-01-01 00:00:00.0000000,0
6772,Ivy League Blues,NULL,album,2011-11-11 00:00:00.0000000,0
6773,Turn To Me,NULL,album,1986-01-01 00:00:00.0000000,0
6774,Mas Corridos,NULL,album,2015-07-14 00:00:00.0000000,15
6775,Earned It,NULL,album,2017-07-25 00:00:00.0000000,0
6776,Meditation piano,NULL,album,2014-04-12 00:00:00.0000000,0
6777,Who You Are,NULL,single,2014-07-28 00:00:00.0000000,1
6778,Que Deus Te Ajude,NULL,album,2010-06-22 00:00:00.0000000,0
6779,Welcome In,NULL,album,2011-01-15 00:00:00.0000000,0
678,Waves and Birds,NULL,album,2017-05-11 00:00:00.0000000,0
6780,Rize Vadzimu Rize,NULL,album,2014-03-25 00:00:00.0000000,4
6781,"Crooked Rain, Crooked Rain: LA's Desert Origins",NULL,album,1994-01-01 00:00:00.0000000,1
6782,Through the Years,NULL,album,2015-01-12 00:00:00.0000000,0
6783,Midwest,NULL,album,2016-05-27 00:00:00.0000000,0
6784,Fucking Up A Sack (feat. Baking Soda Yoda),NULL,album,2011-04-12 00:00:00.0000000,0
6785,Giselle: Acte II: Albrecht visite la tombe de Giselle,NULL,album,2008-11-12 00:00:00.0000000,0
6786,Si No Hablamos de Amor,NULL,album,2004-02-01 00:00:00.0000000,0
6787,Santa Claus Is Coming to Town,NULL,album,2011-08-07 00:00:00.0000000,0
6788,Enamorado,NULL,album,2005-01-01 00:00:00.0000000,0
6789,3. The Piano Concerto: 3. The Piano Concerto,NULL,album,2009-01-01 00:00:00.0000000,0
679,Swing Time Up In Harlem,NULL,album,2010-06-01 00:00:00.0000000,0
6790,Elevation - DJ Spen & Michele Chiavarini Soulful House Remix [Extended Version],NULL,single,2016-08-15 00:00:00.0000000,0
6791,Lifelines,NULL,album,2016-05-20 00:00:00.0000000,0
6792,Lips,NULL,album,2011-01-01 00:00:00.0000000,0
6793,Karlı Dağlar,NULL,compilation,1993-08-18 00:00:00.0000000,0
6794,Passion: Live From Passion 07,NULL,single,2007-01-01 00:00:00.0000000,10
6795,Tanışmadan,NULL,compilation,2013-01-01 00:00:00.0000000,0
6796,"Where Do We Go from Here? (August 16, 1967), Pt. 2",NULL,album,2012-03-01 00:00:00.0000000,0
6797,Window in the Sky,NULL,album,2015-06-15 00:00:00.0000000,0
6798,"Soul Eyes (Hackensack NJ, 1957)",NULL,compilation,2011-02-01 00:00:00.0000000,0
6799,Siento Que (Bonus Track),NULL,album,2014-06-19 00:00:00.0000000,0
68,Eine Antwort,NULL,album,2016-05-20 00:00:00.0000000,0
680,"Prelude, Fugue And Allegro In E Flat, BWV 998",NULL,album,2015-01-01 00:00:00.0000000,0
6800,Milk & Honey 2010,NULL,album,2010-06-28 00:00:00.0000000,0
6801,Bairro Alto de São Roque,NULL,single,2021-01-31 00:00:00.0000000,12
6802,My Name is Levi (And I'm Awesome),NULL,album,2011-05-10 00:00:00.0000000,0
6803,Radioactive,NULL,album,2012-06-01 00:00:00.0000000,0
6804,This Is Me,NULL,single,2015-11-11 00:00:00.0000000,5
6805,Freeze Frame,NULL,album,2007-01-01 00:00:00.0000000,0
6806,Sleep Walk,NULL,album,2012-07-27 00:00:00.0000000,0
6807,Built To Last - Sam Davies Remix,NULL,album,2016-07-22 00:00:00.0000000,0
6808,Terrapin,NULL,album,2003-01-01 00:00:00.0000000,0
6809,Have Some Fun (House Instrumental),NULL,album,2016-04-22 00:00:00.0000000,0
681,Lens Flare,NULL,album,2012-09-01 00:00:00.0000000,0
6810,P.E.L.O. (feat. Figli del Papa),NULL,single,2010-07-23 00:00:00.0000000,0
6811,Jezebel Jive - Asobi Seksu Remix,NULL,album,2012-05-22 00:00:00.0000000,0
6812,I Wanna Dance With Somebody (Who Loves Me),NULL,album,2007-11-24 00:00:00.0000000,0
6813,Si Yo No Fuera Fiel...,NULL,album,2000-02-01 00:00:00.0000000,0
6814,Отель Апельсин,NULL,album,2014-06-02 00:00:00.0000000,0
6815,Thoughts,NULL,album,2001-09-04 00:00:00.0000000,0
6816,La Banda Del Carro Rojo,NULL,album,1996-06-10 00:00:00.0000000,0
6817,In Love,NULL,single,2013-10-25 00:00:00.0000000,30
6818,What About You,NULL,album,2005-02-15 00:00:00.0000000,0
6819,Los Hermanos Meza,NULL,album,2005-01-01 00:00:00.0000000,0
682,One Sweet Day,NULL,album,2013-06-05 00:00:00.0000000,0
6820,Pegasus,NULL,single,2011-01-25 00:00:00.0000000,5
6821,Fuck You Pay Me,NULL,album,2003-03-31 00:00:00.0000000,0
6822,Trip.fall.,NULL,single,2014-03-17 00:00:00.0000000,2
6823,We Gonna Rock It - Coon Remix Edit,NULL,compilation,2015-03-27 00:00:00.0000000,0
6824,Song That Might Play When You Fight Sans,NULL,album,2016-02-08 00:00:00.0000000,0
6825,Y Te Voy a Olvidar,NULL,album,2014-03-15 00:00:00.0000000,0
6826,Back In Your Heart,NULL,album,1994-01-01 00:00:00.0000000,0
6827,GUTS,NULL,album,2009-05-25 00:00:00.0000000,0
6828,Say What You Will - Acoustic Mix,NULL,compilation,2014-07-11 00:00:00.0000000,0
6829,"2 Pieces for Piano, Op.10: 1. Nocturne in F Major",NULL,album,2000-01-01 00:00:00.0000000,0
683,He's The Wizard,NULL,album,2010-10-05 00:00:00.0000000,0
6830,Luna de Octubre,NULL,album,1986-08-16 00:00:00.0000000,0
6831,"Mikrokosmos, Sz. 107 - Book 3: No.89 In Four Parts",NULL,album,1999-03-19 00:00:00.0000000,0
6832,Hard to Tell,NULL,album,2017-05-01 00:00:00.0000000,0
6833,Better Life Next Time,NULL,album,2006-01-01 00:00:00.0000000,0
6834,Say Goodbye for Me,NULL,album,2013-03-05 00:00:00.0000000,0
6835,Open The Heavens,NULL,album,2012-05-01 00:00:00.0000000,0
6836,Benzinho (Dear Someone),NULL,album,1967-03-30 00:00:00.0000000,0
6837,Blau,NULL,single,2014-09-05 00:00:00.0000000,0
6838,"Liebestraum No.2 In E-Flat Major, S.541 No.2: Notturno II: Seliger Tod",NULL,album,2004-01-01 00:00:00.0000000,0
6839,The Road Less Travelled,NULL,album,2009-09-01 00:00:00.0000000,0
684,Big Sciota/Katy Hill,NULL,album,2005-03-11 00:00:00.0000000,0
6840,Untitled Byt Substatial,NULL,album,2009-04-20 00:00:00.0000000,0
6841,East Majala,NULL,album,2006-06-08 00:00:00.0000000,0
6842,Where Does The Love Go?,NULL,album,2006-01-01 00:00:00.0000000,0
6843,"Goodbye, Jonah (08-12-37)",NULL,album,2008-12-22 00:00:00.0000000,0
6844,Kitties,NULL,compilation,2013-09-27 00:00:00.0000000,0
6845,Mother Knows Best (Disney's Tangled),NULL,album,2015-10-01 00:00:00.0000000,0
6846,Witches Cauldron 1,NULL,album,2012-09-06 00:00:00.0000000,0
6847,Walk The Walk,NULL,album,2001-01-01 00:00:00.0000000,0
6848,Run to Rewind,NULL,album,2009-01-01 00:00:00.0000000,0
6849,Brazil,NULL,album,2002-04-22 00:00:00.0000000,0
685,Cherry,NULL,album,2012-05-01 00:00:00.0000000,0
6850,Same Love; A Romanticized Timeline,NULL,single,2020-09-18 00:00:00.0000000,26
6851,Rapid Ric Intro,NULL,album,2006-06-20 00:00:00.0000000,0
6852,Get Buck,NULL,album,2012-06-12 00:00:00.0000000,0
6853,The Hunter,NULL,album,2012-03-06 00:00:00.0000000,0
6854,Серпантин,NULL,compilation,2015-12-26 00:00:00.0000000,0
6855,Verdi: Il Corsaro,NULL,album,1975-01-01 00:00:00.0000000,10
6856,Anymore,NULL,album,1998-07-28 00:00:00.0000000,0
6857,Mattinata,NULL,compilation,2010-05-01 00:00:00.0000000,0
6858,Come Alive,NULL,album,2012-01-12 00:00:00.0000000,0
6859,Found My Light - The Layabouts Instrumental Mix,NULL,single,2011-10-10 00:00:00.0000000,0
686,Children of God [Bonus Track) - remastered demo 2007,NULL,album,2006-07-13 00:00:00.0000000,0
6860,"Sonata No. 9, Op. 68",NULL,compilation,2011-10-13 00:00:00.0000000,0
6861,What You See,NULL,album,2016-06-24 00:00:00.0000000,0
6862,Ease My Mind,NULL,album,2006-01-01 00:00:00.0000000,0
6863,Bigger Thangz - Feat. Fam & Treach From Naughty By Nature,NULL,album,2007-12-21 00:00:00.0000000,0
6864,More Than Ever People (Sound Of Life Dub) - TR340,NULL,compilation,2016-09-30 00:00:00.0000000,0
6865,21 & Up (feat. Nate Paulson),NULL,album,2016-06-19 00:00:00.0000000,0
6866,Starfire,NULL,album,2015-10-14 00:00:00.0000000,0
6867,Take Me Back Baby,NULL,compilation,2009-01-01 00:00:00.0000000,0
6868,O Jesulein zart,NULL,album,1980-01-01 00:00:00.0000000,0
6869,Black Ops with Liberace - The Lonely,NULL,album,2003-06-02 00:00:00.0000000,0
687,Wild Heart,NULL,album,2014-01-26 00:00:00.0000000,0
6870,Love You Dub,NULL,album,1996-01-01 00:00:00.0000000,0
6871,Movement 3 [from Kiss],NULL,album,1997-06-10 00:00:00.0000000,0
6872,Green Dream (Instrumental),NULL,single,2011-08-05 00:00:00.0000000,0
6873,Family Affair,NULL,album,2009-12-05 00:00:00.0000000,0
6874,"Piya Bina Piya Bina - From ""Abhimaan""",NULL,album,2015-09-21 00:00:00.0000000,0
6875,Down With The Trumpets (Originally Performed by Rizzle Kicks),NULL,album,2011-09-01 00:00:00.0000000,0
6876,يوم ما أقول,NULL,album,2013-01-11 00:00:00.0000000,0
6877,You're A Man,NULL,album,2014-07-18 00:00:00.0000000,0
6878,Call of Duty: Ghosts,NULL,album,2013-11-01 00:00:00.0000000,0
6879,Rádio E Tv,NULL,album,2012-02-10 00:00:00.0000000,0
688,Gente De Accionar (Live),NULL,compilation,2017-03-26 00:00:00.0000000,0
6880,Mundo Ideal,NULL,album,2003-05-22 00:00:00.0000000,0
6881,Saving Forever For You (Karaoke Demonstration With Lead Vocal - In The Style Of Shanice),NULL,album,2009-12-10 00:00:00.0000000,0
6882,Weenie Roast,NULL,album,1993-06-14 00:00:00.0000000,0
6883,Never Let Me Go,NULL,album,1980-01-01 00:00:00.0000000,0
6884,Blow Your Horn With Benny Green and Paul Quinichette Remastered,NULL,album,2012-04-23 00:00:00.0000000,0
6885,By My Demon Eye,NULL,album,2017-07-07 00:00:00.0000000,0
6886,What Would You Do?,NULL,album,2007-09-25 00:00:00.0000000,0
6887,Peace,NULL,album,2004-01-01 00:00:00.0000000,0
6888,Song on the Mountains,NULL,album,2015-11-04 00:00:00.0000000,0
6889,Get Right,NULL,compilation,2006-01-01 00:00:00.0000000,0
689,"Bardenklange, Op. 13: Elfenreigen (Dance of the Elves)",NULL,album,2002-03-14 00:00:00.0000000,0
6890,Stars,NULL,album,2015-12-12 00:00:00.0000000,0
6891,Come What May,NULL,album,2012-08-08 00:00:00.0000000,0
6892,"Pussy (feat. Mozzy, Fat Trel & DJ Va-Vicious)",NULL,single,2016-12-13 00:00:00.0000000,0
6893,Neon Orange Glimmer Song,NULL,album,1995-01-01 00:00:00.0000000,0
6894,Southpark Stan You Killed Kenny,NULL,album,2016-11-18 00:00:00.0000000,0
6895,Free Life - Vocal Version,NULL,album,2009-10-22 00:00:00.0000000,0
6896,Authentic Italy,NULL,album,1999-01-02 00:00:00.0000000,29
6897,Calgary Girl,NULL,album,1995-06-02 00:00:00.0000000,0
6898,Keep On London,NULL,compilation,2016-08-19 00:00:00.0000000,0
6899,Beautiful Monster,NULL,album,2015-10-22 00:00:00.0000000,0
69,Ya Me Entere,NULL,album,2011-07-22 00:00:00.0000000,0
690,Still Got It,NULL,album,2014-02-13 00:00:00.0000000,0
6900,When the Levee Breaks,NULL,compilation,2013-09-10 00:00:00.0000000,0
6901,"Brandenburg Concerto No. 2 in F Major, BWV 1047: II. Andante",NULL,album,1994-01-01 00:00:00.0000000,0
6902,Piccolo guerriero,NULL,album,1996-01-01 00:00:00.0000000,0
6903,Want 2 / Need 2 (Switch Main Mix),NULL,compilation,2011-08-29 00:00:00.0000000,0
6904,Maximus,NULL,album,2005-01-01 00:00:00.0000000,0
6905,El Jardin de Fundación,NULL,compilation,2015-08-28 00:00:00.0000000,0
6906,Pins,NULL,album,2016-11-25 00:00:00.0000000,0
6907,I Don't Want That Junka Outa You,NULL,album,2006-04-06 00:00:00.0000000,0
6908,Alles Ist Schoen,NULL,album,1994-01-01 00:00:00.0000000,0
6909,Bless This Mess,NULL,album,2012-03-20 00:00:00.0000000,0
691,The Violet Evening,NULL,album,2007-07-20 00:00:00.0000000,0
6910,Day in My Life,NULL,album,2011-07-26 00:00:00.0000000,0
6911,סרנדה,NULL,album,1993-01-01 00:00:00.0000000,0
6912,I Shot The Sheriff - resort cafe ver.,NULL,compilation,2016-07-08 00:00:00.0000000,0
6913,Pimpolho,NULL,album,2004-01-01 00:00:00.0000000,0
6914,Down by the Riverside,NULL,album,1974-10-05 00:00:00.0000000,0
6915,Mi Gran Amor,NULL,album,2014-04-30 00:00:00.0000000,0
6916,Baby You Thrill Me,NULL,album,1996-01-01 00:00:00.0000000,0
6917,Wolfcry,NULL,album,2014-11-01 00:00:00.0000000,0
6918,So Ahead Of Me,NULL,album,2006-01-01 00:00:00.0000000,0
6919,Burbujas de Amor,NULL,album,2006-02-21 00:00:00.0000000,0
692,Mind Connection,NULL,album,2017-11-20 00:00:00.0000000,0
6920,She Know (feat. Young Duece),NULL,album,2014-03-15 00:00:00.0000000,0
6921,Sneaky Sound - Original Mix,NULL,compilation,2011-10-05 00:00:00.0000000,0
6922,Deep Squats,NULL,album,2012-05-01 00:00:00.0000000,0
6923,Figure You Out,NULL,album,2016-09-09 00:00:00.0000000,0
6924,Diana Amarilla,NULL,album,2017-07-07 00:00:00.0000000,14
6925,Feels so Right - Friend Within Remix,NULL,single,2015-01-23 00:00:00.0000000,0
6926,Viva Jujuy,NULL,album,2016-11-01 00:00:00.0000000,13
6927,Mujer Ingrata,NULL,album,1995-01-01 00:00:00.0000000,0
6928,A Mother's Love,NULL,album,2014-03-18 00:00:00.0000000,0
6929,Alone In Paradise,NULL,album,1997-01-01 00:00:00.0000000,0
693,Fraulein,NULL,album,2004-08-09 00:00:00.0000000,0
6930,Toy Enamorao (feat. Mozart La Para & Nacho),NULL,album,2016-06-30 00:00:00.0000000,0
6931,Hari Naam Ka Pyala,NULL,album,2015-03-11 00:00:00.0000000,0
6932,The Time Is Now (Wrestling Theme Song),NULL,compilation,2011-01-01 00:00:00.0000000,0
6933,In Time Main Theme,NULL,album,2011-10-24 00:00:00.0000000,0
6934,El Amor No Tiene Edad,NULL,album,2002-01-01 00:00:00.0000000,0
6935,Positive,NULL,album,1996-01-01 00:00:00.0000000,0
6936,Bareta ´89,NULL,album,2000-01-01 00:00:00.0000000,0
6937,Tylko Hit na Lato,NULL,album,2012-11-10 00:00:00.0000000,0
6938,Looking for a Blessing,NULL,album,2017-07-21 00:00:00.0000000,0
6939,天長地久,NULL,album,2001-01-01 00:00:00.0000000,0
694,Karoun Seroun,NULL,album,2007-01-01 00:00:00.0000000,0
6940,Morgue,NULL,album,2009-01-01 00:00:00.0000000,0
6941,9 Hours 11 Songs,NULL,compilation,2010-07-22 00:00:00.0000000,0
6942,More Than Meets the Eye,NULL,album,2017-01-20 00:00:00.0000000,24
6943,Trampled Sun,NULL,album,2011-09-26 00:00:00.0000000,0
6944,Un Beso Y Una Flor,NULL,album,1996-06-18 00:00:00.0000000,0
6945,The Lioness,NULL,album,2010-07-13 00:00:00.0000000,0
6946,Stand by Me,NULL,compilation,2010-08-02 00:00:00.0000000,0
6947,Desecrate,NULL,single,2018-11-12 00:00:00.0000000,6
6948,Ensi kerran,NULL,album,1993-01-01 00:00:00.0000000,0
6949,Clock Strikes Midnight - Out of Time,NULL,album,2012-09-06 00:00:00.0000000,0
695,"Violin Concerto in D Major, Op. 35: III. Finale",NULL,album,2012-06-27 00:00:00.0000000,0
6950,The Real Country,NULL,album,2010-07-22 00:00:00.0000000,18
6951,Box Of Lace,NULL,album,2004-05-17 00:00:00.0000000,0
6952,"Twelve German Dances, K.586: No.5 in A",NULL,album,2000-01-01 00:00:00.0000000,0
6953,A Mighty Fortress Is Our God,NULL,album,2017-04-26 00:00:00.0000000,0
6954,Red Sun (1point5 Remix),NULL,single,2016-01-29 00:00:00.0000000,0
6955,Diario de un Espejismo,NULL,album,2004-01-01 00:00:00.0000000,0
6956,Les jeunes,NULL,album,2011-10-19 00:00:00.0000000,0
6957,End To The Lies,NULL,album,2011-01-01 00:00:00.0000000,0
6958,Karachi,NULL,album,2001-01-01 00:00:00.0000000,0
6959,(I'd go) The Whole Wide World,NULL,compilation,2001-09-01 00:00:00.0000000,0
696,Above the Rain,NULL,album,2017-09-15 00:00:00.0000000,0
6960,Pop Rocks (Extended Disco Edit),NULL,album,2007-10-23 00:00:00.0000000,0
6961,Wings,NULL,album,2003-12-16 00:00:00.0000000,0
6962,Lost In Angels,NULL,album,2010-01-01 00:00:00.0000000,0
6963,Down On You,NULL,album,2006-01-01 00:00:00.0000000,0
6964,Na Tum Jaano Na Hum (Original Motion Picture Soundtrack),NULL,album,2002-12-31 00:00:00.0000000,0
6965,Mam'selle,NULL,album,2013-04-25 00:00:00.0000000,0
6966,Fine September,NULL,album,1995-01-01 00:00:00.0000000,0
6967,What's The Matter,NULL,album,1990-01-01 00:00:00.0000000,0
6968,Folsom Prison Blues - Live,NULL,album,1992-01-01 00:00:00.0000000,0
6969,Running Blind,NULL,compilation,2006-01-01 00:00:00.0000000,0
697,Because of You (Daz-I-Kue BB Boogie Mix),NULL,album,2017-07-07 00:00:00.0000000,0
6970,Ach Kai Na Borousa,NULL,album,2003-05-27 00:00:00.0000000,0
6971,Bangin' Beats V3 - Radio Mix,NULL,compilation,2012-05-29 00:00:00.0000000,0
6972,กลับมาเป็นเหมือนเดิมได้ไหม - เพลงประกอบละคร เกมร้าย เกมรัก,NULL,compilation,2013-02-28 00:00:00.0000000,0
6973,Aj Raci Ku Ne Draci,NULL,album,1999-01-01 00:00:00.0000000,0
6974,Ubik (The Dance) [feat. Martin Bettinghaus],NULL,album,2017-06-02 00:00:00.0000000,0
6975,Hands in My Pockets,NULL,compilation,2015-04-21 00:00:00.0000000,0
6976,"What I Say - Live at the Cellar Door, Washington, DC (2nd Set) - December 19, 1970",NULL,album,1970-12-19 00:00:00.0000000,0
6977,Zodiac,NULL,album,2015-04-15 00:00:00.0000000,0
6978,Good Feeling (Karaoke Instrumental Version) [In the Style of Flo Rida],NULL,album,2012-01-01 00:00:00.0000000,0
6979,Rahina II,NULL,album,1997-01-01 00:00:00.0000000,0
698,Beck & Call EP,NULL,single,2017-04-28 00:00:00.0000000,1
6980,"Violin Sonata in F Major, Op. 1, No. 9: I. Vivace",NULL,album,2014-02-01 00:00:00.0000000,0
6981,Çanakkale İçinde Aynalı Çarşı,NULL,album,2011-08-02 00:00:00.0000000,0
6982,When The Morning Comes - Bonus Track,NULL,album,2017-11-06 00:00:00.0000000,0
6983,The Christmas Song,NULL,album,1961-01-01 00:00:00.0000000,0
6984,Bolero,NULL,album,2007-05-08 00:00:00.0000000,0
6985,Vamos Pa'la Conga,NULL,album,2012-01-01 00:00:00.0000000,0
6986,Llego Su Padre - Live,NULL,album,2005-01-01 00:00:00.0000000,0
6987,Hart Mountain Suite,NULL,single,2018-07-15 00:00:00.0000000,0
6988,Saga,NULL,album,2009-12-08 00:00:00.0000000,20
6989,From Hood Surgeon To Curtis Young,NULL,album,2011-11-02 00:00:00.0000000,7
699,Niflheimur,NULL,album,2016-09-30 00:00:00.0000000,0
6990,Just Words,NULL,single,2020-10-30 00:00:00.0000000,31
6991,Australian Christmas Carols - Set 1: 4. The Three Drovers,NULL,compilation,2012-11-02 00:00:00.0000000,0
6992,Deviant,NULL,album,2020-01-31 00:00:00.0000000,11
6993,Lovefool,NULL,compilation,2008-07-21 00:00:00.0000000,0
6994,"Morning glory, starlit sky (Love's endeavour, Love's expense)",NULL,album,2007-10-15 00:00:00.0000000,0
6995,"Scottish Fantasy, Op. 46: I. Introduction. Grave - Adagio cantabile",NULL,album,1987-03-24 00:00:00.0000000,0
6996,March of the Interdimensional Strike Force,NULL,album,2017-03-03 00:00:00.0000000,0
6997,No Trouble,NULL,album,2006-04-13 00:00:00.0000000,0
6998,Une noix,NULL,compilation,2008-05-05 00:00:00.0000000,0
6999,Someone New,NULL,single,2015-09-04 00:00:00.0000000,0
7,Tema de Osi,NULL,album,2009-12-22 00:00:00.0000000,0
70,Kagoo,NULL,album,2009-11-13 00:00:00.0000000,0
700,Wet Dream (Live at Slo-Brew '94),NULL,album,2001-01-01 00:00:00.0000000,0
7000,Call It What You Want,NULL,album,2004-01-01 00:00:00.0000000,27
7001,Octopus (Backing Track) - Originally Performed By Syd Barrett,NULL,album,2011-04-19 00:00:00.0000000,0
7002,Folge 40: Der Galgenbaum im Jenseits,NULL,album,2020-12-04 00:00:00.0000000,26
7003,Risk It All - Original Mix,NULL,compilation,2016-09-02 00:00:00.0000000,0
7004,Memories,NULL,album,2017-01-19 00:00:00.0000000,0
7005,Things 2 Say - Original,NULL,compilation,2017-03-24 00:00:00.0000000,0
7006,La phase,NULL,album,2002-01-01 00:00:00.0000000,0
7007,"Воспоминание (Из к/ф ""Семнадцать мгновений весны"")",NULL,album,1965-01-01 00:00:00.0000000,0
7008,Creeps/Steam,NULL,single,2008-12-08 00:00:00.0000000,1
7009,Splendid Divine,NULL,album,2014-02-25 00:00:00.0000000,0
701,Shourch Bar Medley,NULL,compilation,1998-01-01 00:00:00.0000000,0
7010,Vampire By Jan Neruda,NULL,album,2012-07-05 00:00:00.0000000,0
7011,My Champion - Live,NULL,album,2017-09-08 00:00:00.0000000,0
7012,Thank Me Please ++,NULL,album,2003-01-01 00:00:00.0000000,0
7013,Tú Sólo Tú,NULL,album,1993-01-01 00:00:00.0000000,0
7014,Une Presence,NULL,compilation,1996-01-01 00:00:00.0000000,0
7015,Good Morning Midnight,NULL,album,2013-12-02 00:00:00.0000000,0
7016,"Themes From The Godfather, Romeo & Juliet, Jaws, Earthquake, Love Story, Summer of '42",NULL,album,1993-03-25 00:00:00.0000000,8
7017,Be Somebody,NULL,album,2010-11-09 00:00:00.0000000,0
7018,Bitter Taste (feat. Kaien Cruz),NULL,album,2017-07-28 00:00:00.0000000,0
7019,A Picture Of,NULL,album,2014-10-17 00:00:00.0000000,0
702,The Ballad Of Earl Grey And Chamomile,NULL,album,1998-01-01 00:00:00.0000000,0
7020,The Harvest,NULL,album,2012-01-01 00:00:00.0000000,0
7021,Hear Me Out,NULL,album,2015-02-13 00:00:00.0000000,0
7022,I Know,NULL,single,2017-05-20 00:00:00.0000000,0
7023,There Is a Green Hill,NULL,album,2015-10-15 00:00:00.0000000,0
7024,Bye Bye,NULL,album,2016-09-23 00:00:00.0000000,0
7025,Electric Soul,NULL,single,2021-03-12 00:00:00.0000000,19
7026,Piano Concerto In F Minor No. 2 Op. 21: Maestoso,NULL,compilation,2011-10-14 00:00:00.0000000,0
7027,Ishq Chupta Nahin,NULL,single,2005-02-25 00:00:00.0000000,0
7028,Surreal Estate: Compiled & Mixed by Ana Sia,NULL,compilation,2011-10-04 00:00:00.0000000,4
7029,Pakistan National Anthem,NULL,album,2015-07-10 00:00:00.0000000,0
703,Come On Back,NULL,album,2006-02-10 00:00:00.0000000,0
7030,"Swan Lake, Op.20, TH.12 / Act 1: No.2 Valse (Corps de Ballet)",NULL,compilation,2007-01-01 00:00:00.0000000,0
7031,Is It My Style,NULL,compilation,2007-09-25 00:00:00.0000000,0
7032,12 Etudes for Guitar: Etude No.7 in E major (Très animé - Moins),NULL,album,2009-01-01 00:00:00.0000000,0
7033,Donna Loves Jerry,NULL,album,2010-04-19 00:00:00.0000000,0
7034,Observations - Live,NULL,album,1994-09-23 00:00:00.0000000,0
7035,Tu Amor Es El canto Mio (feat. Maria Martha),NULL,album,2017-07-07 00:00:00.0000000,0
7036,The Lone Pistolero,NULL,album,2014-04-21 00:00:00.0000000,0
7037,The Morning Fog,NULL,album,1985-01-01 00:00:00.0000000,0
7038,Tu olvido,NULL,album,2001-06-21 00:00:00.0000000,0
7039,"Violin Sonatina in E major, Op. 80: II. Andantino",NULL,album,2000-01-01 00:00:00.0000000,0
704,Jean fouille pie fouille,NULL,album,2013-12-03 00:00:00.0000000,0
7040,Make Me No Grave,NULL,album,2009-01-20 00:00:00.0000000,0
7041,"Above the Law (feat. Slim Dunkin, Dukes Hazard)",NULL,album,2014-06-05 00:00:00.0000000,0
7042,The Patriot: Main Theme,NULL,album,2015-04-07 00:00:00.0000000,0
7043,Desert Calm,NULL,album,2007-01-23 00:00:00.0000000,0
7044,Spread Love (Richard Earnshaw “People’s” Classic Remix),NULL,album,2010-05-03 00:00:00.0000000,0
7045,A 16 ans,NULL,album,2014-01-01 00:00:00.0000000,0
7046,The Weight of Power,NULL,album,2011-05-26 00:00:00.0000000,0
7047,Sana dalawa ang puso ko,NULL,album,2008-07-18 00:00:00.0000000,0
7048,"Orff: Carmina Burana, Pt. 3, Cour d'amours: Dies, nox et omnia",NULL,album,1995-01-01 00:00:00.0000000,0
7049,No Way To Save It,NULL,album,2017-03-30 00:00:00.0000000,0
705,河内宙夢&イマジナリーフレンズ,NULL,album,2019-08-07 00:00:00.0000000,0
7050,Vakit Varken,NULL,album,1996-07-11 00:00:00.0000000,0
7051,Un Monde Fait Pour Nous,NULL,album,1988-01-01 00:00:00.0000000,0
7052,IV in This Bitch,NULL,album,2016-04-06 00:00:00.0000000,0
7053,Kick the Dust Up,NULL,album,2016-04-08 00:00:00.0000000,0
7054,Rawster,NULL,compilation,2015-01-09 00:00:00.0000000,0
7055,Fools (They Don‘t Know The Time),NULL,single,2004-07-19 00:00:00.0000000,0
7056,Goodbye MBK,NULL,album,2014-09-30 00:00:00.0000000,0
7057,What You Won't Do for Love - Belief System Mix,NULL,single,1998-01-01 00:00:00.0000000,0
7058,Lulaby,NULL,album,2013-11-04 00:00:00.0000000,0
7059,A Dense History,NULL,album,2008-01-01 00:00:00.0000000,0
706,Overcast City EP,NULL,single,2017-03-10 00:00:00.0000000,1
7060,"Minimal Préludes, Book II: Prélude No. 23 In F",NULL,album,2007-05-01 00:00:00.0000000,0
7061,Salvaje Nostalgia,NULL,single,2017-07-14 00:00:00.0000000,29
7062,"French Suite No.3 in B Minor, BWV 814: 1. Allemande",NULL,album,2017-06-30 00:00:00.0000000,0
7063,Today,NULL,album,2008-03-13 00:00:00.0000000,0
7064,Wir feiern den Pokal,NULL,album,2010-06-04 00:00:00.0000000,0
7065,This Is Me,NULL,album,2010-12-01 00:00:00.0000000,15
7066,Bushkin,NULL,album,2003-01-01 00:00:00.0000000,0
7067,Swan Lake Ballet Suite: Dance Of The Swans,NULL,single,2011-03-01 00:00:00.0000000,0
7068,Hero (Carey) (Karaoke Lead Vocal Demo) [In the Style of Mariah Carey],NULL,album,2008-02-10 00:00:00.0000000,0
7069,Cokeclap,NULL,album,2011-08-20 00:00:00.0000000,0
707,Glory Hallelujah,NULL,compilation,2008-01-01 00:00:00.0000000,0
7070,A Mighty Fortress,NULL,album,2015-12-21 00:00:00.0000000,0
7071,Winter - 2006 Remaster,NULL,compilation,2013-11-01 00:00:00.0000000,0
7072,Pride in Victory,NULL,album,2016-02-12 00:00:00.0000000,0
7073,15 Slow Mega Hits'98,NULL,compilation,1998-01-01 00:00:00.0000000,37
7074,Ariodante: Act 3. Recit: Così mi lascia il padre?,NULL,album,1996-01-01 00:00:00.0000000,0
7075,Jupiter Room - Erol Alkan's Simple yet Effective Edit,NULL,compilation,2015-06-14 00:00:00.0000000,0
7076,Jingle Bell Rockin' Around the Christmas Tree,NULL,album,2010-12-02 00:00:00.0000000,0
7077,Go Tell It On The Mountain,NULL,album,1993-01-01 00:00:00.0000000,0
7078,Coal Miner's Daughter,NULL,album,2007-12-25 00:00:00.0000000,0
7079,Kings Of Da Undaground,NULL,album,2004-08-27 00:00:00.0000000,0
708,Product of da Mud,NULL,album,2016-03-24 00:00:00.0000000,0
7080,"In A Sentimental Mood (feat. Paul Gill, David Hazeltine & Tony Reedus)",NULL,album,2001-01-01 00:00:00.0000000,0
7081,Absinthe My Love,NULL,album,2011-05-15 00:00:00.0000000,0
7082,"Yankin (feat. Kool John, Young Bari, Remedy)",NULL,single,2014-03-11 00:00:00.0000000,0
7083,Rodeado De Mujeres,NULL,album,2005-01-01 00:00:00.0000000,0
7084,The End,NULL,album,2013-04-25 00:00:00.0000000,0
7085,One Who Really Loves You,NULL,compilation,1962-01-01 00:00:00.0000000,0
7086,I Gotta Right To Sing The Blues,NULL,compilation,2011-03-10 00:00:00.0000000,0
7087,Don't Know Why,NULL,single,2018-04-18 00:00:00.0000000,29
7088,Breakin' Dishes - Soul Seekerz Remix,NULL,album,2008-01-01 00:00:00.0000000,0
7089,"Sweet Thing - Live at the Rainbow, London, UK - July 1973",NULL,album,2016-06-10 00:00:00.0000000,0
709,Pain Relief,NULL,compilation,2013-04-13 00:00:00.0000000,0
7090,Together,NULL,album,1978-03-18 00:00:00.0000000,0
7091,White Pine,NULL,album,2013-09-03 00:00:00.0000000,0
7092,Made in China,NULL,album,2012-10-01 00:00:00.0000000,23
7093,Я рождена для любви,NULL,compilation,2017-05-05 00:00:00.0000000,0
7094,Ode to LA - FarfetchD remix,NULL,album,2011-01-01 00:00:00.0000000,0
7095,Sand Castle,NULL,album,2015-11-06 00:00:00.0000000,0
7096,Jimmy Ruckus Must Be in Town,NULL,album,2009-09-07 00:00:00.0000000,0
7097,等待舞伴,NULL,album,1996-10-29 00:00:00.0000000,0
7098,Red Wine,NULL,album,2015-08-21 00:00:00.0000000,0
7099,Soothe My Soul (Remixes),NULL,single,2013-05-10 00:00:00.0000000,26
71,Se Acabó el Temblor,NULL,single,2019-11-04 00:00:00.0000000,36
710,Este Es el Rey,NULL,album,2014-09-08 00:00:00.0000000,0
7100,Snowdance,NULL,album,2008-01-01 00:00:00.0000000,0
7101,Touch Me (feat. Cassandra),NULL,compilation,2009-06-06 00:00:00.0000000,0
7102,El Capado,NULL,album,2002-04-23 00:00:00.0000000,0
7103,Red Hunting Jacket,NULL,album,2011-03-08 00:00:00.0000000,0
7104,Wounded Pride,NULL,album,2001-01-01 00:00:00.0000000,0
7105,Neon Lights (Acoustic),NULL,album,2014-02-19 00:00:00.0000000,0
7106,Dadiva,NULL,compilation,2012-10-02 00:00:00.0000000,0
7107,Swang,NULL,compilation,2014-09-12 00:00:00.0000000,0
7108,My Name is Randy (And I'm Awesome),NULL,album,2011-05-10 00:00:00.0000000,0
7109,Darksiders (Original Soundtrack - Directors Cut),NULL,album,2010-01-01 00:00:00.0000000,0
711,Jellyfish,NULL,album,2007-01-01 00:00:00.0000000,0
7110,Bir Dost Ararım,NULL,single,1969-01-01 00:00:00.0000000,0
7111,Los Pelos de Punta,NULL,album,2015-06-17 00:00:00.0000000,0
7112,Miéntele,NULL,album,2016-12-23 00:00:00.0000000,0
7113,Pure Grain Alcohol,NULL,album,2010-01-12 00:00:00.0000000,0
7114,Dynamite/Our God (feat. Aaron Encinas),NULL,album,2013-04-18 00:00:00.0000000,0
7115,Luke Perry Wears Sweatpants,NULL,album,1997-01-01 00:00:00.0000000,0
7116,Whiskey (Vomiting Words),NULL,album,2009-01-01 00:00:00.0000000,0
7117,Similar Sense,NULL,single,2011-03-03 00:00:00.0000000,0
7118,Best of My Love,NULL,album,2013-08-13 00:00:00.0000000,0
7119,Star 69,NULL,single,2000-11-06 00:00:00.0000000,0
712,Again,NULL,album,2009-01-20 00:00:00.0000000,0
7120,Natural Suction,NULL,album,2001-04-02 00:00:00.0000000,0
7121,Step Away,NULL,album,2010-04-10 00:00:00.0000000,0
7122,Fingerprint - Hakan Ludvigson Mix,NULL,compilation,2011-07-15 00:00:00.0000000,0
7123,Sri Sai Flora,NULL,single,2012-11-12 00:00:00.0000000,0
7124,Saint-Saens Carnival Of The Animals - Cuckoo In The Heart Of The Woods,NULL,compilation,1998-01-01 00:00:00.0000000,0
7125,In the Dark,NULL,compilation,2017-01-27 00:00:00.0000000,0
7126,Prayer,NULL,album,2003-04-08 00:00:00.0000000,0
7127,"Symphony No. 6 in F Major, Op. 68 ""Pastoral"": IV. Gewitter, Sturm (Thunderstorm): Allegro",NULL,album,2012-05-01 00:00:00.0000000,0
7128,World's Cry,NULL,album,2002-06-24 00:00:00.0000000,0
7129,Water // Chrome,NULL,album,2017-10-13 00:00:00.0000000,0
713,Worthy God,NULL,single,2009-09-01 00:00:00.0000000,0
7130,Eyesing the Blues,NULL,album,2008-03-04 00:00:00.0000000,0
7131,O tseligkas,NULL,compilation,1960-01-01 00:00:00.0000000,0
7132,Long Beach Island,NULL,album,2012-12-11 00:00:00.0000000,0
7133,Long Distance (feat. OlivierDaySoul),NULL,single,2010-04-20 00:00:00.0000000,0
7134,Look Away,NULL,single,2015-02-09 00:00:00.0000000,0
7135,Stockholm Syndrome,NULL,album,2007-05-09 00:00:00.0000000,0
7136,Cha-cha des égouttiers,NULL,album,2009-08-14 00:00:00.0000000,0
7137,I Only Believe,NULL,album,2012-04-24 00:00:00.0000000,0
7138,Run Tell Daddy,NULL,single,2016-06-03 00:00:00.0000000,0
7139,Lowlife,NULL,single,2013-02-14 00:00:00.0000000,0
714,Nannimonai Uta,NULL,album,2010-02-21 00:00:00.0000000,0
7140,"Danimma - From ""Oka Radha Iddaru Krishnulu""",NULL,album,2015-03-19 00:00:00.0000000,0
7141,China Cat/I Know You Rider,NULL,album,2006-06-15 00:00:00.0000000,0
7142,"Frank Ferko, O Vos Angeli",NULL,album,2000-06-06 00:00:00.0000000,0
7143,Prologue to Orango - Orchestrated by Gerard Mc Burney: 8. Allegro moderato,NULL,album,2012-01-01 00:00:00.0000000,0
7144,Amapola,NULL,album,2010-04-19 00:00:00.0000000,0
7145,Gangster Love Vol. 2,NULL,compilation,2005-01-01 00:00:00.0000000,14
7146,One Round Away,NULL,album,2010-04-12 00:00:00.0000000,0
7147,Summa Time,NULL,album,2015-06-29 00:00:00.0000000,0
7148,Can't Get You Out,NULL,album,2006-08-14 00:00:00.0000000,0
7149,Still In My Mind,NULL,album,2002-03-09 00:00:00.0000000,0
715,Final de Baile,NULL,single,2016-10-19 00:00:00.0000000,1
7150,I Am Cholo,NULL,album,1997-08-01 00:00:00.0000000,0
7151,Breathtaking Shimmer (Scary) [Horror],NULL,album,2013-10-01 00:00:00.0000000,0
7152,Que No Se Muera Mi Le Lo Lai - Single,NULL,single,2014-11-28 00:00:00.0000000,1
7153,Master of the Feast,NULL,album,2014-12-25 00:00:00.0000000,0
7154,Dance All Night - Edit,NULL,compilation,2016-05-06 00:00:00.0000000,0
7155,Letting Go (Cry Just A Little),NULL,compilation,2012-11-09 00:00:00.0000000,0
7156,Malinso Malinso,NULL,album,2015-07-05 00:00:00.0000000,0
7157,Money Talks,NULL,album,1987-01-01 00:00:00.0000000,24
7158,Like Woah,NULL,album,2017-05-12 00:00:00.0000000,0
7159,Chasing The Sun - Album Cut,NULL,album,2016-10-08 00:00:00.0000000,0
716,Morgan Delt,NULL,album,2014-01-27 00:00:00.0000000,31
7160,Prayed,NULL,album,2012-01-27 00:00:00.0000000,0
7161,I Fall In Love Too Easily,NULL,album,1997-01-01 00:00:00.0000000,0
7162,My Romance,NULL,album,2002-11-19 00:00:00.0000000,0
7163,Petrushka (1947 version): Tableau III: The Blackamoor,NULL,album,2005-03-01 00:00:00.0000000,0
7164,Nightlife Commando,NULL,album,2007-01-01 00:00:00.0000000,0
7165,That's My Desire - Overdub Version,NULL,compilation,2009-01-01 00:00:00.0000000,0
7166,What Is Soul? - BBC-Session Liz Kershaw 24/04/88,NULL,album,2007-01-01 00:00:00.0000000,0
7167,Paskong Puno Ng Kasiyahan - Instrumental,NULL,album,2012-01-01 00:00:00.0000000,0
7168,Bésame,NULL,album,2003-08-19 00:00:00.0000000,0
7169,Booby Trap,NULL,album,2008-06-24 00:00:00.0000000,0
717,Quimeras y Otras Realidades,NULL,album,2016-12-09 00:00:00.0000000,27
7170,Skit,NULL,album,2003-01-16 00:00:00.0000000,0
7171,Caucasian Dance,NULL,album,1989-01-01 00:00:00.0000000,0
7172,Silent Night,NULL,album,1990-01-01 00:00:00.0000000,0
7173,"Schumann: Carnaval, Op. 9: No. 14 Estrella",NULL,compilation,2010-05-14 00:00:00.0000000,0
7174,Caaalifornia - Quinten 909 Remix,NULL,compilation,2015-05-29 00:00:00.0000000,0
7175,Maldon (La Musique Dans La Peau),NULL,album,2009-11-17 00:00:00.0000000,0
7176,The Rob Report,NULL,album,2015-03-23 00:00:00.0000000,0
7177,Diem,NULL,album,2002-01-01 00:00:00.0000000,0
7178,Goodbye,NULL,album,2009-10-13 00:00:00.0000000,0
7179,Light Of The World,NULL,album,2003-07-08 00:00:00.0000000,0
718,The Beat Generation 10th Anniversary Presents: Marley Marl - Hummin',NULL,single,2001-01-01 00:00:00.0000000,0
7180,Karaoke - Jo Dee Messina,NULL,album,2011-11-09 00:00:00.0000000,0
7181,Invocatio,NULL,album,2001-05-14 00:00:00.0000000,0
7182,Quiti-Pun,NULL,album,2001-11-16 00:00:00.0000000,0
7183,Aprovecha Y Vete,NULL,album,2017-07-28 00:00:00.0000000,0
7184,The Wheels On the Bus,NULL,album,2011-03-08 00:00:00.0000000,15
7185,That’s My Burner Skit,NULL,album,2013-05-07 00:00:00.0000000,0
7186,Que No Pare,NULL,album,2013-05-18 00:00:00.0000000,0
7187,King Antichrist - Live in Buenos Aires 2006,NULL,album,2009-11-18 00:00:00.0000000,0
7188,Pure,NULL,single,2015-01-27 00:00:00.0000000,0
7189,Aurora,NULL,album,2010-09-08 00:00:00.0000000,0
719,Afternoon Delight,NULL,album,2012-12-25 00:00:00.0000000,0
7190,Kamli Hoye,NULL,compilation,2010-11-19 00:00:00.0000000,0
7191,"Sci Fi, Fantasy - Electronic Crystalline Energy Magic, Spells, Fantasy Accents & Glisses",NULL,album,2012-05-15 00:00:00.0000000,0
7192,I Know - Murat Kilic Remix,NULL,single,2013-11-01 00:00:00.0000000,0
7193,One Beautiful Evening,NULL,album,2009-03-24 00:00:00.0000000,0
7194,Running,NULL,album,2015-08-10 00:00:00.0000000,0
7195,Feliz Casa (Frankel's Rhodes Workout) - Mixed,NULL,album,2010-04-26 00:00:00.0000000,0
7196,Second Chance,NULL,album,2016-02-19 00:00:00.0000000,0
7197,Trap It,NULL,album,2017-02-10 00:00:00.0000000,0
7198,Old Time Something,NULL,album,2007-11-06 00:00:00.0000000,0
7199,Pop That Flow,NULL,album,2012-08-31 00:00:00.0000000,0
72,Wait Up,NULL,single,2017-10-09 00:00:00.0000000,0
720,On the Mic,NULL,album,2001-01-01 00:00:00.0000000,0
7200,When He Comes,NULL,album,1974-01-01 00:00:00.0000000,0
7201,Reflexo,NULL,album,2016-05-26 00:00:00.0000000,53
7202,The Horror,NULL,album,2014-07-11 00:00:00.0000000,0
7203,Rated R - Jump Smokers Remix Instrumental,NULL,single,2010-01-01 00:00:00.0000000,0
7204,Por Muchas Razones Te Quiero,NULL,album,2005-01-01 00:00:00.0000000,0
7205,There Is None Like You,NULL,album,2008-02-17 00:00:00.0000000,0
7206,Run Run Run,NULL,album,2012-04-16 00:00:00.0000000,0
7207,Mind Distorted - Radio Edit,NULL,compilation,2014-02-03 00:00:00.0000000,0
7208,Vola Vola - Version Album,NULL,album,2006-01-01 00:00:00.0000000,0
7209,The Bionic Woman- Main Title (feat. Dominik Hauser),NULL,album,2014-09-14 00:00:00.0000000,0
721,Chitarra Suona Più Piano - 2001 Remastered Version,NULL,album,1989-10-14 00:00:00.0000000,0
7210,Images pour Piano (Book 2): II. Et la lune descend sur le temple qui fût (And the Moon sets over the Ruined Temple),NULL,album,2012-11-06 00:00:00.0000000,0
7211,Always,NULL,album,2008-05-31 00:00:00.0000000,0
7212,Al Estilo Sinaloa,NULL,album,2008-01-01 00:00:00.0000000,0
7213,"Limelight (feat. Troy Ave, Reo Cragun & Roscoe Dash)",NULL,album,2016-05-13 00:00:00.0000000,0
7214,The Town I Loved So Well,NULL,album,2008-07-01 00:00:00.0000000,0
7215,Galaxy,NULL,album,2016-04-08 00:00:00.0000000,0
7216,起床歌,NULL,album,2008-01-04 00:00:00.0000000,0
7217,Music For My Room,NULL,album,2009-05-18 00:00:00.0000000,0
7218,La Cabane Du Pêcheur — Karaoké Avec Chant Témoin — Rendu Célèbre Par Francis Cabrel,NULL,album,2011-01-18 00:00:00.0000000,0
7219,O Come All Ye Faithful,NULL,album,2016-11-03 00:00:00.0000000,0
722,Maz,NULL,album,2010-12-06 00:00:00.0000000,0
7220,I Just Can't Help Myself,NULL,album,2014-10-17 00:00:00.0000000,0
7221,Sharon - Live,NULL,album,1999-01-01 00:00:00.0000000,0
7222,Skyfall,NULL,album,2013-09-26 00:00:00.0000000,0
7223,Cartoon Quick Buzz Raspberry,NULL,album,2011-05-12 00:00:00.0000000,0
7224,Clockwrx,NULL,compilation,2015-08-28 00:00:00.0000000,0
7225,Barbara Ellen,NULL,album,2010-10-26 00:00:00.0000000,0
7226,Summer Love Ghost,NULL,album,2015-10-22 00:00:00.0000000,0
7227,Transparency,NULL,single,2020-01-31 00:00:00.0000000,31
7228,Lonesome Train,NULL,album,2011-01-01 00:00:00.0000000,0
7229,Guilty,NULL,album,2006-01-01 00:00:00.0000000,0
723,Ya No Me Queda Nada - Cumbia,NULL,album,2007-04-05 00:00:00.0000000,0
7230,"Say Your Name, Dear Jane",NULL,album,2001-01-01 00:00:00.0000000,0
7231,Manhatta Beach March,NULL,album,2012-06-28 00:00:00.0000000,0
7232,Melancholie - Rumba,NULL,album,2011-07-27 00:00:00.0000000,0
7233,Love & Religion,NULL,album,2010-09-28 00:00:00.0000000,0
7234,Somebody's Watching,NULL,album,2013-03-18 00:00:00.0000000,0
7235,Piranha Rama,NULL,album,2018-07-20 00:00:00.0000000,5
7236,The Spectrum,NULL,album,2011-01-23 00:00:00.0000000,0
7237,Near You,NULL,album,2011-01-01 00:00:00.0000000,0
7238,Cold,NULL,album,2011-07-16 00:00:00.0000000,0
7239,Come What May (feat. Tony Neenan),NULL,album,2014-01-01 00:00:00.0000000,0
724,"Rock You - Live At The House Of Blues, Sunset Strip",NULL,album,2009-01-01 00:00:00.0000000,0
7240,Gani Ch Paro Ke Dil,NULL,compilation,1996-01-01 00:00:00.0000000,0
7241,Sensation (Rrose Remix) - mixed,NULL,album,2016-11-11 00:00:00.0000000,0
7242,Breakfast,NULL,album,2017-02-24 00:00:00.0000000,53
7243,Amr Diab,NULL,album,2015-02-24 00:00:00.0000000,0
7244,Life Of Uncertainty,NULL,album,2009-09-15 00:00:00.0000000,0
7245,The Pony Soldiers,NULL,compilation,2004-11-24 00:00:00.0000000,0
7246,Water from a Vine Leaf - Acid Bath Mix,NULL,compilation,2012-08-27 00:00:00.0000000,0
7247,El Columpio,NULL,album,2006-01-01 00:00:00.0000000,0
7248,"1816, The Year Without a Summer",NULL,album,2007-06-26 00:00:00.0000000,0
7249,Wishful Thinking,NULL,compilation,2009-01-26 00:00:00.0000000,0
725,The Last Stand (Track Commentary Version),NULL,album,2016-08-18 00:00:00.0000000,0
7250,"Nocturne No. 20 in C sharp minor, Op Post. - 1998 Digital Remaster; trans. Milstein",NULL,album,1998-01-01 00:00:00.0000000,0
7251,2016 Christmas Party Playlist Mix,NULL,compilation,2016-12-02 00:00:00.0000000,0
7252,Cycling Trivialities - Radio Edit,NULL,single,2008-12-09 00:00:00.0000000,0
7253,Nature's Got Away,NULL,album,2008-09-23 00:00:00.0000000,0
7254,Letter from Uncle (feat. Alex Santoriello),NULL,album,2015-07-16 00:00:00.0000000,0
7255,STYX007,NULL,compilation,2013-06-17 00:00:00.0000000,0
7256,Resurrection,NULL,album,2003-04-20 00:00:00.0000000,0
7257,Got Me Twisted (Hip Hop Beat),NULL,album,2017-10-13 00:00:00.0000000,0
7258,Bumpin,NULL,album,2010-05-13 00:00:00.0000000,0
7259,Vuelve a Mí,NULL,album,2017-04-21 00:00:00.0000000,0
726,I'll Still Love You - Original,NULL,compilation,2006-06-25 00:00:00.0000000,0
7260,Brincando el Ano - En Vivo,NULL,album,2016-01-29 00:00:00.0000000,0
7261,Spendin The Night - Moment For Life Freestyle,NULL,album,2012-01-23 00:00:00.0000000,0
7262,If Only There Was a River,NULL,album,2018-10-12 00:00:00.0000000,35
7263,The First Noel,NULL,album,2006-11-20 00:00:00.0000000,0
7264,Emerald,NULL,album,1992-09-18 00:00:00.0000000,0
7265,Auf wiederseh'n sweetheart,NULL,album,1947-01-01 00:00:00.0000000,0
7266,Funkadelic Stereo Adventures,NULL,album,2016-11-04 00:00:00.0000000,21
7267,The Ultimate Collection,NULL,compilation,1996-01-01 00:00:00.0000000,24
7268,Audio Anabolika (Premium Edition),NULL,album,2014-10-31 00:00:00.0000000,31
7269,Open Your Eyes Again,NULL,single,2010-11-05 00:00:00.0000000,1
727,Gi' Os Christiania Tilbage,NULL,album,2013-05-27 00:00:00.0000000,21
7270,Ooh Honey Babe,NULL,album,2013-01-29 00:00:00.0000000,0
7271,Sweeping the Clouds Away,NULL,album,2005-01-01 00:00:00.0000000,0
7272,Night of the Demon,NULL,album,2015-04-27 00:00:00.0000000,0
7273,Hard Trance Selection Vol.4,NULL,album,2009-07-19 00:00:00.0000000,0
7274,Disco samba,NULL,compilation,2013-06-14 00:00:00.0000000,0
7275,Remember You,NULL,album,1966-01-01 00:00:00.0000000,0
7276,My Name Is Darkness,NULL,album,2010-01-01 00:00:00.0000000,0
7277,#2 Hit Single,NULL,album,2015-03-03 00:00:00.0000000,0
7278,Kalas,NULL,compilation,2011-01-01 00:00:00.0000000,0
7279,Book I: Prelude and Fugue No. 15 in G Major BWV 860: I. Prelude,NULL,album,2014-10-14 00:00:00.0000000,0
728,The Spiral,NULL,album,2016-10-07 00:00:00.0000000,0
7280,O Christmas Tree,NULL,album,2008-07-15 00:00:00.0000000,0
7281,El Tabaco,NULL,album,2013-02-15 00:00:00.0000000,0
7282,Don't Let The Joneses Get You Down - Album Version (Stereo),NULL,compilation,2003-01-01 00:00:00.0000000,0
7283,Santa Claus Is Coming to Town,NULL,album,2014-11-06 00:00:00.0000000,0
7284,Sancta Maria,NULL,album,2008-01-01 00:00:00.0000000,0
7285,La Imagen De Malverde,NULL,compilation,2015-04-20 00:00:00.0000000,0
7286,Mala Copa,NULL,album,2009-06-01 00:00:00.0000000,0
7287,Piece en forme de habanera (arr. G. De Peyer),NULL,album,1987-05-01 00:00:00.0000000,0
7288,Me Duele - Remix,NULL,album,2009-08-21 00:00:00.0000000,0
7289,Closer To Love (Andy Harding Mix),NULL,single,2010-12-21 00:00:00.0000000,0
729,Trippin' (Intro),NULL,album,2015-01-29 00:00:00.0000000,0
7290,Arne Aano's Beste - Slepp Himlen I Sjela Di Inn,NULL,album,2009-03-11 00:00:00.0000000,13
7291,Jersey Jump Off,NULL,album,1945-01-01 00:00:00.0000000,0
7292,Please Don't Go,NULL,album,2014-03-03 00:00:00.0000000,0
7293,Drag the Hills,NULL,album,2010-10-19 00:00:00.0000000,0
7294,Hasta Aquí Te Fui Fiel,NULL,album,2009-01-01 00:00:00.0000000,0
7295,Trumpet Sonata No. 1 in C Major: II. Allegro,NULL,album,2006-04-01 00:00:00.0000000,0
7296,Serenata Huasteca,NULL,album,2000-01-01 00:00:00.0000000,0
7297,Believe Me,NULL,compilation,2012-03-01 00:00:00.0000000,0
7298,Milk (Live in Tokyo),NULL,album,2016-04-05 00:00:00.0000000,0
7299,"Hurry, Tuesday Child",NULL,compilation,2007-01-01 00:00:00.0000000,0
73,Surf City And Other Swingin' Cities,NULL,album,2010-01-01 00:00:00.0000000,47
730,Whistles And Kazoos,NULL,album,2009-03-24 00:00:00.0000000,0
7300,Butterfly - 1999 Remaster,NULL,album,1967-11-01 00:00:00.0000000,0
7301,Plastic City Radio Show Season Eight (Hosted by Youen & Patrick Podage),NULL,compilation,2021-01-22 00:00:00.0000000,29
7302,No Infirmary,NULL,album,2016-03-15 00:00:00.0000000,0
7303,Santa Claus Is Coming To Town,NULL,album,2011-08-26 00:00:00.0000000,0
7304,He Was Here - Instrumental,NULL,compilation,2001-01-01 00:00:00.0000000,0
7305,Ungarsk Dans Nr 5,NULL,album,2011-08-01 00:00:00.0000000,0
7306,Saturday Night Fever,NULL,compilation,2013-11-15 00:00:00.0000000,0
7307,Enrico Caruso: Legendary Recordings,NULL,album,2018-05-04 00:00:00.0000000,24
7308,Deep Sleep,NULL,album,2014-11-13 00:00:00.0000000,0
7309,[KICK] On 1,NULL,compilation,2016-09-23 00:00:00.0000000,0
731,'10' the Complete Collection 2002-2012 - (Part 1) : New Singles & Greatest Hits,NULL,compilation,2012-01-01 00:00:00.0000000,9
7310,Still Here II,NULL,single,2017-07-24 00:00:00.0000000,0
7311,Prabhu More Avgun Chit Na Dharo,NULL,album,2014-04-21 00:00:00.0000000,0
7312,Found Love,NULL,compilation,2010-06-15 00:00:00.0000000,0
7313,Sad si s' njim,NULL,album,2003-01-01 00:00:00.0000000,0
7314,Airlock,NULL,album,2007-11-02 00:00:00.0000000,0
7315,Last Night a DJ Saved My Life - Club Mix,NULL,compilation,2015-09-18 00:00:00.0000000,0
7316,Reel,NULL,album,2001-08-28 00:00:00.0000000,0
7317,Big River - Live,NULL,compilation,2011-09-28 00:00:00.0000000,0
7318,Rasta Salute,NULL,compilation,2011-07-17 00:00:00.0000000,0
7319,El Tigre,NULL,album,2014-05-23 00:00:00.0000000,0
732,One (Live),NULL,album,2015-09-20 00:00:00.0000000,18
7320,Here It Comes,NULL,single,2014-07-15 00:00:00.0000000,0
7321,Written in the Stars - Inverse Cinematics Vocal Remix,NULL,single,2005-04-04 00:00:00.0000000,0
7322,"12 Etudes d'exécution transcendante, S.139: No.11 Harmonies du soir (Andantino)",NULL,album,1997-01-01 00:00:00.0000000,0
7323,Cantata VII: Ad faciem (To the Face): Cum me jubes emigrare - Chorus,NULL,album,2010-04-01 00:00:00.0000000,0
7324,Sushumna,NULL,album,2014-06-23 00:00:00.0000000,0
7325,Ya No Te Quiero,NULL,album,1999-09-08 00:00:00.0000000,0
7326,Regime Killers 2001,NULL,album,2001-09-04 00:00:00.0000000,0
7327,Three Single Sounds Taken In Canon i,NULL,album,2013-02-01 00:00:00.0000000,0
7328,Floating World,NULL,album,2014-09-14 00:00:00.0000000,0
7329,State of Affairs,NULL,album,2012-03-20 00:00:00.0000000,0
733,Hope Within Hatred,NULL,album,2015-04-21 00:00:00.0000000,5
7330,Wolfman's Got Nards,NULL,album,2013-07-09 00:00:00.0000000,0
7331,Kyrat Untapped (feat. Nickatnyte),NULL,album,2015-10-09 00:00:00.0000000,0
7332,Kidz from Queens,NULL,album,2014-01-23 00:00:00.0000000,0
7333,Prince of Persia (Intro Theme),NULL,album,2015-10-26 00:00:00.0000000,0
7334,Mesh Oops,NULL,compilation,2016-01-12 00:00:00.0000000,0
7335,"Gia Đình Nhỏ, Hạnh Phúc To (My Family)",NULL,album,2015-01-10 00:00:00.0000000,28
7336,Spanish Castle Tango,NULL,compilation,2004-05-04 00:00:00.0000000,0
7337,Fun In The Sun,NULL,album,1993-01-01 00:00:00.0000000,0
7338,Gangbang Graduate,NULL,album,2014-10-13 00:00:00.0000000,3
7339,Felt Pull,NULL,album,2015-09-22 00:00:00.0000000,0
734,The Color Up in the Hills,NULL,album,2014-09-16 00:00:00.0000000,0
7340,"Konzertmusik Für Streichorchester Und Blechbläser, Op. 50: Part 1",NULL,album,2007-01-01 00:00:00.0000000,0
7341,Bird Call - Nightingale 1,NULL,album,2011-07-01 00:00:00.0000000,0
7342,Waviest (feat. Asco & Hypo),NULL,album,2011-08-12 00:00:00.0000000,0
7343,Infiel,NULL,album,2016-04-08 00:00:00.0000000,0
7344,La Cosita Famosa,NULL,album,2012-01-17 00:00:00.0000000,0
7345,Amazing Grace,NULL,album,2007-01-17 00:00:00.0000000,0
7346,What Them Girl Like,NULL,album,2009-10-31 00:00:00.0000000,0
7347,End Game,NULL,album,2011-03-29 00:00:00.0000000,0
7348,Get Down On It: Funky Soul Music,NULL,compilation,2012-12-14 00:00:00.0000000,31
7349,Moneda Sin Valor,NULL,album,1974-01-01 00:00:00.0000000,0
735,親親,NULL,album,2006-01-01 00:00:00.0000000,0
7350,Reduce Your Stress (Water Sound for Stress Relief),NULL,album,2014-11-26 00:00:00.0000000,0
7351,"Indian Givers, Cowboy Takers",NULL,album,2010-09-14 00:00:00.0000000,0
7352,Wrecking Ball,NULL,album,2014-01-01 00:00:00.0000000,0
7353,The Power in My Hands,NULL,album,2013-03-19 00:00:00.0000000,0
7354,Lika blå som dina ögon,NULL,album,2012-04-25 00:00:00.0000000,0
7355,All I Need Is One,NULL,album,2013-10-08 00:00:00.0000000,0
7356,The Tumblers,NULL,album,1987-01-01 00:00:00.0000000,0
7357,Ultramarine,NULL,album,2016-03-09 00:00:00.0000000,0
7358,Suerte Loca,NULL,album,2010-04-02 00:00:00.0000000,0
7359,Chloroformic,NULL,album,2014-11-14 00:00:00.0000000,0
736,Nest Battle,NULL,album,2013-05-24 00:00:00.0000000,0
7360,Close My Eyes,NULL,album,2008-09-10 00:00:00.0000000,0
7361,Jardin Clos,NULL,album,1983-01-01 00:00:00.0000000,22
7362,Master-Dik,NULL,album,1987-01-01 00:00:00.0000000,0
7363,Wenn die Wunderkerzen brennen,NULL,album,2016-01-26 00:00:00.0000000,0
7364,Sleigh Ride,NULL,album,2006-10-17 00:00:00.0000000,0
7365,neuron proper,NULL,album,2007-01-01 00:00:00.0000000,0
7366,Nessun Dorma,NULL,album,1994-01-01 00:00:00.0000000,0
7367,Bombay Mix,NULL,album,2013-01-01 00:00:00.0000000,0
7368,Sing (Reprise),NULL,album,2006-01-01 00:00:00.0000000,0
7369,Maldòn (La musique dans la peau),NULL,album,1989-01-01 00:00:00.0000000,49
737,Ya Se Va,NULL,album,2013-10-23 00:00:00.0000000,0
7370,Alice,NULL,album,2012-04-17 00:00:00.0000000,0
7371,Am Echad,NULL,album,2014-04-16 00:00:00.0000000,0
7372,The Night Thelonious Monk Played Paris (1969),NULL,compilation,2008-09-01 00:00:00.0000000,0
7373,Friends,NULL,single,2017-08-18 00:00:00.0000000,1
7374,Sideform Works - EP,NULL,single,2012-11-30 00:00:00.0000000,0
7375,Qualquer Bobagem,NULL,album,1970-01-01 00:00:00.0000000,0
7376,Orange Grove,NULL,album,2017-01-27 00:00:00.0000000,0
7377,Mantra,NULL,album,2010-01-01 00:00:00.0000000,0
7378,Marche Ecossaise,NULL,compilation,2010-05-01 00:00:00.0000000,0
7379,Imaginational Anthem Vol 2,NULL,compilation,2006-06-06 00:00:00.0000000,30
738,Meu Ex-amor / Deixa eu chorar,NULL,album,2007-01-01 00:00:00.0000000,0
7380,De Redrum Natura,NULL,album,2012-06-28 00:00:00.0000000,4
7381,Pining Moon - Death On the Balcony Remix,NULL,single,2014-03-07 00:00:00.0000000,0
7382,Christmas in July (feat. Joakim Karud),NULL,album,2016-07-26 00:00:00.0000000,0
7383,The Update,NULL,album,2012-02-01 00:00:00.0000000,0
7384,Coleman Hawkins And Henderson - Interview,NULL,album,1999-01-01 00:00:00.0000000,0
7385,Embraceable You,NULL,album,1997-01-01 00:00:00.0000000,0
7386,Laura,NULL,album,2014-04-14 00:00:00.0000000,0
7387,El Indio De Zacatecas,NULL,album,2014-03-24 00:00:00.0000000,0
7388,Torna a Surriento,NULL,compilation,1968-01-01 00:00:00.0000000,0
7389,Midsummer Night's Dream,NULL,album,2006-06-23 00:00:00.0000000,0
739,Everything We Lost,NULL,single,2014-04-28 00:00:00.0000000,2
7390,Treat Me Right,NULL,album,2010-01-01 00:00:00.0000000,0
7391,"Lyric Pieces, Book V, Op. 54: No. 6, Bell-Ringing",NULL,album,2010-01-01 00:00:00.0000000,0
7392,Drew's Famous Motor City Dance Party,NULL,album,2016-02-02 00:00:00.0000000,0
7393,"So Far, So Good",NULL,single,2010-10-10 00:00:00.0000000,0
7394,"54,74,90,2010 - Edit",NULL,album,2016-01-26 00:00:00.0000000,0
7395,Exactly Like You,NULL,album,2009-11-01 00:00:00.0000000,0
7396,JetLab,NULL,album,2015-01-19 00:00:00.0000000,0
7397,Hishadagner,NULL,album,2005-01-01 00:00:00.0000000,0
7398,Free You - Dub Mix,NULL,album,2012-10-08 00:00:00.0000000,0
7399,Don't Stop Believin',NULL,album,2014-12-16 00:00:00.0000000,0
74,Dangay Kotyo,NULL,album,2014-05-13 00:00:00.0000000,0
740,Wish Me Luck,NULL,album,2014-09-23 00:00:00.0000000,0
7400,Darkest Light,NULL,album,2008-05-05 00:00:00.0000000,0
7401,Homecoming: The Bluegrass Album,NULL,album,2010-01-01 00:00:00.0000000,16
7402,"Moments musicaux, Op. 16: No. 3 in B Minor: Andante cantabile",NULL,album,2015-02-03 00:00:00.0000000,0
7403,Portrait of A Journey,NULL,album,2000-01-01 00:00:00.0000000,0
7404,Jungle,NULL,album,2016-02-22 00:00:00.0000000,0
7405,Down & Dirty,NULL,album,2009-01-27 00:00:00.0000000,0
7406,Woodland Afternoon,NULL,album,2017-04-13 00:00:00.0000000,0
7407,Taxidi Sta Kythira,NULL,album,2016-05-06 00:00:00.0000000,0
7408,Serpentine,NULL,album,2017-10-20 00:00:00.0000000,2
7409,Health,NULL,single,2015-06-20 00:00:00.0000000,0
741,The Cause,NULL,album,1998-01-01 00:00:00.0000000,0
7410,Shekina,NULL,album,2013-01-07 00:00:00.0000000,0
7411,Move Me,NULL,album,2016-10-28 00:00:00.0000000,0
7412,"15 Hungarian Peasant Songs, Sz. 71: No. 4. 4 Old Tunes: Andante",NULL,album,2016-06-03 00:00:00.0000000,0
7413,Kings & Queens,NULL,album,1996-01-01 00:00:00.0000000,19
7414,Hidden Cameras,NULL,album,2013-02-01 00:00:00.0000000,0
7415,"Dire, Dire Docks (Super Mario 64)",NULL,album,2014-03-31 00:00:00.0000000,0
7416,Logo - Pig & Dan Mix Dub Mix,NULL,compilation,2013-03-21 00:00:00.0000000,0
7417,Footstompers,NULL,album,1995-04-10 00:00:00.0000000,0
7418,Ocean Light,NULL,album,2007-02-09 00:00:00.0000000,0
7419,I Go Raw,NULL,album,2010-02-23 00:00:00.0000000,0
742,Sweet Love,NULL,album,2007-01-21 00:00:00.0000000,0
7420,Sorry Is Just Too Late,NULL,album,2007-09-15 00:00:00.0000000,0
7421,I Don't Need,NULL,album,2013-07-05 00:00:00.0000000,0
7422,En mode avion,NULL,album,2016-06-24 00:00:00.0000000,0
7423,Aspirin for Bullets,NULL,album,2014-08-12 00:00:00.0000000,0
7424,Look For Me Babe,NULL,compilation,2009-07-07 00:00:00.0000000,0
7425,Mi Coche,NULL,album,2002-01-01 00:00:00.0000000,0
7426,Analogue Influence,NULL,album,2020-01-02 00:00:00.0000000,33
7427,Welcome To Miami,NULL,album,2012-02-14 00:00:00.0000000,0
7428,How I Wish It Would Rain,NULL,compilation,1992-01-01 00:00:00.0000000,0
7429,Les diamants sont solitaires,NULL,single,2002-03-25 00:00:00.0000000,0
743,Dust Ballad II - Ripperton's Stay Together Dub,NULL,compilation,2010-02-01 00:00:00.0000000,0
7430,Almost Home - Agoria Remix,NULL,single,2014-01-01 00:00:00.0000000,0
7431,Call Me,NULL,album,2012-02-16 00:00:00.0000000,0
7432,Patches,NULL,single,2016-05-01 00:00:00.0000000,0
7433,Cheater - Original Mix,NULL,compilation,2011-10-24 00:00:00.0000000,0
7434,U and I,NULL,album,2015-01-06 00:00:00.0000000,0
7435,You're Driving Me Crazy [Live],NULL,compilation,2013-06-10 00:00:00.0000000,0
7436,Great European Organs,NULL,compilation,2010-03-15 00:00:00.0000000,1
7437,Crocodile Rock,NULL,album,2007-02-20 00:00:00.0000000,0
7438,If Not for You,NULL,album,2015-06-26 00:00:00.0000000,0
7439,Z'ruck zu dir (Hallo Klaus),NULL,compilation,2011-09-05 00:00:00.0000000,0
744,Études: No. 18,NULL,album,2017-01-27 00:00:00.0000000,0
7440,Sylvan Elves,NULL,compilation,2013-10-09 00:00:00.0000000,0
7441,New Age Of Hell,NULL,album,2017-01-30 00:00:00.0000000,0
7442,Counterpoint - Renaissance Man Remix,NULL,single,2009-01-01 00:00:00.0000000,0
7443,Lo Esencial,NULL,album,2005-04-12 00:00:00.0000000,62
7444,Power - Live In Munich 2016,NULL,album,2016-06-10 00:00:00.0000000,0
7445,Tricks,NULL,album,2006-01-01 00:00:00.0000000,0
7446,Fool's Paradise - Live Version,NULL,album,1994-06-21 00:00:00.0000000,0
7447,Got What I Wanted,NULL,album,2013-11-19 00:00:00.0000000,0
7448,A Feet Maniac,NULL,album,1983-01-01 00:00:00.0000000,0
7449,Nervous Nitelife: Live From Mansion - FULL MIX,NULL,compilation,2011-06-06 00:00:00.0000000,0
745,Sing This Song to Free Your Soul,NULL,single,2021-02-01 00:00:00.0000000,7
7450,今晚夜,NULL,album,2001-07-24 00:00:00.0000000,0
7451,Silver Bells,NULL,compilation,2015-10-29 00:00:00.0000000,0
7452,Sweet Lorraine,NULL,album,2006-12-12 00:00:00.0000000,0
7453,Move the Clouds,NULL,album,2011-10-08 00:00:00.0000000,0
7454,Hariharaputram - Vasantha - Khanda Ekam,NULL,album,2016-09-09 00:00:00.0000000,0
7455,"Harmony House, Verse 1",NULL,album,2000-11-28 00:00:00.0000000,0
7456,L'Illusionniste,NULL,album,2015-11-06 00:00:00.0000000,0
7457,Cinnamon Love,NULL,album,2011-01-01 00:00:00.0000000,0
7458,Se Me Va la Vida,NULL,album,2006-08-08 00:00:00.0000000,0
7459,Goodbye - Live,NULL,album,2014-01-01 00:00:00.0000000,0
746,Roma,NULL,album,2013-10-27 00:00:00.0000000,0
7460,Now's the Time,NULL,compilation,2014-05-23 00:00:00.0000000,0
7461,Space Invaders - Original Mix,NULL,compilation,2014-03-28 00:00:00.0000000,0
7462,Keno,NULL,album,2011-10-14 00:00:00.0000000,0
7463,Harm Of Will - Live - Vespertine World Tour 2001,NULL,album,2003-01-01 00:00:00.0000000,0
7464,Seven Sense - Live Mix,NULL,compilation,2008-03-03 00:00:00.0000000,0
7465,Yo Soy la Salsa,NULL,album,2011-01-25 00:00:00.0000000,0
7466,The Brick,NULL,album,2007-04-24 00:00:00.0000000,0
7467,Commitment Of The Heart,NULL,album,1995-10-10 00:00:00.0000000,0
7468,La Gondoletta,NULL,album,2010-09-15 00:00:00.0000000,0
7469,"Harmony of Senses, Seven Chakras",NULL,album,2015-04-10 00:00:00.0000000,0
747,The Magnificient 7 - Vesion 1,NULL,album,2016-06-17 00:00:00.0000000,0
7470,Dreamworld - Original Mix,NULL,compilation,2014-05-28 00:00:00.0000000,0
7471,Que Bueno Baila Usted,NULL,compilation,1997-01-01 00:00:00.0000000,0
7472,Fear In Your Heart,NULL,album,1983-10-01 00:00:00.0000000,0
7473,Play that song,NULL,compilation,2017-01-17 00:00:00.0000000,0
7474,Get Your Ride On,NULL,album,2013-06-25 00:00:00.0000000,0
7475,Dans l'game,NULL,album,2011-03-14 00:00:00.0000000,0
7476,Salimos de Aquí - En Vivo,NULL,album,2015-10-09 00:00:00.0000000,0
7477,Johnny One Note,NULL,album,2016-04-01 00:00:00.0000000,0
7478,Stone cold heart,NULL,album,2009-01-01 00:00:00.0000000,0
7479,Out of My Head,NULL,album,2015-12-06 00:00:00.0000000,0
748,Gotta Shake That Thing,NULL,album,1992-01-01 00:00:00.0000000,0
7480,"Bizet: Scènes bohémiennes, WD 15 (from La jolie fille de Perth): II. Sérénade",NULL,album,2017-06-16 00:00:00.0000000,0
7481,Babylon,NULL,album,2009-10-27 00:00:00.0000000,0
7482,The Eagle Has Landed,NULL,single,2011-08-08 00:00:00.0000000,0
7483,Skip Counting,NULL,album,2006-06-01 00:00:00.0000000,0
7484,Barquito de Siete Velas,NULL,album,2003-01-01 00:00:00.0000000,0
7485,Noted Rider Blues - Remastered,NULL,album,2014-03-10 00:00:00.0000000,0
7486,Sandy's Body,NULL,album,2006-08-01 00:00:00.0000000,0
7487,Hustle or Go Broke Fed Radio Vol.2,NULL,album,2012-09-20 00:00:00.0000000,10
7488,White Christmas,NULL,compilation,1979-01-01 00:00:00.0000000,0
7489,Your Going To Live,NULL,album,2011-01-01 00:00:00.0000000,0
749,"Mozart: 9 Variations on Dezède's ""Lison dormait"" in C Major, K. 264",NULL,album,2009-03-23 00:00:00.0000000,0
7490,Intro Song,NULL,album,2009-02-13 00:00:00.0000000,0
7491,I Saw Him Standing There,NULL,compilation,2007-04-30 00:00:00.0000000,0
7492,Before the Ruin (Remastered),NULL,album,2014-06-29 00:00:00.0000000,24
7493,La Piscine,NULL,album,2015-12-18 00:00:00.0000000,0
7494,Spider Man,NULL,album,2009-06-01 00:00:00.0000000,0
7495,El Paso,NULL,album,2011-06-23 00:00:00.0000000,0
7496,"Violin Sonata in A Major, M. 8 (arr. for viola and piano): III. Recitativo - Fantasia: Ben moderato",NULL,album,1991-03-01 00:00:00.0000000,0
7497,Til' The End (C.A.L.I.),NULL,album,2005-12-13 00:00:00.0000000,0
7498,Yoga Zen Healing,NULL,album,2017-05-11 00:00:00.0000000,0
7499,Video Game,NULL,album,2012-04-21 00:00:00.0000000,0
75,"Mind, Body & Soul",NULL,album,2009-06-19 00:00:00.0000000,0
750,Arthur Capel,NULL,album,2009-01-01 00:00:00.0000000,0
7500,Cambia El Paso,NULL,compilation,2008-12-16 00:00:00.0000000,0
7501,New World Order,NULL,album,2011-09-30 00:00:00.0000000,0
7502,Sister Serene,NULL,album,2008-05-05 00:00:00.0000000,0
7503,Love for Sale: Love For Sale,NULL,album,2002-09-23 00:00:00.0000000,0
7504,"Rock-a-Billy Gal the Sun Years, plus",NULL,album,2013-06-28 00:00:00.0000000,0
7505,Cookys 4,NULL,compilation,2012-06-09 00:00:00.0000000,0
7506,力宏二十 二十周年唯一精選,NULL,album,2015-07-24 00:00:00.0000000,38
7507,Make Mine Sweet Vol. 2,NULL,single,1954-01-01 00:00:00.0000000,0
7508,Lute and Mandolin Lullaby,NULL,album,2009-09-21 00:00:00.0000000,0
7509,Thoughts Of You,NULL,compilation,1997-01-01 00:00:00.0000000,0
751,Canyon,NULL,album,2012-08-07 00:00:00.0000000,0
7510,Make A Way,NULL,album,2008-02-12 00:00:00.0000000,0
7511,Zen Meditation,NULL,album,2016-03-20 00:00:00.0000000,0
7512,Save Me From Myself,NULL,album,2006-01-01 00:00:00.0000000,0
7513,Young Americans,NULL,album,2012-10-03 00:00:00.0000000,0
7514,Fast Track,NULL,album,2015-03-05 00:00:00.0000000,0
7515,Es Mentiroso,NULL,compilation,2004-01-01 00:00:00.0000000,0
7516,Chuva Choo Choo 2.0,NULL,album,2015-01-01 00:00:00.0000000,0
7517,Paliopaido Tha Gino - Live,NULL,album,2004-01-01 00:00:00.0000000,0
7518,Going Round One More Time,NULL,album,2005-01-01 00:00:00.0000000,0
7519,O E O,NULL,album,2005-01-01 00:00:00.0000000,0
752,Share the Land,NULL,compilation,2010-10-26 00:00:00.0000000,0
7520,Ai Se Eu Te Pego,NULL,compilation,2014-07-03 00:00:00.0000000,0
7521,All On You,NULL,album,2011-01-10 00:00:00.0000000,0
7522,F**kin' Problems - Clean Mix,NULL,single,2013-03-04 00:00:00.0000000,0
7523,Comfortable Shoes,NULL,album,2012-04-10 00:00:00.0000000,0
7524,Coney Island - Acoustic,NULL,single,2009-02-24 00:00:00.0000000,0
7525,Stop by (feat. Tyrone Davis),NULL,album,2013-08-06 00:00:00.0000000,0
7526,"Power Remixed: 80's Rock Hits 3 (Dj Friendly, Full Length Mixes)",NULL,album,2010-05-09 00:00:00.0000000,7
7527,Shyne On,NULL,album,2005-04-26 00:00:00.0000000,0
7528,Juan IS Dead,NULL,album,2015-05-15 00:00:00.0000000,0
7529,Hush Little Baby (feat. Terry Woodford and Cindy Richardson & Terry Woodford and Cindy Richardson),NULL,album,1987-05-15 00:00:00.0000000,0
753,Party In My Tummy,NULL,album,2013-01-01 00:00:00.0000000,0
7530,Hope and the Heart It Breaks,NULL,album,2012-06-05 00:00:00.0000000,4
7531,The Calloway Boogie,NULL,compilation,2005-03-29 00:00:00.0000000,0
7532,Skyscraper,NULL,album,2012-09-18 00:00:00.0000000,0
7533,Tanny,NULL,compilation,2014-10-29 00:00:00.0000000,0
7534,Deepluxe - (saxy chillhouse mix),NULL,album,2009-08-14 00:00:00.0000000,0
7535,Around the Block,NULL,album,2008-01-01 00:00:00.0000000,0
7536,Futuristic,NULL,single,2011-09-12 00:00:00.0000000,3
7537,The Remote Part,NULL,album,2002-07-15 00:00:00.0000000,44
7538,True North,NULL,album,2013-09-30 00:00:00.0000000,0
7539,Symphony of Spheres,NULL,album,2012-04-03 00:00:00.0000000,2
754,Ambass,NULL,album,2005-01-04 00:00:00.0000000,0
7540,"Mahal Kita, Mahal Mo Siya, Mahal Niya ay Iba",NULL,album,2009-05-04 00:00:00.0000000,0
7541,Prelude,NULL,album,2006-02-09 00:00:00.0000000,0
7542,Telefonía,NULL,album,2017-09-22 00:00:00.0000000,0
7543,Juke Joint Slide,NULL,album,2003-11-18 00:00:00.0000000,0
7544,The Storm - Edit,NULL,compilation,2014-11-14 00:00:00.0000000,0
7545,Please Stay,NULL,album,1987-01-01 00:00:00.0000000,0
7546,"On This Day, The First of Days",NULL,album,2013-06-03 00:00:00.0000000,0
7547,Come on to Me (feat. Sean Paul),NULL,compilation,2014-11-21 00:00:00.0000000,0
7548,Blues At Sunrise,NULL,album,1988-01-01 00:00:00.0000000,14
7549,Devil Eyes,NULL,album,2014-05-06 00:00:00.0000000,0
755,"2:00 AM (From ""Animal Crossing: Wild World"")",NULL,album,2016-05-03 00:00:00.0000000,0
7550,I hear you (니가 들려),NULL,compilation,2015-09-30 00:00:00.0000000,0
7551,"Personal Space. Blood Groove & Kikis, Pt. 2 - Continuous DJ Mix",NULL,album,2013-09-03 00:00:00.0000000,0
7552,Epic Cinematic Trailer,NULL,album,2016-02-22 00:00:00.0000000,0
7553,Unclean,NULL,album,2014-01-07 00:00:00.0000000,0
7554,Vestido Nuevo,NULL,album,2010-10-04 00:00:00.0000000,0
7555,HÖR AV MIG,NULL,single,2017-06-02 00:00:00.0000000,0
7556,Drifting (feat. Fear Club),NULL,single,2014-12-10 00:00:00.0000000,0
7557,Closer To You,NULL,single,2013-12-09 00:00:00.0000000,0
7558,Son Dördün,NULL,compilation,2015-08-19 00:00:00.0000000,0
7559,"Concerto Grosso In F Minor, Op. 1, No. 8, ""Christmas"": I. Largo-grave-vivace",NULL,album,1991-11-20 00:00:00.0000000,0
756,Jérusalem / Act 3: Airs de Ballet No.4 Pas d'ensemble: Allegro,NULL,album,2012-01-01 00:00:00.0000000,0
7560,"Violin Sonata No. 2 in A Major, Op. 100: III. Allegro grazioso (quasi andante)",NULL,album,2011-03-01 00:00:00.0000000,0
7561,Plans,NULL,single,2016-07-15 00:00:00.0000000,0
7562,For All My Friends,NULL,album,1995-01-01 00:00:00.0000000,0
7563,Evolution/Mystery,NULL,single,2010-07-27 00:00:00.0000000,0
7564,Max Steiner: The Treasure Of The Sierra Madre,NULL,album,2000-11-11 00:00:00.0000000,6
7565,This Is All I Ask,NULL,compilation,1951-01-01 00:00:00.0000000,0
7566,Brown Eyes (Demo),NULL,compilation,1999-07-19 00:00:00.0000000,0
7567,"Divertimento in B-Flat Major, K. 240: I. Allegro",NULL,album,2016-07-01 00:00:00.0000000,0
7568,Hospital Beds,NULL,single,2009-04-07 00:00:00.0000000,0
7569,You Make Me Feel Brand Nu - Intro Reprised,NULL,compilation,2012-07-25 00:00:00.0000000,0
757,Off the Shore,NULL,single,2017-01-13 00:00:00.0000000,0
7570,"Nola, ""A Silhouette for Piano""",NULL,album,1990-01-01 00:00:00.0000000,0
7571,Driveway Blues,NULL,album,2003-04-07 00:00:00.0000000,0
7572,Hit My Heart 1am Groove,NULL,compilation,2012-07-20 00:00:00.0000000,0
7573,37 Semanas,NULL,album,2009-10-20 00:00:00.0000000,0
7574,My Flamingo,NULL,album,2014-06-23 00:00:00.0000000,0
7575,Factz vs Naledge,NULL,album,2016-02-23 00:00:00.0000000,0
7576,Maman les p'tits bateaux,NULL,album,2007-01-23 00:00:00.0000000,0
7577,Om Dattatreya: Journey to the West,NULL,album,2009-09-01 00:00:00.0000000,0
7578,Nothing To Lose,NULL,album,1958-01-01 00:00:00.0000000,0
7579,La Empaliza,NULL,compilation,2017-08-28 00:00:00.0000000,0
758,Looks Like I Picked The Wrong Day To Quit,NULL,single,2009-04-20 00:00:00.0000000,0
7580,Good Living,NULL,album,2017-09-01 00:00:00.0000000,0
7581,All Pain as Penance,NULL,album,2019-03-29 00:00:00.0000000,6
7582,"Piano Sonata No.17 In D Minor Op.31 No.2 ""Tempest"" 2. Adagio",NULL,album,2009-07-01 00:00:00.0000000,0
7583,Best of DSR Digital April,NULL,album,2012-07-04 00:00:00.0000000,2
7584,Signs Of The Times,NULL,album,2016-06-24 00:00:00.0000000,0
7585,A Fine Romance,NULL,album,2011-01-01 00:00:00.0000000,0
7586,Angel Band [1979],NULL,compilation,2008-01-29 00:00:00.0000000,0
7587,Looking For Love - Original Version,NULL,compilation,2013-01-01 00:00:00.0000000,0
7588,Crocodile Rock,NULL,album,2011-06-27 00:00:00.0000000,0
7589,What I'm Trying To Say - Pt. 2 / The Dears,NULL,album,2007-05-22 00:00:00.0000000,0
759,"All That Love, All That History",NULL,single,2015-12-15 00:00:00.0000000,0
7590,Live: Blow Your Face Out,NULL,album,1976-01-01 00:00:00.0000000,39
7591,The Only Thing - SevenDoors Remix,NULL,single,2016-02-08 00:00:00.0000000,0
7592,Dias de Ayer,NULL,album,2010-01-01 00:00:00.0000000,0
7593,"Who? (From ""Sunny"") - 1994 Remastered",NULL,compilation,1994-08-26 00:00:00.0000000,0
7594,18th Floor Balcony - Live in Texas/2007,NULL,album,2007-01-01 00:00:00.0000000,0
7595,Have Louie Will Travel,NULL,album,2004-01-01 00:00:00.0000000,32
7596,Bounce This - Original Mix,NULL,compilation,2013-12-09 00:00:00.0000000,0
7597,"La Bohème / Act 2: ""Beviam!""",NULL,album,1979-01-01 00:00:00.0000000,0
7598,Money,NULL,album,1991-01-01 00:00:00.0000000,0
7599,"Peer Gynt, Op.23 - Incidental Music: No.14. The thief and the receiver",NULL,album,2001-01-01 00:00:00.0000000,0
76,Seventy Cops,NULL,album,2002-01-01 00:00:00.0000000,0
760,"Frio, Frio",NULL,album,2005-01-01 00:00:00.0000000,0
7600,Bonhomme,NULL,album,2006-01-01 00:00:00.0000000,0
7601,Killed By Death,NULL,album,2005-01-01 00:00:00.0000000,0
7602,Como el Primer Dia,NULL,album,2011-05-20 00:00:00.0000000,0
7603,I'm Still Here,NULL,album,2003-01-01 00:00:00.0000000,0
7604,Goodbye Blue Sky,NULL,album,2009-09-10 00:00:00.0000000,0
7605,The Bluegrass Gospel Project (Live),NULL,album,2002-02-02 00:00:00.0000000,20
7606,Maybe - HQ2/Dynamix NYC Club Mix,NULL,compilation,2005-02-11 00:00:00.0000000,0
7607,Lose My Mind In the Style of The Wanted,NULL,album,2011-06-23 00:00:00.0000000,0
7608,Haven Called Heaven,NULL,album,2007-09-04 00:00:00.0000000,0
7609,Mighty To Save,NULL,album,2011-03-08 00:00:00.0000000,0
761,Dangerous Attraction,NULL,album,1987-06-01 00:00:00.0000000,34
7610,The Bride Of Frankenstein - Female Monster Music / Pastorale / Village/ Chase,NULL,album,1993-01-01 00:00:00.0000000,0
7611,Try Me,NULL,album,2015-03-23 00:00:00.0000000,0
7612,Wie ich heiß,NULL,album,2010-01-01 00:00:00.0000000,0
7613,Artifacts In Motion,NULL,album,2009-11-23 00:00:00.0000000,19
7614,Stravinsky: Octet for Wind Instrument,NULL,single,1947-01-01 00:00:00.0000000,1
7615,Tus Mentiras,NULL,album,2013-05-28 00:00:00.0000000,0
7616,La Última Muñeca,NULL,album,1999-01-01 00:00:00.0000000,0
7617,You and You Alone,NULL,album,2009-01-01 00:00:00.0000000,0
7618,The Piano: The Heart Asks Pleasure First,NULL,album,2011-03-11 00:00:00.0000000,0
7619,Hardstyle Top 100 Best Of 2015,NULL,compilation,2015-10-23 00:00:00.0000000,31
762,Ahora,NULL,album,2004-01-01 00:00:00.0000000,0
7620,Mungolian Jetset presents Knights Of Jumungus: The Dark Incal,NULL,album,2012-08-20 00:00:00.0000000,0
7621,Añoranzas,NULL,album,2016-06-06 00:00:00.0000000,0
7622,Jungle,NULL,album,2013-07-13 00:00:00.0000000,0
7623,Afterclub - Riva Starr Remix,NULL,compilation,2011-01-28 00:00:00.0000000,0
7624,Makin It Known,NULL,album,2008-01-01 00:00:00.0000000,0
7625,"You're My Heart, You're My Soul",NULL,compilation,2016-10-07 00:00:00.0000000,0
7626,If You Could Read My Mind [In the Style of Gordon Lightfoot] {Karaoke Version},NULL,album,2011-04-26 00:00:00.0000000,0
7627,When I Fall,NULL,album,2010-09-10 00:00:00.0000000,0
7628,Ay mamasita,NULL,album,1999-01-01 00:00:00.0000000,0
7629,Sweet Spring,NULL,album,2012-10-31 00:00:00.0000000,0
763,Goblins!,NULL,album,2011-12-30 00:00:00.0000000,0
7630,La mer: No. 2. Jeux de vagues,NULL,album,2003-01-01 00:00:00.0000000,0
7631,Rags: The New American Musical: Nothing Will Hurt Us Again,NULL,album,1991-06-18 00:00:00.0000000,0
7632,White Noise: Water Birds,NULL,album,2015-05-05 00:00:00.0000000,0
7633,Será,NULL,album,2008-01-01 00:00:00.0000000,0
7634,Kitsch Tango,NULL,album,2014-05-11 00:00:00.0000000,0
7635,07,NULL,compilation,2016-06-23 00:00:00.0000000,0
7636,12 Bar Blues Shuffle in D (86 BPM B&D Backing Track),NULL,album,2016-10-07 00:00:00.0000000,0
7637,Be Bop,NULL,album,1998-01-01 00:00:00.0000000,0
7638,Summertime,NULL,compilation,2002-06-18 00:00:00.0000000,0
7639,Vinnie Colaiuta,NULL,album,1994-01-01 00:00:00.0000000,24
764,ReggaeBoyz Sound - Anthony Cruz - Jugglin Mix,NULL,album,2011-02-14 00:00:00.0000000,0
7640,Who's That Chick?,NULL,album,2012-08-12 00:00:00.0000000,0
7641,Soma,NULL,album,1992-01-01 00:00:00.0000000,0
7642,Rock N Roll Soldiers,NULL,album,2003-01-01 00:00:00.0000000,0
7643,Pandora 판도라,NULL,album,2013-10-23 00:00:00.0000000,0
7644,"Bach, J.S.: Well-Tempered Clavier (The), Books 1 and 2",NULL,album,1996-01-01 00:00:00.0000000,0
7645,Prologue,NULL,album,2007-07-18 00:00:00.0000000,0
7646,Your Presence Is Enough,NULL,album,2009-09-24 00:00:00.0000000,0
7647,Hungry Tango,NULL,album,2015-01-01 00:00:00.0000000,0
7648,Kind Hearted Woman Blues,NULL,compilation,1990-01-01 00:00:00.0000000,0
7649,Smokey Places,NULL,album,2010-09-06 00:00:00.0000000,0
765,Angora,NULL,album,2014-01-01 00:00:00.0000000,0
7650,"Salsa Hits, Vol. 1",NULL,compilation,2005-06-05 00:00:00.0000000,0
7651,Mozart: Don Giovanni,NULL,album,1967-08-01 00:00:00.0000000,12
7652,September song,NULL,album,2012-12-04 00:00:00.0000000,0
7653,Hot Rod,NULL,album,2009-09-11 00:00:00.0000000,0
7654,Tarde Tinta,NULL,album,2016-12-02 00:00:00.0000000,5
7655,China Girl,NULL,album,2011-07-01 00:00:00.0000000,0
7656,"Don't Come the Cowboy With Me, Sonny Jim! - 2005 Remastered Version",NULL,compilation,2013-02-18 00:00:00.0000000,0
7657,Merciless Artillery,NULL,album,2018-03-09 00:00:00.0000000,16
7658,Unwound (Remixes),NULL,album,2013-04-08 00:00:00.0000000,0
7659,There There,NULL,album,2014-09-12 00:00:00.0000000,0
766,We Are the Champions (Piano Version),NULL,single,2015-03-30 00:00:00.0000000,12
7660,Breathe - Johannes Gemuerr Remix,NULL,compilation,2013-01-18 00:00:00.0000000,0
7661,Ou Fe Moun Mal,NULL,album,2014-10-14 00:00:00.0000000,0
7662,San-Ho-Zay,NULL,album,1968-08-04 00:00:00.0000000,0
7663,A Fresh Slice,NULL,album,2013-11-25 00:00:00.0000000,0
7664,Hattuba,NULL,album,2013-01-01 00:00:00.0000000,0
7665,Démons (La frustration) [feat. Laylow],NULL,single,2020-11-18 00:00:00.0000000,45
7666,Concept,NULL,single,2015-08-03 00:00:00.0000000,0
7667,Hope Dealer (feat. Future),NULL,album,2015-07-03 00:00:00.0000000,0
7668,Picky,NULL,album,2016-04-16 00:00:00.0000000,0
7669,Aşk Yolcu,NULL,album,2005-02-24 00:00:00.0000000,0
767,Linda Chaparrita,NULL,compilation,2010-11-01 00:00:00.0000000,0
7670,转动,NULL,album,2011-09-16 00:00:00.0000000,0
7671,Escape from Division Street,NULL,album,2013-03-04 00:00:00.0000000,0
7672,Everything In Between,NULL,compilation,2004-08-03 00:00:00.0000000,0
7673,Puesto en Calle,NULL,album,2017-10-20 00:00:00.0000000,0
7674,No Es País para Viejos,NULL,single,2021-03-23 00:00:00.0000000,37
7675,El Nino,NULL,compilation,2000-01-01 00:00:00.0000000,0
7676,"Haydn : Symphony No.31 in D major, 'Hornsignal' : IV Moderato molto - Presto",NULL,album,1994-03-01 00:00:00.0000000,0
7677,Carol of the Bells (Ukrainian Bell Carol),NULL,album,2015-11-06 00:00:00.0000000,0
7678,Sweet Maxine,NULL,compilation,2012-02-07 00:00:00.0000000,0
7679,先知先覺 (劇集「施公奇案」主題曲),NULL,single,2006-08-16 00:00:00.0000000,4
768,The One,NULL,album,2007-08-29 00:00:00.0000000,0
7680,Hypnotized,NULL,album,2015-01-11 00:00:00.0000000,0
7681,Boring Beautiful,NULL,album,2012-03-30 00:00:00.0000000,0
7682,Barcarolle (From The Tales Of Hoffman),NULL,album,1993-01-01 00:00:00.0000000,0
7683,테헤란로 114길 11,NULL,compilation,2014-07-10 00:00:00.0000000,0
7684,"Symphony No. 99 in E-Flat Major, Hob. I:99: III. Menuetto e trio: Allegretto",NULL,album,2014-06-30 00:00:00.0000000,0
7685,Last Dive,NULL,album,2016-03-11 00:00:00.0000000,0
7686,Love the Dread,NULL,album,1979-01-01 00:00:00.0000000,0
7687,Tribe Drums Remixes 2nd Pack,NULL,single,2015-01-16 00:00:00.0000000,1
7688,Ave Maria - By Ruth Cunningham,NULL,album,2005-01-17 00:00:00.0000000,0
7689,Dayereha,NULL,single,2011-01-01 00:00:00.0000000,11
769,Nightwaves,NULL,single,2008-03-13 00:00:00.0000000,0
7690,The Rakes Of Clonmel / The Trip To The Cottage,NULL,album,2006-05-02 00:00:00.0000000,0
7691,I Will Survive,NULL,album,2013-09-30 00:00:00.0000000,0
7692,Come On,NULL,album,2011-02-20 00:00:00.0000000,0
7693,What's My Name,NULL,album,2015-10-02 00:00:00.0000000,0
7694,Benijo,NULL,album,2012-05-01 00:00:00.0000000,0
7695,Marcus Trumpped Again,NULL,album,2006-01-01 00:00:00.0000000,0
7696,Shake - Smoking Area Mix,NULL,compilation,2009-01-01 00:00:00.0000000,0
7697,Carmina Burana - O Fortuna,NULL,album,2014-09-16 00:00:00.0000000,0
7698,Marching On,NULL,album,2016-04-22 00:00:00.0000000,0
7699,Up On the House Top,NULL,compilation,2011-12-13 00:00:00.0000000,0
77,El Viejo del Sombrerón,NULL,compilation,1965-01-01 00:00:00.0000000,0
770,Penalty,NULL,compilation,2006-01-01 00:00:00.0000000,0
7700,Come in on a Wing and a Prayer,NULL,compilation,2015-03-24 00:00:00.0000000,0
7701,"Don't Be Fooled (Parody of ""Don't Be Cruel"" By Elvis Presley)",NULL,album,2010-12-08 00:00:00.0000000,0
7702,Comin' to Your City,NULL,album,2005-11-15 00:00:00.0000000,48
7703,Make You Feel My Love,NULL,album,2014-04-22 00:00:00.0000000,0
7704,My Generation - Live,NULL,album,1996-10-29 00:00:00.0000000,0
7705,Because You're Mine,NULL,album,1984-08-01 00:00:00.0000000,0
7706,Rock Collection 80,NULL,album,2011-05-02 00:00:00.0000000,5
7707,We Are Young (Extended Dance Remix),NULL,album,2016-07-08 00:00:00.0000000,0
7708,Mean Cruel Woman - 2002 Remaster,NULL,compilation,2012-01-01 00:00:00.0000000,0
7709,Star Sailor,NULL,album,2017-08-25 00:00:00.0000000,0
771,Sound Off,NULL,album,2009-05-25 00:00:00.0000000,0
7710,Whatever Happens - Original Mix,NULL,compilation,2015-02-09 00:00:00.0000000,0
7711,Animals,NULL,album,2014-10-22 00:00:00.0000000,0
7712,Begin The Beguine,NULL,album,2002-01-01 00:00:00.0000000,0
7713,Agon: Prelude,NULL,album,2005-05-01 00:00:00.0000000,0
7714,A-TEEN Part.4,NULL,single,2018-09-16 00:00:00.0000000,43
7715,Never Seeing the Ground for the Sky,NULL,album,2001-01-01 00:00:00.0000000,0
7716,Batman (Dark Knight Molossus Version),NULL,album,2012-08-17 00:00:00.0000000,0
7717,Pasion,NULL,album,2003-11-14 00:00:00.0000000,0
7718,Rejoice,NULL,single,2016-11-24 00:00:00.0000000,0
7719,What I'm On,NULL,single,2019-11-21 00:00:00.0000000,16
772,Shake Your Moneymaker,NULL,compilation,1998-11-17 00:00:00.0000000,0
7720,Hopeless,NULL,album,2014-04-22 00:00:00.0000000,0
7721,You Are the One,NULL,album,2014-10-09 00:00:00.0000000,0
7722,And 1,NULL,album,2009-04-07 00:00:00.0000000,0
7723,I Don't Speak Spanish,NULL,album,2012-01-01 00:00:00.0000000,0
7724,Небеса,NULL,album,2007-01-01 00:00:00.0000000,21
7725,"ДДТ. Лучшее, Часть 1",NULL,album,2014-12-02 00:00:00.0000000,0
7726,Lonesome Woman Blues,NULL,compilation,2011-05-03 00:00:00.0000000,0
7727,Your Arrival,NULL,album,2011-10-14 00:00:00.0000000,0
7728,Once Among the Trees,NULL,album,1969-01-01 00:00:00.0000000,0
7729,There Is a Fountain,NULL,album,2007-01-01 00:00:00.0000000,0
773,Calming Touch,NULL,album,2005-10-31 00:00:00.0000000,0
7730,2B'z | 3:30AM (feat. Queezy),NULL,album,2014-07-23 00:00:00.0000000,0
7731,Green Mountains and Me,NULL,album,2009-04-21 00:00:00.0000000,0
7732,Sarah's Waltz (as heard in The Muse),NULL,compilation,2008-01-01 00:00:00.0000000,0
7733,Farruca,NULL,single,2003-01-01 00:00:00.0000000,0
7734,Gray Goose,NULL,album,1997-01-01 00:00:00.0000000,0
7735,Nothin' on You,NULL,compilation,2017-07-05 00:00:00.0000000,0
7736,Obsidian,NULL,album,2017-05-26 00:00:00.0000000,0
7737,J. Brahms,NULL,album,2006-11-15 00:00:00.0000000,0
7738,Prueba Superada,NULL,album,2016-09-02 00:00:00.0000000,0
7739,Reach Out EP,NULL,single,2012-01-02 00:00:00.0000000,0
774,Past Present and Future,NULL,album,2016-04-19 00:00:00.0000000,0
7740,Frozen Feelings,NULL,album,2016-02-19 00:00:00.0000000,0
7741,Dont Touch Me There,NULL,album,1989-01-01 00:00:00.0000000,21
7742,Simply Shreveport,NULL,album,2001-01-01 00:00:00.0000000,0
7743,Higher,NULL,album,2016-05-04 00:00:00.0000000,0
7744,Emotional,NULL,album,2005-01-01 00:00:00.0000000,0
7745,Black Rain,NULL,album,2015-10-09 00:00:00.0000000,0
7746,Friction,NULL,album,2012-01-10 00:00:00.0000000,0
7747,Dracula 2000 - Music From The Dimension Motion Picture,NULL,album,2000-12-04 00:00:00.0000000,26
7748,Gekirin,NULL,album,2015-06-03 00:00:00.0000000,0
7749,Somewhere the City Lights Leave Us Blind,NULL,album,2015-12-04 00:00:00.0000000,0
775,Very Fresh 2: Audio Overload,NULL,album,2012-11-01 00:00:00.0000000,12
7750,Healing Nature,NULL,single,2019-03-09 00:00:00.0000000,15
7751,Matz-Ztefanz med Lailaz - Volym 1,NULL,album,1997-01-01 00:00:00.0000000,21
7752,Ridin' The Hook,NULL,album,2009-10-29 00:00:00.0000000,0
7753,Kommotion,NULL,album,2011-04-01 00:00:00.0000000,0
7754,Brick Dogs Ala Carte,NULL,album,2009-01-01 00:00:00.0000000,0
7755,HEL,NULL,album,2020-09-15 00:00:00.0000000,42
7756,Don't Know Where I'm Going,NULL,album,2012-12-11 00:00:00.0000000,0
7757,"Madrigal Libro 9: No. 1, Et ella ancide",NULL,album,2011-10-14 00:00:00.0000000,0
7758,"Girl Crazy, Act I: I got rhythm (arr. E. Wild)",NULL,album,2012-10-02 00:00:00.0000000,0
7759,Songs From The Material World (Tribute To George Harrison),NULL,compilation,2003-02-25 00:00:00.0000000,0
776,Thin,NULL,album,2017-02-10 00:00:00.0000000,47
7760,I'm Wonderin' Who,NULL,album,1990-02-28 00:00:00.0000000,0
7761,Bossin,NULL,compilation,2011-08-16 00:00:00.0000000,0
7762,I Feel Fine,NULL,album,1996-06-01 00:00:00.0000000,0
7763,Point Of View (EFL117),NULL,compilation,2017-02-21 00:00:00.0000000,0
7764,Someone Pull Me Out,NULL,album,2012-09-02 00:00:00.0000000,0
7765,Will To War,NULL,album,2009-03-14 00:00:00.0000000,0
7766,Do You Ever Fool Around,NULL,album,1999-05-30 00:00:00.0000000,0
7767,Nobody Knows You When You Are Down and Out,NULL,compilation,2015-01-20 00:00:00.0000000,0
7768,Maps - LIve at the Fillmore,NULL,single,2004-01-01 00:00:00.0000000,0
7769,Danza N. 5 (Andaluza) (Granados),NULL,album,2006-07-04 00:00:00.0000000,0
777,Rabiosa (Originally Performed by Shakira) - Original,NULL,album,2011-10-28 00:00:00.0000000,0
7770,The Complete Commodore Recordings,NULL,album,1997-01-28 00:00:00.0000000,47
7771,Between the Lines (Karaoke Version With Background Vocals) - Originally Performed By Stone Temple Pilots,NULL,album,2013-06-21 00:00:00.0000000,0
7772,The Art of Making Fire,NULL,album,1997-01-01 00:00:00.0000000,4
7773,Areh Areh,NULL,album,2017-03-17 00:00:00.0000000,0
7774,The Animal Alphabet,NULL,album,2006-03-01 00:00:00.0000000,0
7775,Oh Lordy Save My Soul,NULL,album,1989-01-01 00:00:00.0000000,0
7776,Schumann: Wehmut,NULL,album,2009-01-01 00:00:00.0000000,0
7777,Living the Life,NULL,album,2014-01-10 00:00:00.0000000,0
7778,Away,NULL,compilation,2010-12-16 00:00:00.0000000,0
7779,Enemies,NULL,album,2008-01-01 00:00:00.0000000,0
778,Whisper Not (Remastered),NULL,compilation,2015-04-30 00:00:00.0000000,0
7780,Variation 6,NULL,album,2015-10-02 00:00:00.0000000,0
7781,Jersey Finger,NULL,album,2010-01-01 00:00:00.0000000,1
7782,Wabash Cannon Ball,NULL,compilation,2008-05-05 00:00:00.0000000,0
7783,Habitual (Skit) [feat. Sypreme],NULL,album,2013-11-05 00:00:00.0000000,0
7784,Evolution,NULL,album,2017-05-12 00:00:00.0000000,0
7785,Clear Your Mind,NULL,album,2015-02-17 00:00:00.0000000,13
7786,Where Eagles Dare,NULL,album,2017-10-13 00:00:00.0000000,0
7787,Carole,NULL,album,2010-11-15 00:00:00.0000000,0
7788,Intro,NULL,album,2001-01-01 00:00:00.0000000,0
7789,Cotton Tail,NULL,compilation,2007-01-01 00:00:00.0000000,0
779,Smile,NULL,album,2011-01-21 00:00:00.0000000,0
7790,Andromeda Bleeding,NULL,album,2012-01-01 00:00:00.0000000,0
7791,Etapes ensoleillées de ma vie,NULL,compilation,2009-12-26 00:00:00.0000000,0
7792,Reventón Tropical Puros Éxitos De..Grupo Amigo,NULL,album,2008-08-18 00:00:00.0000000,13
7793,Centurion - Ayana Blume Remix,NULL,single,2015-11-20 00:00:00.0000000,0
7794,Been Too Long on the Road - Single Version,NULL,album,2014-02-28 00:00:00.0000000,0
7795,Hate It Or Love It / Sexual Healing,NULL,compilation,2010-01-07 00:00:00.0000000,0
7796,Waiting For The Right Time,NULL,compilation,2010-01-01 00:00:00.0000000,0
7797,I Can See The Sun In Late December,NULL,compilation,2016-09-23 00:00:00.0000000,0
7798,Caught by the Tide,NULL,album,2014-01-01 00:00:00.0000000,0
7799,Like a Star - John Rivas Remix,NULL,single,2015-12-04 00:00:00.0000000,0
78,Kaleidoscope Clouds (Main Sequence Star Remix),NULL,album,2015-12-15 00:00:00.0000000,0
780,Intro,NULL,album,2005-06-28 00:00:00.0000000,0
7800,Man Made Machine,NULL,album,2012-04-13 00:00:00.0000000,8
7801,Ariodante: Act 1. Overture: Allegro,NULL,album,1996-01-01 00:00:00.0000000,0
7802,Real Love - Fish&Chips Remix,NULL,single,2008-03-20 00:00:00.0000000,0
7803,Little Birds,NULL,album,2003-01-01 00:00:00.0000000,0
7804,Dieci cento mille - Remastered 2015,NULL,album,2015-03-18 00:00:00.0000000,0
7805,The England Players' Playlist: The Road To Brazil,NULL,compilation,2014-01-01 00:00:00.0000000,26
7806,Weckruf,NULL,album,2001-04-02 00:00:00.0000000,0
7807,Amores Con Trampa,NULL,album,2017-09-08 00:00:00.0000000,0
7808,House Nation Anthem - Original Mix,NULL,compilation,2011-07-12 00:00:00.0000000,0
7809,Jar Of Pennies,NULL,album,2001-10-20 00:00:00.0000000,0
781,Con Mucho Swing,NULL,album,1997-03-13 00:00:00.0000000,54
7810,Minor Complications,NULL,album,2013-08-01 00:00:00.0000000,0
7811,Capriolen,NULL,album,1994-09-05 00:00:00.0000000,0
7812,Reggae On The River Live,NULL,compilation,2006-01-01 00:00:00.0000000,0
7813,Miracle Mile,NULL,album,1997-01-01 00:00:00.0000000,0
7814,Every Breath You Take,NULL,album,2016-06-15 00:00:00.0000000,0
7815,The Other Side,NULL,compilation,2016-10-28 00:00:00.0000000,0
7816,Broken Van,NULL,album,2000-01-01 00:00:00.0000000,16
7817,Night Flight,NULL,album,2016-04-29 00:00:00.0000000,0
7818,Knew That,NULL,album,2014-06-12 00:00:00.0000000,0
7819,Her Past,NULL,single,2012-04-18 00:00:00.0000000,0
782,Concerto X e minor: Presto,NULL,album,2010-01-29 00:00:00.0000000,0
7820,The Incredible Piff,NULL,album,2003-01-01 00:00:00.0000000,0
7821,My Freedom - Extended Club Re-Edit,NULL,single,2006-07-18 00:00:00.0000000,0
7822,"Ek Din Bik Jayega Mati Ke Mol - From ""Dharam Karam""",NULL,album,2014-05-15 00:00:00.0000000,0
7823,Wenn du einmal ein Mädel magst,NULL,compilation,2001-01-01 00:00:00.0000000,0
7824,Yax,NULL,album,2017-05-11 00:00:00.0000000,0
7825,Keep It Equal Remix,NULL,compilation,2006-11-07 00:00:00.0000000,0
7826,Cuando Me Dejes de Amar (En Vivo),NULL,album,1998-01-01 00:00:00.0000000,0
7827,Ernie Smith Greatest Hits,NULL,compilation,1999-10-23 00:00:00.0000000,0
7828,Buque de Rosas,NULL,album,1992-01-01 00:00:00.0000000,0
7829,Theme from Sex and the City (The Movie),NULL,compilation,2015-06-19 00:00:00.0000000,0
783,Trin-i-tee 5:7: According To Chanel,NULL,album,2014-06-17 00:00:00.0000000,0
7830,Friendly Cayenne - Radio Edit,NULL,album,2014-09-01 00:00:00.0000000,0
7831,Big History,NULL,album,2016-04-13 00:00:00.0000000,0
7832,Blanks,NULL,compilation,2016-12-25 00:00:00.0000000,0
7833,O sole mio,NULL,compilation,1990-01-01 00:00:00.0000000,0
7834,-Capoeira vai e vem,NULL,album,1997-03-16 00:00:00.0000000,0
7835,Drone,NULL,album,2014-03-03 00:00:00.0000000,0
7836,Clap Tone - Original Mix,NULL,compilation,2011-11-22 00:00:00.0000000,0
7837,Lisa Ekdahl,NULL,album,1994-02-21 00:00:00.0000000,52
7838,Dreh den Nebel um,NULL,album,2015-05-22 00:00:00.0000000,0
7839,Mike On The Everly Brothers,NULL,compilation,2001-05-22 00:00:00.0000000,0
784,Nobilis Humilis,NULL,album,2010-02-05 00:00:00.0000000,0
7840,Devuélveme Tus Besos,NULL,album,2017-08-11 00:00:00.0000000,0
7841,ผิดตรงไหน,NULL,album,2004-10-27 00:00:00.0000000,0
7842,A State Of Trance 2008 (Mixed by Armin van Buuren),NULL,compilation,2008-09-29 00:00:00.0000000,33
7843,Prayed for This,NULL,album,2017-08-18 00:00:00.0000000,0
7844,One More Night,NULL,compilation,2013-01-01 00:00:00.0000000,0
7845,Cordame,NULL,album,2019-06-09 00:00:00.0000000,7
7846,Omicron,NULL,single,2020-12-11 00:00:00.0000000,2
7847,Do The Creep,NULL,album,1993-03-09 00:00:00.0000000,0
7848,Girl Poison,NULL,album,2008-06-13 00:00:00.0000000,0
7849,Honky Tonk Twist,NULL,album,2009-01-01 00:00:00.0000000,0
785,Quatro Cantos,NULL,album,2014-10-14 00:00:00.0000000,0
7850,Westward,NULL,compilation,2016-05-27 00:00:00.0000000,0
7851,Encosta Que É Bom,NULL,album,2007-05-01 00:00:00.0000000,0
7852,Brotherhood,NULL,album,2012-08-16 00:00:00.0000000,0
7853,Cuando Canto,NULL,album,2014-09-15 00:00:00.0000000,0
7854,Blissful Spirit - Original Mix,NULL,compilation,2008-03-11 00:00:00.0000000,0
7855,Wanri,NULL,album,2007-07-03 00:00:00.0000000,0
7856,Solo Dios,NULL,album,1998-10-07 00:00:00.0000000,0
7857,That's Hip-Hop,NULL,album,2017-09-01 00:00:00.0000000,0
7858,Aire,NULL,album,2015-05-18 00:00:00.0000000,0
7859,In The Streets of Jerusalem,NULL,album,2010-06-06 00:00:00.0000000,0
786,Der gute Tag,NULL,album,2017-02-17 00:00:00.0000000,0
7860,Happy - JMP Remix,NULL,single,2014-09-15 00:00:00.0000000,0
7861,Mama Reprise - Ghost Track,NULL,album,2014-06-03 00:00:00.0000000,0
7862,"Piano Sonata No. 8 in C Minor, Op. 13, ""Pathetique"": I. Grave - Allegro di molto e con brio",NULL,album,2000-01-01 00:00:00.0000000,0
7863,Breaking Me Down,NULL,album,2009-08-18 00:00:00.0000000,0
7864,Dejenme Si Estoy Llorando,NULL,album,2015-05-04 00:00:00.0000000,0
7865,Coppélia - Tableau 3: No. 19 Marche de la cloche,NULL,compilation,2007-01-01 00:00:00.0000000,0
7866,Bulgarin Chicks,NULL,single,2011-08-11 00:00:00.0000000,0
7867,XO (Toca Aí The Mail Pilots),NULL,single,2015-07-31 00:00:00.0000000,0
7868,On The Street Where You Live,NULL,album,1998-01-01 00:00:00.0000000,0
7869,Audio Liner Notes and Commentary - Digital Bonus Track,NULL,album,2009-01-20 00:00:00.0000000,0
787,All The Way,NULL,album,2005-07-04 00:00:00.0000000,0
7870,Shotgun Ridin,NULL,album,2005-03-29 00:00:00.0000000,0
7871,Respekt,NULL,album,1995-06-01 00:00:00.0000000,0
7872,#8385 Collected Works 1983 - 1985,NULL,album,2013-12-16 00:00:00.0000000,15
7873,Brain Training for Little Ones,NULL,compilation,2016-09-06 00:00:00.0000000,0
7874,Soul Serenade,NULL,album,2005-01-01 00:00:00.0000000,0
7875,El Candidato,NULL,album,2008-06-20 00:00:00.0000000,0
7876,We Own the World,NULL,album,2012-01-01 00:00:00.0000000,0
7877,0404,NULL,album,2017-06-16 00:00:00.0000000,0
7878,I Like Girls That Drink Beer,NULL,album,2012-11-16 00:00:00.0000000,0
7879,Missed Opportunity,NULL,compilation,2009-10-12 00:00:00.0000000,0
788,Moonshine & Gasoline,NULL,compilation,2013-03-25 00:00:00.0000000,0
7880,King Of The Road,NULL,album,2008-01-01 00:00:00.0000000,0
7881,Liszt: Fever,NULL,album,2011-10-25 00:00:00.0000000,1
7882,Ghum ghum raat,NULL,album,2012-01-01 00:00:00.0000000,0
7883,Zig Zag Wanderer,NULL,compilation,2009-09-18 00:00:00.0000000,0
7884,Bastard,NULL,album,2008-11-11 00:00:00.0000000,0
7885,Black Coffee,NULL,compilation,2011-08-01 00:00:00.0000000,0
7886,If You'd Like Some Lovin',NULL,album,1996-06-14 00:00:00.0000000,0
7887,Finally,NULL,album,2002-01-01 00:00:00.0000000,0
7888,Secret and Whisper,NULL,album,2017-01-03 00:00:00.0000000,0
7889,Friend Like Me (feat. Dosia Bo),NULL,album,2014-05-06 00:00:00.0000000,0
789,Fay (Steve Stio Original Mix Edit),NULL,album,2010-12-31 00:00:00.0000000,0
7890,My Train Home,NULL,album,2011-02-16 00:00:00.0000000,0
7891,Itinéraire d'une reine,NULL,album,2015-03-17 00:00:00.0000000,0
7892,"Brahms: Piano Trio No. 1 In B, Op. 8: III. Adagio",NULL,single,1933-01-01 00:00:00.0000000,0
7893,Così Fan Tutte: Prenderò quel brunettino (Act 2) - 1994 Remastered Version,NULL,compilation,2009-03-02 00:00:00.0000000,0
7894,Cuando Muere la Noche,NULL,album,1963-01-01 00:00:00.0000000,0
7895,Deep River,NULL,album,2006-01-20 00:00:00.0000000,0
7896,Paul,NULL,album,2017-06-16 00:00:00.0000000,0
7897,An Elf and His Zippo,NULL,album,2001-01-01 00:00:00.0000000,0
7898,Wasted Time,NULL,album,2012-01-05 00:00:00.0000000,0
7899,Miedo De Hablarte,NULL,album,2014-03-03 00:00:00.0000000,0
79,Man With No Past,NULL,album,2010-08-16 00:00:00.0000000,4
790,Living With The Fallout,NULL,album,2004-05-05 00:00:00.0000000,2
7900,"The Man Who Built America (Park West, Chicago, 1980) - Live",NULL,album,2009-08-21 00:00:00.0000000,0
7901,Jidhar Dekhoon - Mahaan / Soundtrack Version,NULL,compilation,1983-01-01 00:00:00.0000000,0
7902,Lichita,NULL,album,2017-04-28 00:00:00.0000000,0
7903,Could It Be You,NULL,album,2011-11-24 00:00:00.0000000,0
7904,"24 Préludes, Op.28: 20. In C Minor",NULL,album,2007-01-01 00:00:00.0000000,0
7905,Bliss,NULL,album,1998-01-01 00:00:00.0000000,0
7906,Dancerism,NULL,album,2015-11-10 00:00:00.0000000,0
7907,Kinda Love,NULL,single,2017-09-22 00:00:00.0000000,0
7908,Minimal Progressive Sound 2015 (DJ Shoot Presents),NULL,album,2015-06-05 00:00:00.0000000,1
7909,Crystal Clouds - Edit,NULL,compilation,2008-08-25 00:00:00.0000000,0
791,El manual de la otredad,NULL,album,2007-01-01 00:00:00.0000000,37
7910,Piano ombre,NULL,album,2014-12-03 00:00:00.0000000,0
7911,Serendipity,NULL,album,2007-01-01 00:00:00.0000000,0
7912,Con Solo Verte,NULL,album,2013-02-19 00:00:00.0000000,0
7913,Goodbye Yellow Brick Road,NULL,compilation,2013-02-15 00:00:00.0000000,0
7914,Assembly,NULL,album,1956-01-01 00:00:00.0000000,0
7915,Todo Por La Patria,NULL,album,1986-01-01 00:00:00.0000000,0
7916,The Flying Flag,NULL,compilation,2011-04-01 00:00:00.0000000,0
7917,Lolly Too-dum,NULL,album,2000-05-03 00:00:00.0000000,0
7918,Minors Holiday - Alternate Take,NULL,album,1955-01-01 00:00:00.0000000,0
7919,Clave Privada,NULL,album,2008-01-01 00:00:00.0000000,0
792,The Jug of Punch,NULL,album,2008-01-01 00:00:00.0000000,0
7920,How You Should Pray (Matthew 6:9-13),NULL,album,2010-01-01 00:00:00.0000000,0
7921,Basics - Colms Organic Instrumental,NULL,single,2011-05-23 00:00:00.0000000,0
7922,Ó Sr. Padre,NULL,album,2012-03-05 00:00:00.0000000,0
7923,El Regreso de la Muerta,NULL,album,2007-01-16 00:00:00.0000000,0
7924,Delilah,NULL,compilation,2010-01-01 00:00:00.0000000,0
7925,Stairway to Heaven,NULL,album,2014-12-13 00:00:00.0000000,0
7926,Woodsman's Dance,NULL,album,2005-01-18 00:00:00.0000000,0
7927,情熱で胸アツ! (From ''イナズマイレブンGO クロノ・ストーン''),NULL,compilation,2012-01-01 00:00:00.0000000,0
7928,Last to Leave,NULL,album,2005-01-01 00:00:00.0000000,41
7929,No Seas Cruel,NULL,album,2009-01-01 00:00:00.0000000,0
793,I Sing This Song For You - Studio,NULL,album,2009-10-20 00:00:00.0000000,0
7930,Tonight We Break In,NULL,album,2016-12-31 00:00:00.0000000,0
7931,"The Nutcracker, Op. 71 : Act II, Scene III, No.12 Divertissement, Trepak (Russian Dance)",NULL,compilation,2011-01-01 00:00:00.0000000,0
7932,Noël En Musette,NULL,compilation,2013-11-06 00:00:00.0000000,0
7933,"Symphony No. 4 in F Minor, Op. 36, TH 27: I. Andante sostenuto - Moderato con anima",NULL,album,2016-12-02 00:00:00.0000000,0
7934,Under The Rabbit - With Commentary,NULL,album,2012-02-05 00:00:00.0000000,0
7935,Left My Heart In Brooklyn,NULL,album,2015-06-30 00:00:00.0000000,0
7936,Mayor's Daughter,NULL,single,2013-10-31 00:00:00.0000000,0
7937,Leaning On The Everlasting Arms,NULL,album,2002-01-01 00:00:00.0000000,0
7938,Fade,NULL,album,2010-01-01 00:00:00.0000000,0
7939,Dancers In The Dark,NULL,album,2009-01-04 00:00:00.0000000,0
794,Freelove,NULL,album,2010-06-25 00:00:00.0000000,0
7940,Return of the Loco,NULL,album,2009-02-25 00:00:00.0000000,0
7941,KILLU2,NULL,album,2014-01-01 00:00:00.0000000,0
7942,Baseball Bat,NULL,compilation,2010-02-23 00:00:00.0000000,0
7943,"Sun, Gun, Gum",NULL,album,2015-05-04 00:00:00.0000000,0
7944,Cheater's Armoury,NULL,album,2006-09-04 00:00:00.0000000,0
7945,Serpiente Mala,NULL,album,2004-06-01 00:00:00.0000000,0
7946,Don't Get Me Wrong,NULL,album,2016-05-06 00:00:00.0000000,0
7947,Horror Rampage: Finality,NULL,album,2016-10-24 00:00:00.0000000,8
7948,Mesh Hayen Alaya,NULL,album,2000-01-01 00:00:00.0000000,0
7949,Let It Ride (Light),NULL,album,2010-06-30 00:00:00.0000000,0
795,tenderly,NULL,compilation,2010-11-10 00:00:00.0000000,0
7950,Houses Of Reason,NULL,album,2017-05-19 00:00:00.0000000,0
7951,Shake Something (Clean),NULL,album,2005-11-15 00:00:00.0000000,0
7952,A New Beginning,NULL,album,2015-06-15 00:00:00.0000000,0
7953,Teleport,NULL,album,2015-08-15 00:00:00.0000000,0
7954,The Devil,NULL,album,2009-06-23 00:00:00.0000000,0
7955,Devil's Dance,NULL,album,2003-01-01 00:00:00.0000000,0
7956,Glam,NULL,album,2017-06-09 00:00:00.0000000,0
7957,Will The Circle Be Unbroken - Country Mountain Hymns Album Version,NULL,album,1995-01-01 00:00:00.0000000,0
7958,It Might as Well Be Spring,NULL,compilation,2014-02-14 00:00:00.0000000,0
7959,Ein Li Makom,NULL,album,2015-05-19 00:00:00.0000000,0
796,Los Peces en El Rio,NULL,album,2010-08-20 00:00:00.0000000,0
7960,La Revolucion (Deluxe),NULL,album,2009-01-01 00:00:00.0000000,66
7961,I Want'a Do Something Freaky To You,NULL,album,2008-06-10 00:00:00.0000000,0
7962,Kreidler Flory,NULL,compilation,2010-10-15 00:00:00.0000000,0
7963,Tosca: L'ora!... Son pronto,NULL,album,1956-01-01 00:00:00.0000000,0
7964,Boul Topato,NULL,album,2000-01-01 00:00:00.0000000,0
7965,Let That Bitch Go,NULL,album,2012-09-21 00:00:00.0000000,0
7966,Ain't No Sunshine,NULL,album,2011-06-21 00:00:00.0000000,0
7967,Paranormal Activity,NULL,album,2013-02-07 00:00:00.0000000,0
7968,Novecento (1900),NULL,compilation,2006-09-05 00:00:00.0000000,0
7969,Escondete,NULL,album,2001-01-01 00:00:00.0000000,0
797,To The Safe House,NULL,album,2013-02-08 00:00:00.0000000,0
7970,Ansia De Amar,NULL,album,2001-01-01 00:00:00.0000000,42
7971,Mi A Manó?!,NULL,album,2014-01-01 00:00:00.0000000,31
7972,Roar (Workout Mix),NULL,album,2016-06-07 00:00:00.0000000,0
7973,R.A.M.O.N.E.S.,NULL,album,2016-01-22 00:00:00.0000000,0
7974,Guiding Light,NULL,single,2017-04-24 00:00:00.0000000,0
7975,The Night Before Easter,NULL,album,1999-01-01 00:00:00.0000000,0
7976,Oscar Peterson & Clark Terry,NULL,album,1975-01-01 00:00:00.0000000,0
7977,God Knows,NULL,album,2003-01-01 00:00:00.0000000,0
7978,Blaze The Fire,NULL,album,2011-05-09 00:00:00.0000000,0
7979,Qué Bonito Amor,NULL,compilation,2013-01-11 00:00:00.0000000,0
798,A Place Called Heaven - Fire Island Mix,NULL,album,2016-02-05 00:00:00.0000000,0
7980,"Go, Go, Go",NULL,compilation,2012-02-23 00:00:00.0000000,0
7981,That's The Way I Like It,NULL,album,2007-07-25 00:00:00.0000000,0
7982,"Pancake, I Love You",NULL,album,2013-06-04 00:00:00.0000000,0
7983,Pulse,NULL,album,2010-09-20 00:00:00.0000000,0
7984,På Nordpolen,NULL,album,2008-09-24 00:00:00.0000000,0
7985,Steal My Heart Away,NULL,compilation,2011-12-18 00:00:00.0000000,0
7986,"St. Matthew Passion, BWV 244 (arr. S. Johannsen for trumpet, organ, flute, oboe and violin): Part I: Aria: Blute nur, du liebes Herz!",NULL,album,2012-09-04 00:00:00.0000000,0
7987,Peace (The Jacka Tribute),NULL,single,2017-02-02 00:00:00.0000000,1
7988,Under The Mask Of Happiness,NULL,album,1988-01-01 00:00:00.0000000,0
7989,Star,NULL,single,2007-02-28 00:00:00.0000000,5
799,Gin and Juice,NULL,album,2015-07-07 00:00:00.0000000,0
7990,Dembow on Fire,NULL,compilation,2017-07-27 00:00:00.0000000,0
7991,Get U Bacc,NULL,album,2010-09-07 00:00:00.0000000,0
7992,"Kinderszenen, Op. 15: No. 7, Träumerei - 1968 Recording",NULL,album,1962-01-01 00:00:00.0000000,0
7993,Story of My Life,NULL,album,2016-02-13 00:00:00.0000000,0
7994,One More Shot,NULL,album,2015-02-12 00:00:00.0000000,0
7995,The Terminator,NULL,album,2009-06-30 00:00:00.0000000,0
7996,You and I Alone,NULL,album,2003-01-01 00:00:00.0000000,0
7997,Silent To Me EP,NULL,single,2014-04-22 00:00:00.0000000,25
7998,Pasillos de Ecuador,NULL,album,2012-02-15 00:00:00.0000000,0
7999,I'm Blue,NULL,compilation,2005-08-19 00:00:00.0000000,0
8,Days in Clock Town,NULL,album,2017-03-31 00:00:00.0000000,0
80,Wolves,NULL,single,2015-01-13 00:00:00.0000000,0
800,Quem Tem Fé,NULL,album,2016-11-11 00:00:00.0000000,0
8000,Night Grooves,NULL,album,2009-06-04 00:00:00.0000000,7
8001,Son Of A Sailor,NULL,album,2005-01-01 00:00:00.0000000,0
8002,Miss Lonely Are You Blue,NULL,compilation,2006-01-01 00:00:00.0000000,0
8003,Higher Love (D3cay & R3lay Remix),NULL,album,2013-06-14 00:00:00.0000000,0
8004,"See You Later, Alligator",NULL,compilation,2014-12-12 00:00:00.0000000,0
8005,La valse d'augustine,NULL,album,1990-01-01 00:00:00.0000000,0
8006,Wet Rain,NULL,album,2017-10-05 00:00:00.0000000,0
8007,SimCity,NULL,album,2013-02-12 00:00:00.0000000,0
8008,Breakout (Bonus Track) (feat. Zeeda & Trevor Lee),NULL,album,2011-09-20 00:00:00.0000000,0
8009,Chicka Chicka Boom Boom Series Volume Two - Dance and Sing With John & David,NULL,album,2009-06-23 00:00:00.0000000,30
801,Beyond the Forest (Original Movie Soundtrack),NULL,album,1949-12-01 00:00:00.0000000,1
8010,"Ou Es Tu, Mon Amour?",NULL,album,2009-01-11 00:00:00.0000000,0
8011,Heart Into Everything,NULL,album,2015-01-02 00:00:00.0000000,2
8012,Rosetta,NULL,album,2009-02-08 00:00:00.0000000,0
8013,Moonlight Shadow - Dave Lamondê Radio Edit,NULL,single,2009-11-27 00:00:00.0000000,0
8014,Where Are You?,NULL,album,2016-10-07 00:00:00.0000000,0
8015,Steps of Deep Slumber (ABGT242),NULL,album,2017-07-30 00:00:00.0000000,0
8016,You Belong To Me,NULL,album,2007-01-01 00:00:00.0000000,0
8017,O Cravo Brigou Com A Rosa,NULL,album,2006-04-04 00:00:00.0000000,0
8018,I'll Jump,NULL,compilation,2010-11-22 00:00:00.0000000,0
8019,Me ven doren përmbi dorë,NULL,album,2002-01-01 00:00:00.0000000,0
802,Good You Dub,NULL,compilation,2007-10-08 00:00:00.0000000,0
8020,La forêt,NULL,album,2008-06-01 00:00:00.0000000,0
8021,She Bout It,NULL,album,2014-03-17 00:00:00.0000000,0
8022,Thinking Shoes,NULL,album,2010-04-27 00:00:00.0000000,0
8023,D.L.S.,NULL,album,2014-07-29 00:00:00.0000000,0
8024,START ALL OVER AGAIN,NULL,album,2003-01-01 00:00:00.0000000,0
8025,B.S.O.L.,NULL,album,1985-09-29 00:00:00.0000000,0
8026,Inquisition,NULL,album,2011-11-09 00:00:00.0000000,0
8027,My Friend of Misery,NULL,album,1995-01-01 00:00:00.0000000,0
8028,Solo Quedate En Silencio,NULL,compilation,2008-11-08 00:00:00.0000000,0
8029,Te Solté,NULL,album,2013-11-21 00:00:00.0000000,0
803,Drive By (in the Style of Train)[Instrumental Version],NULL,album,2012-04-15 00:00:00.0000000,0
8030,Mal Ejemplo,NULL,album,2017-03-25 00:00:00.0000000,0
8031,Stars and Stripes Forever (Mono Version),NULL,single,1956-01-01 00:00:00.0000000,0
8032,Le Carnaval des animaux: Poules et coqs,NULL,compilation,1999-01-01 00:00:00.0000000,0
8033,Good Bye For Now,NULL,album,2006-01-01 00:00:00.0000000,0
8034,Pago a Dobrar,NULL,album,1986-06-02 00:00:00.0000000,0
8035,Le bateau miracle - Remasterisé en 2004,NULL,compilation,2003-01-01 00:00:00.0000000,0
8036,Tabouli Noodle,NULL,album,1998-01-01 00:00:00.0000000,0
8037,Easy Sleep,NULL,album,2016-10-11 00:00:00.0000000,0
8038,Hallelujah,NULL,album,2013-02-01 00:00:00.0000000,0
8039,You're Mine,NULL,album,2012-01-13 00:00:00.0000000,0
804,Unblock The Ex,NULL,compilation,2017-03-17 00:00:00.0000000,0
8040,L'art d'Ecouter,NULL,album,2002-09-23 00:00:00.0000000,0
8041,Un Estilo Propio,NULL,album,1998-01-01 00:00:00.0000000,4
8042,Boucourechliev: Intégrale de la musique pour quatuor à cordes,NULL,album,2001-06-01 00:00:00.0000000,1
8043,More to My Less,NULL,compilation,2016-01-19 00:00:00.0000000,0
8044,Gonna Build a Mountain,NULL,compilation,1974-01-01 00:00:00.0000000,0
8045,Unveiled Ghostly Shadows,NULL,album,1996-01-01 00:00:00.0000000,4
8046,American Star,NULL,album,2005-04-01 00:00:00.0000000,0
8047,Down Home,NULL,album,2010-08-03 00:00:00.0000000,0
8048,Shindy,NULL,album,2014-12-09 00:00:00.0000000,21
8049,Yes / No (feat. Seyi Shay),NULL,album,2015-06-25 00:00:00.0000000,0
805,Gravity,NULL,album,2015-08-31 00:00:00.0000000,37
8050,Не беги (DJ Vini Remix),NULL,single,2016-11-10 00:00:00.0000000,0
8051,Kina Prime,NULL,single,2020-06-24 00:00:00.0000000,6
8052,My Little Underground - Live,NULL,album,2015-07-31 00:00:00.0000000,0
8053,Vega,NULL,single,2012-11-20 00:00:00.0000000,0
8054,Misa del Pueblo Inmigrante: Gloria / Glory to God,NULL,compilation,2010-10-27 00:00:00.0000000,0
8055,Espera - Instrumental Version,NULL,album,2006-01-01 00:00:00.0000000,0
8056,Die Seiten der Welt (Ungekürzte Fassung),NULL,album,2014-09-25 00:00:00.0000000,54
8057,Hoy Me Voy,NULL,album,2015-07-24 00:00:00.0000000,0
8058,The Big Noise from Winnetka,NULL,album,2011-09-09 00:00:00.0000000,0
8059,Esuma (Wild Yam),NULL,album,2011-10-14 00:00:00.0000000,0
806,Ev'ry Time We Say Goodbye,NULL,album,2016-04-08 00:00:00.0000000,0
8060,ChanChan,NULL,album,2016-06-03 00:00:00.0000000,0
8061,HERarchy,NULL,album,2006-01-01 00:00:00.0000000,0
8062,"Eyes of the World - Live in Providence, RI, September 4, 1980",NULL,album,2005-01-01 00:00:00.0000000,0
8063,Poprobuy (feat. Seryoga),NULL,album,1997-04-16 00:00:00.0000000,0
8064,"Images oubliées, L. 87: III. Dans le movement d'une ""Sarabande""",NULL,album,2015-10-23 00:00:00.0000000,0
8065,The Way (Instrumental Karaoke Version) [In the Style of Ariana Grande feat. Mac Miller],NULL,album,2013-11-01 00:00:00.0000000,0
8066,Мыловар,NULL,album,1998-10-23 00:00:00.0000000,0
8067,Mood Indigo,NULL,album,2007-05-07 00:00:00.0000000,0
8068,La valse (version for piano solo),NULL,album,2014-08-05 00:00:00.0000000,0
8069,Crazy,NULL,album,2011-06-24 00:00:00.0000000,0
807,Tribal Dance,NULL,compilation,1995-01-01 00:00:00.0000000,0
8070,All on Me (feat. Tum Tum & Big Hoodboss),NULL,album,2009-10-13 00:00:00.0000000,0
8071,Tu Forma De Amar,NULL,album,2008-01-01 00:00:00.0000000,0
8072,Entrega Total - En Vivo Desde México D.F./2012,NULL,album,2013-01-01 00:00:00.0000000,0
8073,Back to You,NULL,album,2000-01-01 00:00:00.0000000,0
8074,Windows,NULL,album,2011-02-25 00:00:00.0000000,0
8075,Ofou to giasemi mou,NULL,album,2000-07-12 00:00:00.0000000,0
8076,Valhalla,NULL,single,2020-01-07 00:00:00.0000000,60
8077,Up And Down,NULL,album,2008-10-15 00:00:00.0000000,0
8078,"Violin Sonata No. 1, BB 84: III. Allegro",NULL,album,2012-01-01 00:00:00.0000000,0
8079,Sing You to Sleep,NULL,album,2006-01-01 00:00:00.0000000,0
808,Jingle Bells,NULL,album,2010-12-02 00:00:00.0000000,0
8080,Inside / Outside,NULL,album,2016-02-05 00:00:00.0000000,0
8081,Only the Strong Will Survive - 2010 Remaster,NULL,album,1986-01-01 00:00:00.0000000,0
8082,From All Sides,NULL,album,2015-07-28 00:00:00.0000000,0
8083,Notturno In F,NULL,compilation,2007-02-16 00:00:00.0000000,0
8084,Ever-Ready Eddie,NULL,album,2006-01-01 00:00:00.0000000,0
8085,"Pro Piano Karaoke (For Vocalists): 2014, Vol.1",NULL,album,2014-09-14 00:00:00.0000000,0
8086,Synchro Express,NULL,album,2012-09-24 00:00:00.0000000,0
8087,Italian People,NULL,album,2007-10-09 00:00:00.0000000,0
8088,This Is Amazing Grace (Instrumental Version),NULL,album,2017-07-13 00:00:00.0000000,0
8089,Powerful Beyond Measure,NULL,album,2015-07-04 00:00:00.0000000,0
809,Hold Me Baby,NULL,album,2010-11-29 00:00:00.0000000,0
8090,Off to Hell We Go,NULL,compilation,2012-10-23 00:00:00.0000000,0
8091,De Natte Cel,NULL,single,2016-04-29 00:00:00.0000000,5
8092,"Rossini: La gazza ladra: Sinfonia. Maestoso marziale - Allegro (Excerpt, Conclusion)",NULL,compilation,2003-01-01 00:00:00.0000000,0
8093,Yankee March,NULL,album,2013-07-10 00:00:00.0000000,0
8094,Bandishein,NULL,album,2008-09-24 00:00:00.0000000,0
8095,Philabrity - Underground Mix,NULL,single,2016-12-09 00:00:00.0000000,0
8096,Gold in Stardust,NULL,single,2016-02-25 00:00:00.0000000,0
8097,Sonámbulo #2,NULL,album,2007-11-06 00:00:00.0000000,0
8098,Hot off the Press,NULL,album,2014-06-02 00:00:00.0000000,0
8099,Cowgirl With An Attitude,NULL,album,2007-04-17 00:00:00.0000000,0
81,Muddy Water,NULL,album,2003-01-01 00:00:00.0000000,0
810,Somebody,NULL,compilation,2011-04-11 00:00:00.0000000,0
8100,Revelación,NULL,album,2014-11-25 00:00:00.0000000,0
8101,Insane - Stefano Noferini Dub Mix,NULL,single,2014-04-28 00:00:00.0000000,0
8102,Amy,NULL,compilation,2008-09-24 00:00:00.0000000,0
8103,I Feel Like Traveling On,NULL,compilation,2010-01-01 00:00:00.0000000,0
8104,Para Siempre en Tu Corazon,NULL,album,1997-03-04 00:00:00.0000000,0
8105,Every Time - Live,NULL,album,2015-09-10 00:00:00.0000000,0
8106,Play Gaelic,NULL,album,1978-01-01 00:00:00.0000000,0
8107,XOXO (feat. Ina) - De Hofnar Remix,NULL,single,2017-03-20 00:00:00.0000000,0
8108,The Panic at Alton Baker Park,NULL,single,2013-01-01 00:00:00.0000000,0
8109,The Big Fake,NULL,compilation,2013-11-11 00:00:00.0000000,0
811,Ojos Tumbados,NULL,album,2011-08-09 00:00:00.0000000,0
8110,House Of Fun,NULL,compilation,2000-01-01 00:00:00.0000000,0
8111,Am I Alone,NULL,single,2017-01-20 00:00:00.0000000,4
8112,Joy to the World,NULL,compilation,2014-03-20 00:00:00.0000000,0
8113,Don't Stop,NULL,compilation,2011-09-01 00:00:00.0000000,0
8114,Theme From Beyond The Valley Of The Assfuckers,NULL,album,2000-05-16 00:00:00.0000000,0
8115,The Storm,NULL,album,2014-09-23 00:00:00.0000000,0
8116,V-8 Ford,NULL,compilation,2009-03-01 00:00:00.0000000,0
8117,Guajiro,NULL,album,2005-01-01 00:00:00.0000000,0
8118,The Gambian,NULL,album,2007-06-01 00:00:00.0000000,0
8119,Rain,NULL,album,2013-06-23 00:00:00.0000000,0
812,Quartz,NULL,album,2014-10-13 00:00:00.0000000,0
8120,"Mirembe, Salaam V'shalom",NULL,album,2009-06-25 00:00:00.0000000,0
8121,Brooklyn & Courtney,NULL,album,2017-01-20 00:00:00.0000000,40
8122,Even So - Live,NULL,album,2010-01-01 00:00:00.0000000,0
8123,Roll On,NULL,album,2014-03-18 00:00:00.0000000,0
8124,Brown Skin Girl,NULL,album,2017-02-24 00:00:00.0000000,0
8125,"As Above, So Below",NULL,album,2016-09-30 00:00:00.0000000,0
8126,Pequeño y Plateado,NULL,album,2013-11-10 00:00:00.0000000,0
8127,"In Ten City, Pt. 2",NULL,album,2013-11-01 00:00:00.0000000,0
8128,LA Stars,NULL,album,2006-01-01 00:00:00.0000000,0
8129,This Little Light,NULL,single,2010-09-26 00:00:00.0000000,0
813,Christ the Lord is Risen Today,NULL,album,2011-01-01 00:00:00.0000000,0
8130,Apache Groove - Nubian Mindz Remix,NULL,album,2001-01-01 00:00:00.0000000,0
8131,"Mozart: Flute Quartet No. 3 in C Major, K. 285b: II. Andantino con variazioni",NULL,album,1999-12-31 00:00:00.0000000,0
8132,Snowfall On the Sahara,NULL,album,2012-07-01 00:00:00.0000000,0
8133,Si Tú Me Dices Ven,NULL,album,2015-06-29 00:00:00.0000000,0
8134,What Did I Do to You,NULL,album,2016-10-28 00:00:00.0000000,0
8135,Flown This Acid World,NULL,album,1992-09-08 00:00:00.0000000,0
8136,"Through the Prism, Gently",NULL,album,2014-11-11 00:00:00.0000000,4
8137,The Game,NULL,album,2007-01-01 00:00:00.0000000,0
8138,"Interlude 2 ""His Princess""",NULL,album,2014-03-15 00:00:00.0000000,0
8139,Tu No Sabes Querer,NULL,compilation,2016-08-13 00:00:00.0000000,0
814,Two Lovers,NULL,album,1999-01-01 00:00:00.0000000,0
8140,Me Puedes,NULL,album,2006-01-01 00:00:00.0000000,0
8141,Searching For A Soldier's Grave,NULL,album,2012-01-12 00:00:00.0000000,0
8142,Love,NULL,single,2017-02-25 00:00:00.0000000,2
8143,Church Bells (Instrumental),NULL,single,2012-01-22 00:00:00.0000000,0
8144,The Poison,NULL,album,2006-02-14 00:00:00.0000000,59
8145,The Toxic Avenger Musical,NULL,compilation,2009-05-05 00:00:00.0000000,0
8146,Lucy (HungryHeart Cafe),NULL,album,2006-01-01 00:00:00.0000000,0
8147,Blue Note / Fall,NULL,single,2014-02-09 00:00:00.0000000,0
8148,Chasing The Sun (with Aeron Aether feat. Ridgewalkers),NULL,album,2012-08-14 00:00:00.0000000,0
8149,Hit the Road Jack,NULL,album,2002-01-01 00:00:00.0000000,0
815,"To Make God Famous, Vol. 2",NULL,album,2004-07-01 00:00:00.0000000,2
8150,無永無遠 - 電視動畫劇:《正義紅師》插曲,NULL,album,2014-11-21 00:00:00.0000000,0
8151,"Piano Concerto in D-Flat Major, Op. 38: I. Allegro non toppo e maestoso",NULL,album,1958-01-01 00:00:00.0000000,0
8152,Tocata,NULL,album,1991-01-01 00:00:00.0000000,0
8153,Chariot of God,NULL,album,2016-04-15 00:00:00.0000000,0
8154,Adagio Allegretto,NULL,album,2007-01-01 00:00:00.0000000,0
8155,For You I will,NULL,album,2008-01-11 00:00:00.0000000,0
8156,"The Duck ""Guit"" Blues",NULL,album,2013-09-16 00:00:00.0000000,0
8157,Greensleeves,NULL,album,2015-12-04 00:00:00.0000000,0
8158,Aan Milo Sajna (Original Motion Picture Soundtrack),NULL,album,1970-12-30 00:00:00.0000000,23
8159,Mil Noches,NULL,album,1961-10-17 00:00:00.0000000,26
816,Abba Father,NULL,album,2008-02-19 00:00:00.0000000,0
8160,El mozo de mulas Suite: II. Danza popular,NULL,album,2005-09-01 00:00:00.0000000,0
8161,Celebrate,NULL,single,2017-04-08 00:00:00.0000000,0
8162,Sounds & Politics,NULL,compilation,2013-08-02 00:00:00.0000000,0
8163,Cage Street Memorial - The Pilgrimage,NULL,album,2016-11-18 00:00:00.0000000,3
8164,My Child Is Coming Home,NULL,album,2005-01-01 00:00:00.0000000,0
8165,Ninety-five percent,NULL,compilation,2011-05-27 00:00:00.0000000,0
8166,Fuego (feat. Devak & Rusian Jadid),NULL,album,2015-03-03 00:00:00.0000000,0
8167,Low Grain Synth,NULL,album,2017-04-03 00:00:00.0000000,0
8168,24,NULL,album,2011-04-05 00:00:00.0000000,0
8169,Smoke in My Car,NULL,single,2013-03-20 00:00:00.0000000,0
817,Loves Interlude/Good Night My Love,NULL,compilation,1992-01-01 00:00:00.0000000,0
8170,Gökkuşağı Prensesi Hazal,NULL,compilation,1997-12-11 00:00:00.0000000,4
8171,Irgendwo in Vegas - Instrumental,NULL,album,2014-01-01 00:00:00.0000000,0
8172,Dia en la Playa,NULL,compilation,2014-09-19 00:00:00.0000000,0
8173,The Restaurant,NULL,album,2014-09-01 00:00:00.0000000,0
8174,Surah Al-Maun,NULL,album,2008-01-01 00:00:00.0000000,0
8175,No Pidas Mas Perdón,NULL,album,2000-01-07 00:00:00.0000000,0
8176,Si No Me Quieres No Me Martirices,NULL,album,2015-09-09 00:00:00.0000000,0
8177,Gone,NULL,album,2017-08-25 00:00:00.0000000,0
8178,Paint By Numbers,NULL,album,2016-02-12 00:00:00.0000000,0
8179,What's Really Hood?,NULL,album,2009-07-23 00:00:00.0000000,0
818,I Got It,NULL,album,2012-10-09 00:00:00.0000000,0
8180,Leaving This Morning,NULL,album,2009-01-01 00:00:00.0000000,0
8181,Somos Iguales,NULL,album,2013-03-03 00:00:00.0000000,0
8182,Go Down Fighting,NULL,album,2008-01-22 00:00:00.0000000,0
8183,Que Sexy,NULL,album,2003-05-20 00:00:00.0000000,0
8184,My Dear Acquaintance (A Happy New Year),NULL,compilation,2012-11-27 00:00:00.0000000,0
8185,What'd I Say - Live,NULL,album,2015-08-07 00:00:00.0000000,0
8186,Barcelona,NULL,album,2008-10-27 00:00:00.0000000,0
8187,Interview,NULL,album,1988-01-01 00:00:00.0000000,0
8188,Modesty's Failure,NULL,album,2010-11-01 00:00:00.0000000,0
8189,Como Pienso en Ti,NULL,album,2013-08-13 00:00:00.0000000,0
819,Cada Vez,NULL,album,2011-07-24 00:00:00.0000000,0
8190,Holla,NULL,album,2006-10-31 00:00:00.0000000,0
8191,The Keeper - Live,NULL,album,2010-02-25 00:00:00.0000000,0
8192,La Parecida,NULL,album,1996-03-15 00:00:00.0000000,0
8193,Time To Wonder - Limelight Edit,NULL,compilation,2010-02-12 00:00:00.0000000,0
8194,Man Destroys Man,NULL,album,2006-10-27 00:00:00.0000000,0
8195,I Wanna Be Your Dog,NULL,album,2016-11-11 00:00:00.0000000,0
8196,Resurrection (Space Club Mix),NULL,album,2002-01-01 00:00:00.0000000,0
8197,Hotel del Mar Vol.2 - Chill Out Music and Lounge Music,NULL,album,2011-02-16 00:00:00.0000000,16
8198,Once Upon A Time In South America,NULL,album,2015-03-31 00:00:00.0000000,13
8199,"Chopin: Piano Sonata No. 2 in B-Flat Minor, Op. 35 ""Funeral March"": III. Marche funèbre. Lento",NULL,compilation,2012-08-31 00:00:00.0000000,0
82,Get On Your Boots,NULL,compilation,2009-01-01 00:00:00.0000000,0
820,Piensa en Mí,NULL,album,2014-11-28 00:00:00.0000000,0
8200,We Give Thee Thanks,NULL,album,1995-06-07 00:00:00.0000000,0
8201,Stolen By Mercy,NULL,album,2001-01-01 00:00:00.0000000,0
8202,Moanin' and Screamin' (Part 1 & 2),NULL,compilation,2011-12-09 00:00:00.0000000,0
8203,Tú (You),NULL,album,2010-11-16 00:00:00.0000000,0
8204,Personality,NULL,album,2013-11-01 00:00:00.0000000,0
8205,Here Comes The Owl,NULL,album,2002-01-01 00:00:00.0000000,0
8206,Step Beyond,NULL,album,2015-11-12 00:00:00.0000000,0
8207,Nightshift - Originally Performed by Commodores,NULL,album,2010-08-23 00:00:00.0000000,0
8208,I Like the Girls,NULL,compilation,2015-01-16 00:00:00.0000000,0
8209,Come and Get It,NULL,album,2014-02-18 00:00:00.0000000,0
821,"Kundalini: Yoga, Meditation, Relaxation",NULL,album,2010-10-01 00:00:00.0000000,49
8210,I Feel Like Victor Navorski,NULL,compilation,2013-07-17 00:00:00.0000000,0
8211,Bandido,NULL,compilation,2004-03-19 00:00:00.0000000,0
8212,So Long Suzanna,NULL,album,2008-10-14 00:00:00.0000000,0
8213,I Like Cézanne,NULL,album,2014-03-24 00:00:00.0000000,0
8214,Precious And Few [In the Style of Climax] {Karaoke Version},NULL,album,2011-02-09 00:00:00.0000000,0
8215,Tecnica Secreta,NULL,album,2015-10-25 00:00:00.0000000,0
8216,Ambrosia (Chris Coco Remix),NULL,compilation,2015-01-19 00:00:00.0000000,0
8217,The Old Dog,NULL,album,2008-06-14 00:00:00.0000000,0
8218,Range Rover,NULL,album,1973-01-01 00:00:00.0000000,0
8219,Hole In My Shoe (Singalong Version),NULL,album,2009-06-01 00:00:00.0000000,0
822,You marry him do not go,NULL,compilation,2011-08-29 00:00:00.0000000,0
8220,Set Me Down Where Country Music Plays,NULL,album,2009-06-01 00:00:00.0000000,0
8221,Sunrise On Sunset,NULL,album,2007-01-23 00:00:00.0000000,0
8222,Wanted (Remixes),NULL,single,2021-03-22 00:00:00.0000000,29
8223,Rather Be - 150 BPM,NULL,album,2015-02-02 00:00:00.0000000,0
8224,Angel (Ladadi O-Heyo) (feat. Plavka) - Airplay Edit II,NULL,compilation,2015-02-20 00:00:00.0000000,0
8225,Twas The Night Before Christmas Part 2,NULL,album,2013-01-11 00:00:00.0000000,0
8226,The Onanistic Side of the Train,NULL,album,2010-06-01 00:00:00.0000000,0
8227,Fly Away,NULL,compilation,2003-01-01 00:00:00.0000000,0
8228,Sunday Suit (Live),NULL,album,2015-05-15 00:00:00.0000000,0
8229,Reprise 1,NULL,album,1986-07-22 00:00:00.0000000,0
823,Prophecy (feat. Abby Joyce) - Original Mix,NULL,album,2011-01-01 00:00:00.0000000,0
8230,The Good Life,NULL,album,1997-01-01 00:00:00.0000000,0
8231,All Is Revealed,NULL,album,2004-12-07 00:00:00.0000000,0
8232,Just a Dream,NULL,compilation,2013-07-02 00:00:00.0000000,0
8233,Sister Supreme - Gamat 3000 Remix,NULL,compilation,1999-01-01 00:00:00.0000000,0
8234,El Forastero,NULL,album,1998-01-01 00:00:00.0000000,0
8235,Todo Terminó,NULL,album,1997-01-01 00:00:00.0000000,0
8236,"Zindagi Mein Pehli Pehli Baar (From ""Mitti Aur Sona"")",NULL,album,2016-07-01 00:00:00.0000000,0
8237,In Putris Stagnum,NULL,album,2012-12-21 00:00:00.0000000,0
8238,Music Is Addictive,NULL,album,2011-03-13 00:00:00.0000000,0
8239,Unforgiven,NULL,album,2011-04-26 00:00:00.0000000,0
824,Great Is Thy Faithfulness,NULL,album,2006-06-17 00:00:00.0000000,0
8240,Haydn: La Reine,NULL,album,2016-09-23 00:00:00.0000000,7
8241,Breaking Us in Two (In the Style of Joe Jackson) [Karaoke Version],NULL,album,2006-03-28 00:00:00.0000000,0
8242,Come Wit It - Single,NULL,single,2016-08-02 00:00:00.0000000,4
8243,The Lakes of Pontchartrain,NULL,album,2015-06-20 00:00:00.0000000,0
8244,When I Was Younger (Remastered),NULL,album,2014-09-16 00:00:00.0000000,0
8245,Gunday,NULL,compilation,2014-11-12 00:00:00.0000000,0
8246,Perfect Forever,NULL,album,2014-04-14 00:00:00.0000000,0
8247,Hijos del Odio,NULL,album,1997-01-01 00:00:00.0000000,0
8248,Entre Amigos,NULL,album,1977-01-02 00:00:00.0000000,0
8249,Stranglehold - Dave Goodman Sessions,NULL,compilation,2008-12-01 00:00:00.0000000,0
825,The Mind,NULL,album,1997-08-05 00:00:00.0000000,0
8250,Man of Few Words,NULL,album,2010-04-06 00:00:00.0000000,20
8251,Company Undone,NULL,album,2019-12-01 00:00:00.0000000,1
8252,Days of Wine and Roses,NULL,compilation,2012-02-03 00:00:00.0000000,0
8253,Amazing Grace,NULL,album,2010-08-11 00:00:00.0000000,0
8254,Thick As Thieves,NULL,album,2010-11-16 00:00:00.0000000,0
8255,Hit Running Trax,NULL,album,2015-10-08 00:00:00.0000000,6
8256,Jungle King,NULL,compilation,2010-10-04 00:00:00.0000000,0
8257,The Wayward Wind,NULL,album,2007-02-28 00:00:00.0000000,0
8258,Wedding Music Sampler,NULL,album,1997-01-01 00:00:00.0000000,0
8259,Zuluminati (Radio Edit),NULL,album,2014-11-24 00:00:00.0000000,0
826,Beauty and the Beast,NULL,album,1995-01-01 00:00:00.0000000,0
8260,The Old Capital,NULL,album,2020-10-09 00:00:00.0000000,9
8261,Gold Shoes,NULL,compilation,2015-10-17 00:00:00.0000000,0
8262,망가져가,NULL,album,2011-11-02 00:00:00.0000000,0
8263,Estudio brillante,NULL,album,1987-01-01 00:00:00.0000000,0
8264,Vivamos Nuestro Amor,NULL,album,2003-01-09 00:00:00.0000000,0
8265,Skinnamarink TV Theme,NULL,album,2005-12-01 00:00:00.0000000,0
8266,Age Is Growing,NULL,album,1998-01-01 00:00:00.0000000,0
8267,Dark TV Themes,NULL,album,2017-08-17 00:00:00.0000000,9
8268,Useless Talent #32,NULL,album,2007-01-01 00:00:00.0000000,0
8269,Razor Sharp,NULL,album,2013-09-24 00:00:00.0000000,0
827,Croppy Boy - 2012 Remaster,NULL,album,2012-06-29 00:00:00.0000000,0
8270,But Then You Left Me,NULL,compilation,2015-06-23 00:00:00.0000000,0
8271,Decreation,NULL,album,2015-06-05 00:00:00.0000000,9
8272,Only Believe,NULL,album,2011-05-25 00:00:00.0000000,0
8273,Nothin' But The Devil,NULL,compilation,1999-01-01 00:00:00.0000000,0
8274,My Old Flame,NULL,compilation,2010-01-01 00:00:00.0000000,0
8275,Groove Rush #5,NULL,album,2005-11-23 00:00:00.0000000,0
8276,Greatest Hits,NULL,compilation,1992-01-01 00:00:00.0000000,0
8277,Solitaria,NULL,album,2011-01-01 00:00:00.0000000,0
8278,Somebody Nobody Loves,NULL,album,2013-01-01 00:00:00.0000000,0
8279,Contra La Pared,NULL,album,2015-10-02 00:00:00.0000000,0
828,We Belong,NULL,album,2012-01-01 00:00:00.0000000,0
8280,Que lindo es enamorarse,NULL,album,2002-04-12 00:00:00.0000000,0
8281,"It's Only Money - John Peel Session, October 1974",NULL,compilation,2011-01-01 00:00:00.0000000,0
8282,Omo Alhaji (PRBLM REMIX),NULL,single,2016-08-05 00:00:00.0000000,3
8283,Good,NULL,album,2017-02-20 00:00:00.0000000,0
8284,Bienvenido,NULL,compilation,2012-05-14 00:00:00.0000000,0
8285,Süßer die Glocken nie klingen,NULL,album,2017-11-03 00:00:00.0000000,0
8286,Antología...Boleros Vol. 2,NULL,compilation,2002-09-16 00:00:00.0000000,6
8287,Beverly Road,NULL,album,2002-03-18 00:00:00.0000000,0
8288,Niña Bonita,NULL,album,2015-09-11 00:00:00.0000000,0
8289,Cinderella,NULL,album,2007-01-01 00:00:00.0000000,0
829,Halleluhu,NULL,album,2013-05-01 00:00:00.0000000,0
8290,I'll Never Die,NULL,album,2009-06-17 00:00:00.0000000,0
8291,A Mi Favor,NULL,album,2012-09-27 00:00:00.0000000,0
8292,The Things You Do,NULL,compilation,2007-11-11 00:00:00.0000000,0
8293,Radioactive,NULL,album,2013-04-14 00:00:00.0000000,0
8294,Harry Irene,NULL,album,1978-01-01 00:00:00.0000000,0
8295,Kalt,NULL,album,2012-09-04 00:00:00.0000000,0
8296,Doin' Time In Bakersfield,NULL,album,2014-07-01 00:00:00.0000000,0
8297,I'm Gonna Make You Mine,NULL,compilation,2014-03-25 00:00:00.0000000,0
8298,"Amor I Love You / Citação: Trecho Da Obra Intitulada ""Primo Basilio"" De Eça De Queiroz Declamado Por Arnaldo Antunes",NULL,album,2000-01-01 00:00:00.0000000,0
8299,The Stone,NULL,album,2016-10-28 00:00:00.0000000,0
83,Jesus On the Mainline,NULL,album,2012-03-01 00:00:00.0000000,0
830,Since You Went Away,NULL,album,1999-12-24 00:00:00.0000000,0
8300,"Symphony No.2 in D major for recorder, trumpet, strings and continuo: 1. Spiritoso",NULL,album,1992-01-01 00:00:00.0000000,0
8301,Quel mazzolino,NULL,album,2009-01-01 00:00:00.0000000,0
8302,We Fehemt Einak,NULL,album,2014-07-14 00:00:00.0000000,0
8303,Hide and Seek!,NULL,album,2013-05-02 00:00:00.0000000,0
8304,Frozen - Deep,NULL,album,2006-09-04 00:00:00.0000000,0
8305,Targets on the Range,NULL,album,2012-03-20 00:00:00.0000000,0
8306,Digital Freestyle,NULL,album,2015-02-27 00:00:00.0000000,0
8307,Mal Bicho,NULL,compilation,2013-03-12 00:00:00.0000000,0
8308,Nacido para Ser Salvaje,NULL,album,2014-12-23 00:00:00.0000000,0
8309,Boss's Life,NULL,album,2016-05-20 00:00:00.0000000,0
831,"Études, Op. 8: No. 4 in B Major, Piacevole",NULL,album,2014-05-09 00:00:00.0000000,0
8310,Just the Wife I Love,NULL,album,2006-01-01 00:00:00.0000000,0
8311,Mozart: Requiem,NULL,album,1987-01-01 00:00:00.0000000,53
8312,El Cóndor Pasa,NULL,album,2015-03-19 00:00:00.0000000,0
8313,sin saber porqué,NULL,album,2016-04-21 00:00:00.0000000,0
8314,"Lord, I Believe in You",NULL,album,2011-05-03 00:00:00.0000000,0
8315,"Messiah, HWV 56, Part II, No. 38, Air: How Beautiful Are the Feet (Soprano)",NULL,album,2013-12-15 00:00:00.0000000,0
8316,Here We Go Again,NULL,album,1993-01-01 00:00:00.0000000,0
8317,Latest Fashion,NULL,album,2012-06-16 00:00:00.0000000,0
8318,Zlatnik,NULL,compilation,2009-01-01 00:00:00.0000000,0
8319,Lost in Transmutance,NULL,album,2015-03-27 00:00:00.0000000,0
832,Cycles of Life,NULL,single,2017-06-27 00:00:00.0000000,25
8320,All This Love (feat. One Plus One),NULL,album,2012-06-29 00:00:00.0000000,0
8321,Hunky Diamond,NULL,album,2015-07-22 00:00:00.0000000,2
8322,Sing Sing Sing - Yolanda Be Cool & DCUP Remix,NULL,single,2010-09-13 00:00:00.0000000,0
8323,All You Know,NULL,album,2014-03-07 00:00:00.0000000,0
8324,See,NULL,single,2015-01-01 00:00:00.0000000,0
8325,The Chase Is On,NULL,album,1999-01-01 00:00:00.0000000,0
8326,Zeus - Marek (AUS) Remix,NULL,single,2015-04-18 00:00:00.0000000,0
8327,Touch By Touch,NULL,album,2011-10-02 00:00:00.0000000,0
8328,Winter Wonderland,NULL,album,2013-01-01 00:00:00.0000000,0
8329,Empire Sound,NULL,single,2011-10-31 00:00:00.0000000,8
833,Just Say Who,NULL,album,2007-10-31 00:00:00.0000000,0
8330,Paixão Turista,NULL,album,2014-06-23 00:00:00.0000000,0
8331,Waving Flag (World Cup Song),NULL,album,2013-07-23 00:00:00.0000000,0
8332,Broken Dreams,NULL,album,2013-04-02 00:00:00.0000000,0
8333,4 Pieces breves: Comme une Gigue,NULL,album,2001-08-10 00:00:00.0000000,0
8334,Come On Up In Glory,NULL,album,2015-01-01 00:00:00.0000000,0
8335,Thoughts and Prayers,NULL,album,2017-08-18 00:00:00.0000000,0
8336,Habet Ya Zaman,NULL,compilation,2013-02-02 00:00:00.0000000,0
8337,Evacuate the Dancefloor,NULL,album,2014-04-05 00:00:00.0000000,0
8338,Live Hard Die Hard,NULL,album,2003-01-01 00:00:00.0000000,0
8339,Ave Negra,NULL,album,2015-10-15 00:00:00.0000000,9
834,Fake This One,NULL,album,2012-01-01 00:00:00.0000000,0
8340,2 Years Of Subtractive Recordings,NULL,album,2017-12-15 00:00:00.0000000,3
8341,Prairie Sun,NULL,album,2013-05-23 00:00:00.0000000,0
8342,It Matters To Me - Original Mix,NULL,album,2013-02-18 00:00:00.0000000,0
8343,The Family Of Man - Live,NULL,compilation,2008-01-01 00:00:00.0000000,0
8344,"Stiff Little Spinners, Vol. 4",NULL,compilation,2013-11-01 00:00:00.0000000,43
8345,Oboe Concerto in D Minor: II. Adagio,NULL,album,2010-08-01 00:00:00.0000000,0
8346,The First Noel,NULL,album,2012-12-01 00:00:00.0000000,0
8347,Just The Way You Are (Made Famous by Bruno Mars),NULL,album,2011-03-01 00:00:00.0000000,0
8348,Je Mi To Líto,NULL,album,2015-11-15 00:00:00.0000000,0
8349,R U Still Down? [Remember Me],NULL,album,1997-01-01 00:00:00.0000000,70
835,One Inch Rock #2 - Live in London 1969,NULL,compilation,2010-05-31 00:00:00.0000000,0
8350,$$$ (feat. David Ray & Suicidal),NULL,album,2013-10-31 00:00:00.0000000,0
8351,Schifahr´n ist schön,NULL,compilation,2010-11-05 00:00:00.0000000,0
8352,Take The Wheel,NULL,album,2009-09-22 00:00:00.0000000,0
8353,Sevda Tanrıçası,NULL,album,2014-10-07 00:00:00.0000000,0
8354,คืนข้ามปี,NULL,compilation,2014-07-24 00:00:00.0000000,0
8355,Henayyen,NULL,album,2012-11-13 00:00:00.0000000,0
8356,Springlekar och Gånglåtar,NULL,album,1978-01-01 00:00:00.0000000,9
8357,Y Nada Mas,NULL,album,2009-02-13 00:00:00.0000000,0
8358,Smile - Walker & Royce Remix,NULL,single,2016-10-14 00:00:00.0000000,0
8359,Box Energy,NULL,compilation,2005-01-01 00:00:00.0000000,0
836,Long Ways to Go,NULL,single,2014-02-15 00:00:00.0000000,0
8360,"Jesu, Der Du Selbst So Wohl Bwv 355",NULL,album,2007-03-28 00:00:00.0000000,0
8361,Get What You Got Comin',NULL,album,2012-12-09 00:00:00.0000000,0
8362,Solamente Una Vez,NULL,album,2010-09-03 00:00:00.0000000,0
8363,Suite hebraique*: I. Rapsodie,NULL,album,2013-06-04 00:00:00.0000000,0
8364,The Family,NULL,album,2014-01-01 00:00:00.0000000,0
8365,J'veux du soleil,NULL,album,2014-02-24 00:00:00.0000000,0
8366,Only the Love Songs - 180 Romantic Songs,NULL,compilation,2007-11-01 00:00:00.0000000,0
8367,Incomparable,NULL,album,2014-11-24 00:00:00.0000000,0
8368,Thinking out Loud (Reggae Cover),NULL,single,2017-02-10 00:00:00.0000000,0
8369,Tinh Ca Tren Lua,NULL,album,1993-01-01 00:00:00.0000000,0
837,Too Blind to See It - Marc Kiss Edit,NULL,single,2009-11-13 00:00:00.0000000,0
8370,Plays Takeshi's Gutta Percha,NULL,compilation,2000-07-13 00:00:00.0000000,0
8371,Got a Feeling - Mash Remix,NULL,single,2013-06-21 00:00:00.0000000,0
8372,Aquí En Mi Corazón,NULL,album,2009-01-01 00:00:00.0000000,0
8373,"Thank You for Being a Friend (From ""Golden Girls"")",NULL,album,2012-11-16 00:00:00.0000000,0
8374,El Dorian,NULL,album,2014-10-23 00:00:00.0000000,0
8375,Coast to Coast,NULL,album,2014-02-18 00:00:00.0000000,0
8376,Sweat - 3rdimension Remix,NULL,single,2012-08-03 00:00:00.0000000,0
8377,VH1 Storytellers,NULL,compilation,2000-01-01 00:00:00.0000000,30
8378,Voy Pa'encima,NULL,compilation,2003-10-20 00:00:00.0000000,0
8379,P.I. Tchaikovsky: The Seasons 12 pieces for piano No.11 November: Troika Op.37b-11,NULL,album,2011-09-21 00:00:00.0000000,0
838,Outside And Inside,NULL,album,2002-01-01 00:00:00.0000000,0
8380,Flatt & Scruggs 1948-1959,NULL,album,2015-07-01 00:00:00.0000000,12
8381,Tha 'rtho Na Se Vro,NULL,album,2009-01-01 00:00:00.0000000,0
8382,Doin Our Thang,NULL,album,2010-01-08 00:00:00.0000000,4
8383,Roba Novios,NULL,album,2016-07-27 00:00:00.0000000,0
8384,Tick Tock,NULL,album,1997-01-01 00:00:00.0000000,0
8385,Squeeky Texas Calls (Interlude),NULL,single,2016-04-26 00:00:00.0000000,0
8386,The Golden Child,NULL,album,2009-06-01 00:00:00.0000000,0
8387,Contigo Aprendí,NULL,compilation,2014-11-21 00:00:00.0000000,0
8388,Hov Arek,NULL,album,2013-05-12 00:00:00.0000000,0
8389,Porque Eres Ansina,NULL,compilation,1996-01-01 00:00:00.0000000,0
839,What We Lost,NULL,album,2014-06-16 00:00:00.0000000,0
8390,For The Good Times,NULL,album,2010-05-18 00:00:00.0000000,0
8391,South Australia,NULL,album,2006-01-01 00:00:00.0000000,0
8392,White Horse (Live),NULL,album,2006-09-22 00:00:00.0000000,0
8393,Asi Como Tu Estoy Yo,NULL,compilation,2013-01-31 00:00:00.0000000,0
8394,Johnny Guitar,NULL,compilation,2000-02-02 00:00:00.0000000,0
8395,Tempted To Touch,NULL,album,2007-01-01 00:00:00.0000000,0
8396,Cuban Nights,NULL,album,2007-01-01 00:00:00.0000000,0
8397,Not Alone - Deadmau5 Remix,NULL,compilation,2008-01-01 00:00:00.0000000,0
8398,Bière tablette,NULL,album,2012-04-24 00:00:00.0000000,0
8399,Um Dia Qualquer (Ensaio),NULL,album,2016-11-11 00:00:00.0000000,0
84,Saturn,NULL,album,1996-01-01 00:00:00.0000000,0
840,La Perdí featuring David Lee Garza,NULL,album,2011-09-06 00:00:00.0000000,0
8400,Language of Love,NULL,compilation,1962-08-10 00:00:00.0000000,0
8401,"Messiah, HWV 56 / Pt. 2: 37. ""Their sound is gone out""",NULL,album,1985-09-16 00:00:00.0000000,0
8402,Stupid Thing To Say,NULL,album,1997-05-13 00:00:00.0000000,0
8403,Reign Over Me - Live,NULL,album,2013-09-08 00:00:00.0000000,0
8404,Se Desintegra El Amor,NULL,album,2011-01-01 00:00:00.0000000,0
8405,You Lied To Me,NULL,album,1992-01-01 00:00:00.0000000,0
8406,Yadesh Bekheir,NULL,album,2014-01-01 00:00:00.0000000,0
8407,Sabor a Pecado,NULL,album,2002-01-01 00:00:00.0000000,0
8408,Anioł pasterzom mówił,NULL,album,2015-01-01 00:00:00.0000000,0
8409,Sons of Beat,NULL,album,2011-12-21 00:00:00.0000000,0
841,Talk About Jesus (feat. Beacon Light),NULL,album,2014-10-07 00:00:00.0000000,0
8410,Montedivenere - Remastered,NULL,album,1996-01-01 00:00:00.0000000,0
8411,I Can't Say Hello,NULL,album,2008-01-01 00:00:00.0000000,0
8412,Transmissions,NULL,album,1993-01-01 00:00:00.0000000,16
8413,They Blew It Down,NULL,album,2012-01-27 00:00:00.0000000,0
8414,Mi Prieta Consentida,NULL,compilation,2006-03-18 00:00:00.0000000,0
8415,Outra Vida,NULL,compilation,2003-01-01 00:00:00.0000000,0
8416,Meltyface,NULL,album,2014-09-02 00:00:00.0000000,0
8417,Skit,NULL,album,2000-12-19 00:00:00.0000000,0
8418,Embrasse moi,NULL,compilation,2012-08-13 00:00:00.0000000,0
8419,Sunny,NULL,compilation,1999-01-01 00:00:00.0000000,0
842,Break Free - 130 BPM Workout Remix,NULL,album,2014-12-22 00:00:00.0000000,0
8420,"Work Hard, Party Harder",NULL,compilation,2014-02-25 00:00:00.0000000,0
8421,Holic,NULL,album,2014-12-02 00:00:00.0000000,0
8422,Pride And Passion,NULL,compilation,2010-01-01 00:00:00.0000000,0
8423,"Lawrence Of Arabia: Theme - From ""Lawrence Of Arabia""",NULL,album,1963-05-15 00:00:00.0000000,0
8424,Gagnez gagnez,NULL,album,2011-01-01 00:00:00.0000000,17
8425,Wolf Wolf - Screwed and Chopped,NULL,album,2003-12-23 00:00:00.0000000,0
8426,El Galán,NULL,album,2013-05-06 00:00:00.0000000,0
8427,If I Was Yo Man,NULL,album,2011-10-18 00:00:00.0000000,0
8428,Casi Nada,NULL,album,2017-10-27 00:00:00.0000000,0
8429,Emax I,NULL,album,1998-01-01 00:00:00.0000000,0
843,Özgürlüğün Bedeli 2,NULL,album,2011-03-11 00:00:00.0000000,0
8430,Tribute to Dagrin,NULL,album,2011-03-21 00:00:00.0000000,0
8431,The Lady of My Dreams,NULL,compilation,2015-12-30 00:00:00.0000000,0
8432,Royal Clipper (WYM165) - Extended Mix,NULL,album,2017-06-05 00:00:00.0000000,0
8433,Rain Sound and Sea Birds,NULL,album,2014-10-14 00:00:00.0000000,0
8434,Solitary Winter Night,NULL,album,2005-03-29 00:00:00.0000000,0
8435,Gunshots (with Kiwi),NULL,album,2007-01-01 00:00:00.0000000,0
8436,Crazy Beautiful,NULL,album,2016-06-24 00:00:00.0000000,0
8437,Lampioni,NULL,single,2020-10-15 00:00:00.0000000,0
8438,Akhir Tak Bahagia,NULL,single,2021-03-12 00:00:00.0000000,59
8439,No Sabrás Mi Dolor,NULL,album,2011-11-01 00:00:00.0000000,0
844,Til The End Of Time,NULL,single,2016-01-21 00:00:00.0000000,0
8440,Cool Songs In Bossa,NULL,compilation,2010-01-01 00:00:00.0000000,0
8441,Love Love Love,NULL,album,2007-06-06 00:00:00.0000000,0
8442,Baby Doll,NULL,single,2013-04-22 00:00:00.0000000,0
8443,"4 Fantasticos Sonideros, Vol. 2",NULL,compilation,2004-05-04 00:00:00.0000000,8
8444,Shifting Down,NULL,album,1980-01-01 00:00:00.0000000,0
8445,Karezza (Remastered),NULL,album,2011-08-29 00:00:00.0000000,0
8446,Makes Me Wonder,NULL,album,2012-06-05 00:00:00.0000000,0
8447,"Rose, Rose",NULL,album,1994-01-01 00:00:00.0000000,0
8448,These Infernal Machines,NULL,single,2013-06-24 00:00:00.0000000,0
8449,キライラ,NULL,single,2020-11-20 00:00:00.0000000,2
845,Heavy Pressure,NULL,album,2015-04-07 00:00:00.0000000,0
8450,The Winter Year,NULL,album,2012-08-28 00:00:00.0000000,8
8451,Revival,NULL,single,2017-10-04 00:00:00.0000000,18
8452,Retro Neon Contradiction,NULL,album,2013-05-25 00:00:00.0000000,0
8453,Christmas Night,NULL,album,2016-02-19 00:00:00.0000000,0
8454,Caraibic Guitar (Brazilian Lounge Music),NULL,album,2016-05-05 00:00:00.0000000,0
8455,WERK! - Radio Edit,NULL,single,2015-09-11 00:00:00.0000000,0
8456,La Que Se Fue,NULL,album,2010-01-01 00:00:00.0000000,0
8457,"L'Oracolo in Messenia, Atto Secondo, Scena 11: Aria: Chi condanna il regio sangue (Epitide)",NULL,album,2012-09-24 00:00:00.0000000,0
8458,Bammie' Riff,NULL,album,1990-01-01 00:00:00.0000000,0
8459,You're Easy to Dance With (with Fred Astaire),NULL,compilation,2000-02-04 00:00:00.0000000,0
846,Accoustic Christmas Favourites,NULL,album,2010-11-29 00:00:00.0000000,0
8460,Les mystères joyeux : Hymne Ave Maris Stella,NULL,compilation,2011-01-08 00:00:00.0000000,0
8461,Bonfire,NULL,album,2016-11-18 00:00:00.0000000,0
8462,White T-Shirt,NULL,album,2007-01-01 00:00:00.0000000,0
8463,Limehouse Blues,NULL,album,2008-01-01 00:00:00.0000000,0
8464,Atal Va Matal,NULL,single,1994-01-11 00:00:00.0000000,0
8465,No Excuse - wAFF Remake,NULL,single,2016-02-08 00:00:00.0000000,0
8466,Fortune Cookie,NULL,album,2001-10-30 00:00:00.0000000,0
8467,Extra Track for Lily,NULL,album,2016-09-19 00:00:00.0000000,0
8468,"Prayer of Julian of Norwich, Op. 528",NULL,album,2008-01-27 00:00:00.0000000,0
8469,Forever,NULL,single,1968-06-08 00:00:00.0000000,37
847,Love Don't Love You,NULL,album,2015-09-11 00:00:00.0000000,0
8470,Doggystyle Restyled: A Tribute to Snoop Dogg,NULL,compilation,2013-12-17 00:00:00.0000000,4
8471,Sestetto in re Magg. Op.110: Minuetto (Agitato),NULL,album,2010-02-08 00:00:00.0000000,0
8472,Hcp,NULL,album,2009-01-01 00:00:00.0000000,0
8473,Pull The Curtains,NULL,single,2005-09-27 00:00:00.0000000,0
8474,J. S. Bach - Flute Sonatas - Philippa Davies - Maggie Cole - Alison McGillivary,NULL,album,2006-07-20 00:00:00.0000000,0
8475,Biscaya,NULL,album,1999-01-01 00:00:00.0000000,0
8476,El Ejemplo De Tenares,NULL,album,1997-01-01 00:00:00.0000000,4
8477,Euphoria (Winterborn) - Original Mix,NULL,compilation,2015-08-28 00:00:00.0000000,0
8478,Nadine - Live,NULL,album,2007-06-18 00:00:00.0000000,0
8479,Shattered Glass,NULL,album,2013-07-16 00:00:00.0000000,0
848,"Hair — Karaoké Playback Avec Choeurs — Rendu Célèbre Par La Troupe De Hair (Comédie Musicale ""Hair"")",NULL,album,2011-01-18 00:00:00.0000000,0
8480,La Chiva,NULL,album,2011-03-08 00:00:00.0000000,0
8481,"Donizetti: Lucia di Lammermoor, Act 3: ""Oh, meschina! Oh, fato orrendo!"" (Chorus, Edgardo, Raimondo)",NULL,album,2014-11-21 00:00:00.0000000,0
8482,Vessel,NULL,album,2015-05-12 00:00:00.0000000,0
8483,Usaría un Vestido Igual a Vos (Remastered),NULL,album,2015-04-21 00:00:00.0000000,0
8484,Stranger in Paradise,NULL,compilation,2013-01-22 00:00:00.0000000,0
8485,My Heart Is Open,NULL,single,2014-11-11 00:00:00.0000000,0
8486,"The Seasons, Op. 37 bis: No. 1 January by the Fireplace",NULL,album,1984-01-01 00:00:00.0000000,0
8487,Sink into Stone,NULL,album,2006-10-03 00:00:00.0000000,0
8488,Illusions,NULL,album,2015-03-13 00:00:00.0000000,0
8489,Encounter,NULL,single,2014-03-17 00:00:00.0000000,0
849,Your Room,NULL,compilation,2008-11-18 00:00:00.0000000,0
8490,A Natural Woman (You Make Me Feel Like) [The Voice Brasil],NULL,single,2014-01-01 00:00:00.0000000,4
8491,Tears in My Eyes,NULL,compilation,2006-01-01 00:00:00.0000000,0
8492,The Thrill Is Gone,NULL,compilation,2008-01-01 00:00:00.0000000,0
8493,How Insensitive,NULL,album,2007-01-01 00:00:00.0000000,0
8494,Drug Me - Blood Rooted Mix,NULL,album,1997-01-01 00:00:00.0000000,0
8495,Stand Strong,NULL,album,2005-11-01 00:00:00.0000000,0
8496,Bright Moments,NULL,album,2017-02-10 00:00:00.0000000,0
8497,Fresh To Death (feat. Frenchie),NULL,album,2014-02-26 00:00:00.0000000,0
8498,Windy Mood,NULL,compilation,2014-03-12 00:00:00.0000000,0
8499,Feeling Chillout 90' Hits,NULL,album,2010-09-14 00:00:00.0000000,0
85,Uber,NULL,album,2016-07-07 00:00:00.0000000,0
850,Classic Moods - Gregorian Chants,NULL,album,2004-01-01 00:00:00.0000000,2
8500,Sem Companhia,NULL,compilation,2012-04-17 00:00:00.0000000,0
8501,With Or Without You,NULL,album,2009-01-01 00:00:00.0000000,0
8502,Dark Warrior [ASOT 632] - Original Mix,NULL,album,2013-09-26 00:00:00.0000000,0
8503,Reflections In Blue,NULL,compilation,1991-01-01 00:00:00.0000000,0
8504,Ogaranya,NULL,album,2014-04-14 00:00:00.0000000,0
8505,Hanging On By A Thread - Remix,NULL,album,2012-01-01 00:00:00.0000000,0
8506,Chang The Thieu Em,NULL,album,2012-06-29 00:00:00.0000000,0
8507,احسن ناس,NULL,album,2011-01-01 00:00:00.0000000,0
8508,Here Comes Marjorie (10 - 28 - 30),NULL,album,2009-04-27 00:00:00.0000000,0
8509,Pulse,NULL,album,2013-01-21 00:00:00.0000000,0
851,Over the River and Through the Woods (Vocal),NULL,compilation,2011-01-01 00:00:00.0000000,0
8510,Proyecto Orquestal Promusica de Malaga 2013-2014,NULL,compilation,2015-08-14 00:00:00.0000000,0
8511,8 Corazones Grandes éxitos,NULL,album,2016-06-28 00:00:00.0000000,46
8512,Digno de Alabar,NULL,album,1987-01-01 00:00:00.0000000,0
8513,Summer Don't You Dare,NULL,album,2013-07-30 00:00:00.0000000,0
8514,Heating Up,NULL,single,2013-08-30 00:00:00.0000000,0
8515,Bruce Wayne,NULL,album,2017-08-30 00:00:00.0000000,0
8516,What Have I Done - Single Version,NULL,album,1997-01-01 00:00:00.0000000,0
8517,5 Fingers (arr. J. Morgan): Five Weeks,NULL,album,2007-09-01 00:00:00.0000000,0
8518,Quit Whinnin',NULL,album,2007-03-20 00:00:00.0000000,0
8519,El Rayo De Sinaloa,NULL,album,2015-05-01 00:00:00.0000000,0
852,Evening Stars,NULL,album,1982-07-01 00:00:00.0000000,0
8520,Shining in the Distance,NULL,album,2016-08-19 00:00:00.0000000,0
8521,Hard Times - Remix,NULL,single,2014-06-16 00:00:00.0000000,0
8522,Story of Jhon,NULL,album,2013-09-03 00:00:00.0000000,0
8523,Chillout Summer Edition 2014,NULL,album,2014-05-14 00:00:00.0000000,0
8524,Theme From Schindler's List,NULL,album,2009-08-18 00:00:00.0000000,0
8525,From Dusty With Love (Remastered),NULL,album,1970-01-15 00:00:00.0000000,17
8526,Veinte,NULL,album,2013-03-01 00:00:00.0000000,31
8527,Swing Arrollador,NULL,album,2016-12-16 00:00:00.0000000,0
8528,My Life,NULL,album,2015-01-01 00:00:00.0000000,0
8529,Nursery Puzzle,NULL,album,2013-09-17 00:00:00.0000000,0
853,Johnny Grave,NULL,album,2011-11-28 00:00:00.0000000,0
8530,"Gimme, Gimme, Gimme",NULL,compilation,2011-01-18 00:00:00.0000000,0
8531,Es hat sich halt eroffnet,NULL,album,1995-01-01 00:00:00.0000000,0
8532,Miénteme,NULL,album,1971-06-06 00:00:00.0000000,0
8533,Physical - (Full Vocal Version) In the style of Glee Cast,NULL,album,2011-01-11 00:00:00.0000000,0
8534,L'esercito delle Forchette,NULL,album,1997-05-18 00:00:00.0000000,0
8535,Says My Heart,NULL,compilation,2010-06-14 00:00:00.0000000,0
8536,Flow,NULL,album,2009-01-08 00:00:00.0000000,0
8537,Dias De Sol - Live,NULL,album,2008-01-01 00:00:00.0000000,0
8538,"Leader of the Pack - Live at the Marquee, London, UK, 3/5/1983",NULL,album,2011-09-19 00:00:00.0000000,0
8539,Quien Es Como Tú,NULL,compilation,2005-01-01 00:00:00.0000000,0
854,Da Doo Ron Ron,NULL,album,2010-03-22 00:00:00.0000000,0
8540,I Can Do Anything,NULL,album,1990-09-24 00:00:00.0000000,0
8541,Resuscitate: Acoustic Sessions,NULL,album,2013-01-01 00:00:00.0000000,0
8542,I've Said Too Much,NULL,album,2005-09-05 00:00:00.0000000,0
8543,Lullaby Versions of Backstreet Boys,NULL,album,2018-02-15 00:00:00.0000000,16
8544,Kpm 1000 Series: Bass Guitar and Percussion - Volume 1,NULL,album,1971-03-01 00:00:00.0000000,11
8545,"Symphony No. 4 in C Minor, D. 417, ""Tragic"": III. Menuetto: Allegro vivace",NULL,album,1994-11-13 00:00:00.0000000,0
8546,Next Level,NULL,single,2016-11-18 00:00:00.0000000,0
8547,Una manciata di miracoli,NULL,compilation,2011-02-16 00:00:00.0000000,0
8548,Grannen mitt emot,NULL,single,2014-03-28 00:00:00.0000000,2
8549,Aire,NULL,album,2009-11-17 00:00:00.0000000,0
855,Tunnel Vision - Radio Edit,NULL,compilation,2014-11-21 00:00:00.0000000,0
8550,Some Other Wonder - Bman Remix,NULL,album,2013-03-11 00:00:00.0000000,0
8551,The Angel Of Goliad,NULL,album,2010-01-28 00:00:00.0000000,0
8552,Switch,NULL,single,2018-05-08 00:00:00.0000000,52
8553,Bright Sunny South,NULL,album,2009-07-14 00:00:00.0000000,0
8554,301 Clock,NULL,album,2017-02-15 00:00:00.0000000,0
8555,"Piano Concerto No. 2 in G Minor, Op. 22: II. Allegro scherzando",NULL,album,1958-01-01 00:00:00.0000000,0
8556,Remember Love [Mix Cut] - Original Mix,NULL,album,2011-01-01 00:00:00.0000000,0
8557,I've Got Everything I Want - I Had A Ball/1964 Original Broadway Cast/Remastered,NULL,album,2003-01-01 00:00:00.0000000,0
8558,Little Miss Know-It-All,NULL,album,2016-04-15 00:00:00.0000000,0
8559,Got Dem Dealz,NULL,album,2016-08-22 00:00:00.0000000,0
856,Bella Belle - Ximun Remix,NULL,single,2014-03-10 00:00:00.0000000,0
8560,Lost in Translation,NULL,album,2016-02-10 00:00:00.0000000,0
8561,The Tender Trap (08-05-55),NULL,compilation,1955-01-01 00:00:00.0000000,0
8562,I Ride An Old Paint,NULL,compilation,2014-02-04 00:00:00.0000000,0
8563,This Is It,NULL,album,2017-04-21 00:00:00.0000000,0
8564,I Want You Back,NULL,album,2009-08-24 00:00:00.0000000,0
8565,Brekkan,NULL,album,2007-01-19 00:00:00.0000000,0
8566,Break Me Down,NULL,album,2013-02-15 00:00:00.0000000,0
8567,Getto Music,NULL,album,2015-05-22 00:00:00.0000000,0
8568,I'm Listening Now,NULL,compilation,2015-12-11 00:00:00.0000000,0
8569,Equal Rights,NULL,album,2005-09-05 00:00:00.0000000,0
857,Otello (Highlights): Act I: Esultate!,NULL,album,1970-01-01 00:00:00.0000000,0
8570,Chase,NULL,album,2008-08-26 00:00:00.0000000,0
8571,Twinkle Twinkle Little Dark Wave Star,NULL,album,2009-05-06 00:00:00.0000000,0
8572,Classical Twisted Haunting Horror,NULL,album,2015-06-18 00:00:00.0000000,0
8573,The Don (Part I),NULL,album,1993-01-01 00:00:00.0000000,0
8574,Just Another Guy,NULL,album,2012-06-19 00:00:00.0000000,0
8575,Love Me Or Leave Me,NULL,compilation,2007-08-24 00:00:00.0000000,0
8576,Love And Affection - Remastered in 2003,NULL,album,1990-02-11 00:00:00.0000000,0
8577,Onaji Sora,NULL,album,2014-05-20 00:00:00.0000000,0
8578,Mano Légua,NULL,album,2016-08-26 00:00:00.0000000,0
8579,Suenas Conmigo,NULL,album,2008-01-01 00:00:00.0000000,0
858,Munduk,NULL,album,2008-01-01 00:00:00.0000000,8
8580,Goldy Girl - 1995 Remaster,NULL,album,1995-01-01 00:00:00.0000000,0
8581,Victim In Pain,NULL,album,1984-01-01 00:00:00.0000000,24
8582,"Islamey, Op. 18 ""An Oriental Fantasy""",NULL,album,2015-03-18 00:00:00.0000000,0
8583,People = Shit,NULL,single,2020-07-07 00:00:00.0000000,9
8584,5AM (A Girl Like You) - TiTan Remix,NULL,single,2010-01-01 00:00:00.0000000,0
8585,Josephine,NULL,album,2007-03-28 00:00:00.0000000,0
8586,Dear Lord And Father,NULL,album,2006-08-04 00:00:00.0000000,0
8587,Public Enemy #1,NULL,album,1991-01-01 00:00:00.0000000,0
8588,Hard to Think About (Live),NULL,album,2015-12-25 00:00:00.0000000,0
8589,Magic #,NULL,album,1983-03-07 00:00:00.0000000,27
859,Depth Perceptions,NULL,single,2011-11-14 00:00:00.0000000,0
8590,Spoken Introduction - Bedside Notebook... (Live),NULL,album,2001-12-01 00:00:00.0000000,0
8591,Señorita,NULL,single,1999-01-01 00:00:00.0000000,0
8592,Priateli - Friends,NULL,album,1982-01-01 00:00:00.0000000,0
8593,MacNamara's Band,NULL,compilation,2011-07-08 00:00:00.0000000,0
8594,You're No Good,NULL,album,2008-05-08 00:00:00.0000000,0
8595,Ba7ebak Ya Ghaly,NULL,album,2012-11-04 00:00:00.0000000,0
8596,Undefined,NULL,album,2008-06-15 00:00:00.0000000,0
8597,นานเท่าไรก็รอ,NULL,compilation,2016-01-28 00:00:00.0000000,0
8598,Dieu aime ses enfants,NULL,compilation,2012-02-18 00:00:00.0000000,0
8599,Стеклянные цветы,NULL,album,1996-01-01 00:00:00.0000000,0
86,肉在您的面孔 - Chicken in your Face,NULL,album,2009-01-01 00:00:00.0000000,0
860,Hometown On The Foyle,NULL,album,2008-02-08 00:00:00.0000000,0
8600,Infinite Bright,NULL,single,2014-03-11 00:00:00.0000000,13
8601,"Danza Espagnol, No. 5",NULL,album,2011-03-01 00:00:00.0000000,0
8602,"Scherzo No. 2 In B Flat Minor, Op. 31",NULL,album,2007-01-01 00:00:00.0000000,0
8603,Believe in Love - Radio Edit,NULL,compilation,2013-01-25 00:00:00.0000000,0
8604,Remove Control - Original Mix,NULL,single,2013-03-11 00:00:00.0000000,0
8605,Tha Truth,NULL,album,2015-07-24 00:00:00.0000000,31
8606,Everytime I Fall in Love,NULL,album,2010-02-15 00:00:00.0000000,0
8607,Solar Sister,NULL,album,2016-09-27 00:00:00.0000000,0
8608,From the Start,NULL,album,2011-09-19 00:00:00.0000000,0
8609,Sanctuary of Opening Chakras (Third Eye Chakra Activation),NULL,compilation,2016-11-15 00:00:00.0000000,0
861,Toms Diner (DJs from Mars Video Club Remix),NULL,compilation,2012-02-26 00:00:00.0000000,0
8610,Feels Right,NULL,single,2016-08-05 00:00:00.0000000,0
8611,Music for Film and Theatre,NULL,album,2014-01-20 00:00:00.0000000,0
8612,"""What Are You Doing?""",NULL,album,1997-01-01 00:00:00.0000000,0
8613,Audience,NULL,album,1994-01-01 00:00:00.0000000,0
8614,All of Me (Club Hittin Fit Mix),NULL,compilation,2014-09-14 00:00:00.0000000,0
8615,"Waltz in D-Flat Major, Op. 64, No. 1, ""Minute Waltz""",NULL,album,2014-08-07 00:00:00.0000000,0
8616,La Que Se Fue,NULL,album,2016-06-27 00:00:00.0000000,0
8617,Trance Dance (Unmixed Version),NULL,album,2013-09-17 00:00:00.0000000,0
8618,"Sound Offerings from South Africa, Vol. 2",NULL,compilation,1999-08-27 00:00:00.0000000,0
8619,"Symphony No. 2 in D major, Op. 73: iv Allegro con spirito",NULL,compilation,2012-05-06 00:00:00.0000000,0
862,Dog Eat Dog,NULL,album,2002-01-01 00:00:00.0000000,0
8620,Now That You're Mine,NULL,single,2015-12-03 00:00:00.0000000,0
8621,Vigilante,NULL,single,2014-03-31 00:00:00.0000000,0
8622,Salvation,NULL,single,2007-09-26 00:00:00.0000000,14
8623,What Is The Measure Of Your Success - Now The Truth Can Be Told Album Version,NULL,album,1994-01-01 00:00:00.0000000,0
8624,Baleboste,NULL,compilation,2009-01-01 00:00:00.0000000,0
8625,Reverence,NULL,compilation,2002-05-22 00:00:00.0000000,0
8626,Schlaflied - A-Cappella,NULL,album,1994-10-10 00:00:00.0000000,0
8627,Bella Stronza,NULL,album,2015-02-25 00:00:00.0000000,0
8628,Wåndern im Wåld,NULL,album,2010-12-27 00:00:00.0000000,0
8629,Yoga Healing Music,NULL,album,2014-12-27 00:00:00.0000000,0
863,Silent Night,NULL,album,2007-11-20 00:00:00.0000000,0
8630,To Find You,NULL,album,2016-12-10 00:00:00.0000000,0
8631,Time Stands Still,NULL,album,2009-05-22 00:00:00.0000000,0
8632,""" Le Tombeau de Couperin "" : II. Fugue: Allegro moderato (à la memoire du sous-lieteunant Jean Cruppi)",NULL,album,2009-06-17 00:00:00.0000000,0
8633,"Hey, Wait A Minute",NULL,album,2008-09-23 00:00:00.0000000,0
8634,Make It Up (1961 Single Version),NULL,album,1962-01-01 00:00:00.0000000,0
8635,"Fantasia Para Saxophone, W490: III. Très animé",NULL,album,2017-03-24 00:00:00.0000000,0
8636,Machinas 2,NULL,single,2015-02-07 00:00:00.0000000,0
8637,Sonata for Violin and Piano in G Minor - III Finale (très animé),NULL,album,2006-03-01 00:00:00.0000000,0
8638,Love Story,NULL,album,2015-10-30 00:00:00.0000000,0
8639,Christmas Lullaby,NULL,compilation,2011-09-06 00:00:00.0000000,0
864,Tongue-Clucking Grammarian,NULL,album,2008-01-01 00:00:00.0000000,0
8640,What's My Name (Made Famous by Rihanna & Drake),NULL,album,2011-03-01 00:00:00.0000000,0
8641,What Child Is This?,NULL,album,2003-01-01 00:00:00.0000000,0
8642,Outta Control,NULL,album,2011-11-01 00:00:00.0000000,0
8643,Sherwin Street,NULL,album,2016-01-25 00:00:00.0000000,0
8644,Little Mick's Jig,NULL,album,2015-04-02 00:00:00.0000000,0
8645,Life in Transit,NULL,album,2014-10-09 00:00:00.0000000,5
8646,Page Mr. Trumpet,NULL,album,2009-01-01 00:00:00.0000000,0
8647,Overtüre,NULL,album,2010-02-19 00:00:00.0000000,0
8648,Bada Gets Ready for Bed,NULL,album,2016-10-28 00:00:00.0000000,0
8649,Rise Above,NULL,album,2006-06-20 00:00:00.0000000,0
865,Чёрная тоска,NULL,album,2014-01-01 00:00:00.0000000,0
8650,Summertime,NULL,album,1996-01-01 00:00:00.0000000,0
8651,Mythbusters,NULL,album,2016-06-16 00:00:00.0000000,0
8652,Planet Earth,NULL,album,2006-01-01 00:00:00.0000000,0
8653,"Piano Concerto No.1 in E flat, S.124: 2a. Quasi adagio",NULL,album,1991-01-01 00:00:00.0000000,0
8654,Twilight Time,NULL,album,2010-01-01 00:00:00.0000000,0
8655,T'aimer follement,NULL,compilation,2012-01-01 00:00:00.0000000,0
8656,Everything Happens to Me - Remastered,NULL,album,2014-01-17 00:00:00.0000000,0
8657,Pink,NULL,album,2015-08-14 00:00:00.0000000,0
8658,Keep Me Guessing,NULL,album,2015-04-15 00:00:00.0000000,0
8659,Y para Qué - En Vivo,NULL,album,1998-01-01 00:00:00.0000000,0
866,Poke,NULL,album,1998-01-01 00:00:00.0000000,0
8660,Reap What You Sow,NULL,album,2009-05-26 00:00:00.0000000,0
8661,Scalping Party,NULL,single,1995-01-01 00:00:00.0000000,4
8662,Há um Clamor,NULL,album,2015-12-15 00:00:00.0000000,3
8663,Skyline - Original Mix,NULL,single,2010-12-21 00:00:00.0000000,0
8664,Steam Heat,NULL,album,1974-01-01 00:00:00.0000000,0
8665,Gonna Take a Lot of River,NULL,album,2009-04-06 00:00:00.0000000,0
8666,"Prelude in D minor, BWV 999",NULL,album,2007-10-23 00:00:00.0000000,0
8667,La Hummer De Culiacán,NULL,compilation,2016-01-01 00:00:00.0000000,0
8668,This Corrosion,NULL,album,2004-01-01 00:00:00.0000000,0
8669,Dabogda,NULL,album,2008-01-01 00:00:00.0000000,0
867,Perdido Por El Mundo (feat. Daddy Yankee),NULL,album,2010-01-01 00:00:00.0000000,0
8670,Guard Ya Grill,NULL,album,2009-11-24 00:00:00.0000000,0
8671,You Don't Love Me,NULL,single,1968-04-05 00:00:00.0000000,29
8672,Una Rosa,NULL,album,2007-09-27 00:00:00.0000000,0
8673,Youth Allowance,NULL,single,2015-10-26 00:00:00.0000000,1
8674,The Lucky Caller No 9.,NULL,album,2008-10-10 00:00:00.0000000,2
8675,Pickin' Time,NULL,album,2008-01-01 00:00:00.0000000,0
8676,Quatuor Satie,NULL,album,2016-10-28 00:00:00.0000000,34
8677,Sopa De Caracol,NULL,album,2010-11-30 00:00:00.0000000,0
8678,Let Cho Feelins Show,NULL,album,2002-01-01 00:00:00.0000000,0
8679,Enamorados (Bolero),NULL,album,2010-03-25 00:00:00.0000000,0
868,Y Me Dijo Adios,NULL,album,2012-04-03 00:00:00.0000000,0
8680,See Me Now (Da Tweekaz Remix) - Radio Version,NULL,single,2016-03-01 00:00:00.0000000,0
8681,Atef We Faten - عاطف و فاتن,NULL,single,2012-01-01 00:00:00.0000000,0
8682,Whom Shall I Fear (God of Angel Armies),NULL,album,2013-04-30 00:00:00.0000000,0
8683,"Erhalt' Uns, Herr, Bei Deinem Wort, Cantate Bwv 6",NULL,album,2007-03-28 00:00:00.0000000,0
8684,Underneath,NULL,album,2020-11-08 00:00:00.0000000,65
8685,Roll Roll Pretty Baby,NULL,compilation,2011-12-21 00:00:00.0000000,0
8686,Synergism,NULL,compilation,2005-06-01 00:00:00.0000000,0
8687,Out of This World,NULL,album,2006-01-01 00:00:00.0000000,0
8688,Messy,NULL,album,2011-04-20 00:00:00.0000000,0
8689,Lugar Apartado,NULL,album,2000-06-20 00:00:00.0000000,0
869,Summertime,NULL,single,2016-10-28 00:00:00.0000000,0
8690,Before You Accuse Me,NULL,album,1998-01-01 00:00:00.0000000,0
8691,"Stay Fresh, Dirty Mess",NULL,album,2009-10-27 00:00:00.0000000,0
8692,Acángana,NULL,album,2013-02-27 00:00:00.0000000,0
8693,Break Em Up Homeboy,NULL,album,2007-02-27 00:00:00.0000000,0
8694,The Bar Exam 3 (No DJ Version),NULL,album,2010-06-01 00:00:00.0000000,0
8695,Wedding Tracks - Amazed [Performance Track],NULL,single,2006-05-09 00:00:00.0000000,0
8696,"Get the Paper (feat. Jaxon, A.K.)",NULL,album,2008-10-15 00:00:00.0000000,0
8697,Sifflez en travaillant (Whistle While You Work),NULL,album,1997-01-01 00:00:00.0000000,0
8698,The Hot Joint - Remix,NULL,album,1998-11-03 00:00:00.0000000,0
8699,I Don't Call Him Daddy,NULL,compilation,2017-04-01 00:00:00.0000000,0
87,Sabadub - Floating Soul Mix,NULL,album,2015-05-26 00:00:00.0000000,0
870,Nada Especial,NULL,album,1996-11-01 00:00:00.0000000,0
8700,Oh Yeah - Jp Chronic Remix,NULL,compilation,2011-09-02 00:00:00.0000000,0
8701,"10 Pieces, Op. 58: No. 10. Sommerlied",NULL,album,2002-01-01 00:00:00.0000000,0
8702,Searching The Wilderness,NULL,album,2011-02-28 00:00:00.0000000,0
8703,El Hanna,NULL,album,2012-02-13 00:00:00.0000000,0
8704,Aunque Las Horas Pasen,NULL,album,2013-04-15 00:00:00.0000000,0
8705,Le pari,NULL,album,2013-05-07 00:00:00.0000000,0
8706,Just a Charleston - When the Saints,NULL,album,2015-02-26 00:00:00.0000000,0
8707,No Truce,NULL,compilation,2003-01-01 00:00:00.0000000,0
8708,Rather Be,NULL,album,2014-09-12 00:00:00.0000000,0
8709,Blues,NULL,single,2011-11-28 00:00:00.0000000,0
871,Pillars,NULL,album,2018-10-12 00:00:00.0000000,0
8710,The Law and the Prophets,NULL,album,2011-06-22 00:00:00.0000000,0
8711,Covered by Your Grace,NULL,album,2016-05-06 00:00:00.0000000,0
8712,Piercing The Fog [Mix Cut] - Original Mix,NULL,compilation,2012-05-25 00:00:00.0000000,0
8713,"De Repente El Amor, Pasito Duranguense",NULL,album,2009-03-15 00:00:00.0000000,0
8714,Mister Sandman,NULL,compilation,2005-01-01 00:00:00.0000000,0
8715,The Matchman,NULL,album,2009-06-15 00:00:00.0000000,0
8716,"Requiem, Op. 9: Agnus Dei",NULL,album,1996-04-07 00:00:00.0000000,0
8717,Who's It Gonna Be Today,NULL,album,2007-03-06 00:00:00.0000000,0
8718,Namaste,NULL,album,2015-09-04 00:00:00.0000000,0
8719,Vaguely Tryique,NULL,album,2017-06-27 00:00:00.0000000,0
872,Fragil,NULL,single,1988-01-01 00:00:00.0000000,0
8720,Take Me Over - Disco House Mix,NULL,album,2015-12-04 00:00:00.0000000,0
8721,Beethoven: 9 Symphonies,NULL,album,1988-01-01 00:00:00.0000000,5
8722,One Less Lonely Girl (Cardio Remix + 142 BPM),NULL,album,2011-06-14 00:00:00.0000000,0
8723,All Hail The Power Of Jesus Name,NULL,album,2011-09-13 00:00:00.0000000,0
8724,Shaam Savere Nain Bichha Ke,NULL,album,2014-03-25 00:00:00.0000000,0
8725,Ultra Violence,NULL,compilation,1999-01-01 00:00:00.0000000,0
8726,Eternal Black,NULL,album,2019-08-12 00:00:00.0000000,19
8727,Audible Landscapes,NULL,album,2010-07-13 00:00:00.0000000,0
8728,Political Announcement One - Extended Version,NULL,album,2013-01-01 00:00:00.0000000,0
8729,Ceux Qui N'Ont Rien - Edit Single,NULL,album,2001-01-01 00:00:00.0000000,0
873,Heaven Or Hell,NULL,album,2020-03-13 00:00:00.0000000,84
8730,Viernes Raro,NULL,single,2015-10-30 00:00:00.0000000,0
8731,From Now On,NULL,album,2011-07-26 00:00:00.0000000,0
8732,I've got Rings on My Fingers (Quiet Moments),NULL,album,2015-04-02 00:00:00.0000000,0
8733,Journey,NULL,album,2015-02-06 00:00:00.0000000,0
8734,Six of Spades,NULL,album,2005-09-01 00:00:00.0000000,0
8735,Am I Losing You,NULL,album,1995-04-03 00:00:00.0000000,0
8736,Varsity drag,NULL,album,2016-11-17 00:00:00.0000000,0
8737,"Borrowed Time (Tracks, 2007-2015)",NULL,album,2017-02-03 00:00:00.0000000,0
8738,Dianty Miss,NULL,compilation,2012-06-15 00:00:00.0000000,0
8739,An Endless Serenade,NULL,album,2009-01-01 00:00:00.0000000,0
874,No Love to Be Found,NULL,album,1997-01-01 00:00:00.0000000,0
8740,Big Booty Judy,NULL,album,2016-10-07 00:00:00.0000000,0
8741,Little Bird - Live From Spotify NYC,NULL,single,2013-01-01 00:00:00.0000000,0
8742,Dido and Aeneas / Act 3: The Witches' Dance,NULL,album,1989-01-01 00:00:00.0000000,0
8743,A Lil Bit Of Truth,NULL,album,2015-05-26 00:00:00.0000000,0
8744,Fabrizio Mammarella Reworks,NULL,single,2019-01-26 00:00:00.0000000,10
8745,Yadda Yadda Yadda,NULL,single,2015-03-15 00:00:00.0000000,0
8746,Your Life Revisited,NULL,album,1992-01-03 00:00:00.0000000,0
8747,Praying Ground,NULL,album,2006-08-18 00:00:00.0000000,0
8748,On The First Night,NULL,album,2008-01-01 00:00:00.0000000,0
8749,束の間の幻影 作品22: 束の間の幻影 作品22: 第18曲: Con una dolce lentezza,NULL,album,2007-12-19 00:00:00.0000000,0
875,Night In Konotop City,NULL,single,2008-11-10 00:00:00.0000000,1
8750,Danca Tago Mago,NULL,album,2012-11-26 00:00:00.0000000,0
8751,"A Sheridan ""Square"" (07-22-41)",NULL,album,2008-10-15 00:00:00.0000000,0
8752,Mary,NULL,single,2017-01-01 00:00:00.0000000,0
8753,Wild Thing,NULL,compilation,2011-02-01 00:00:00.0000000,0
8754,Until It Ends,NULL,album,2013-10-15 00:00:00.0000000,0
8755,Dutch Hornpipe,NULL,album,2005-03-13 00:00:00.0000000,0
8756,Zona de Peligro,NULL,album,2000-01-01 00:00:00.0000000,0
8757,"Thank Heaven For Little Girls (The Pink Panther Strikes Again, 1976)",NULL,compilation,2010-12-15 00:00:00.0000000,0
8758,Monuments,NULL,single,2013-06-02 00:00:00.0000000,0
8759,Overtake,NULL,single,2016-12-02 00:00:00.0000000,1
876,Let's Make Serious Life Decisions,NULL,album,2011-05-05 00:00:00.0000000,4
8760,La Bola,NULL,compilation,2013-02-26 00:00:00.0000000,0
8761,Rage Quit,NULL,album,2011-10-04 00:00:00.0000000,0
8762,Shanty,NULL,album,2015-03-02 00:00:00.0000000,0
8763,You Want Me,NULL,compilation,2008-10-20 00:00:00.0000000,0
8764,Beach Relaxing,NULL,album,2017-04-27 00:00:00.0000000,0
8765,One And A Half Men,NULL,album,2007-12-17 00:00:00.0000000,0
8766,Blessed Is The Seed,NULL,album,2002-06-01 00:00:00.0000000,0
8767,Soleil (Mi Sol),NULL,album,2015-05-18 00:00:00.0000000,0
8768,Me Ni Woa,NULL,compilation,2016-04-07 00:00:00.0000000,0
8769,Eddie's Blues,NULL,album,1970-01-01 00:00:00.0000000,0
877,FZZT,NULL,album,2015-01-01 00:00:00.0000000,0
8770,You're so Good to Me,NULL,album,1996-03-26 00:00:00.0000000,0
8771,Urban Legend,NULL,compilation,1999-01-01 00:00:00.0000000,0
8772,Sleigh Ride - Mozart,NULL,album,2013-08-22 00:00:00.0000000,0
8773,I Pull My Gun Twice,NULL,compilation,2015-02-20 00:00:00.0000000,0
8774,In a Perfect World - Original Mix,NULL,single,2014-10-13 00:00:00.0000000,0
8775,I'm Not a Loser,NULL,compilation,2009-03-31 00:00:00.0000000,0
8776,Ceremony Of Carols: Deo Gracias,NULL,album,1997-01-01 00:00:00.0000000,0
8777,Love Life,NULL,compilation,2011-07-01 00:00:00.0000000,0
8778,Son I Pan,NULL,album,2007-01-01 00:00:00.0000000,0
8779,Zero Hour,NULL,compilation,2005-08-01 00:00:00.0000000,0
878,Get Low - Extended Mix,NULL,album,2015-01-01 00:00:00.0000000,0
8780,Fantasy,NULL,compilation,2016-07-29 00:00:00.0000000,0
8781,Waking the Dead,NULL,album,2012-08-03 00:00:00.0000000,0
8782,You Shook Me All Night Long (Acoustic),NULL,single,2017-04-14 00:00:00.0000000,4
8783,Jeremy,NULL,album,2015-02-25 00:00:00.0000000,0
8784,Memba Me,NULL,album,2015-06-01 00:00:00.0000000,0
8785,Coffee house girl,NULL,compilation,2008-02-22 00:00:00.0000000,0
8786,Nada,NULL,album,2011-02-09 00:00:00.0000000,0
8787,Chilled Pop Hits (The Best Hits Ever in a Chillout Mood),NULL,compilation,2014-10-07 00:00:00.0000000,5
8788,Masques,NULL,album,2011-09-26 00:00:00.0000000,0
8789,Guata Gatas - Live,NULL,album,2003-01-01 00:00:00.0000000,0
879,"Monteverdi: L'Orfeo, favola in musica, SV 318, Act 3: Ritornello (1)",NULL,album,2004-01-01 00:00:00.0000000,0
8790,Chill Out Passion & Smooth Sounds,NULL,album,2013-06-25 00:00:00.0000000,0
8791,Ngole Ngole,NULL,album,2000-09-01 00:00:00.0000000,0
8792,Caesar's Big Drag,NULL,album,1997-01-01 00:00:00.0000000,0
8793,Dimitroula,NULL,album,2011-12-02 00:00:00.0000000,0
8794,Elderberry,NULL,album,2016-05-06 00:00:00.0000000,0
8795,Twelve Days to the City,NULL,single,2015-02-04 00:00:00.0000000,0
8796,Mayan 2012 - Ambient Mix,NULL,compilation,2010-09-21 00:00:00.0000000,0
8797,Amigo Locutor,NULL,album,1997-01-01 00:00:00.0000000,0
8798,Adulescent,NULL,album,2005-11-21 00:00:00.0000000,0
8799,C Jam Blues,NULL,album,2010-01-01 00:00:00.0000000,0
88,Menka Bio (feat. Frank Mensah Pozo),NULL,compilation,2017-03-29 00:00:00.0000000,0
880,Fuck the World,NULL,album,2015-03-31 00:00:00.0000000,0
8800,One Day,NULL,album,2017-09-22 00:00:00.0000000,0
8801,Memorabilia,NULL,album,1998-09-04 00:00:00.0000000,0
8802,Skullsplitter,NULL,album,2015-02-17 00:00:00.0000000,0
8803,Talkin' About Dat,NULL,album,2016-02-26 00:00:00.0000000,0
8804,While My Guitar Gently Weeps,NULL,album,2016-07-22 00:00:00.0000000,0
8805,Stardust,NULL,compilation,2014-10-07 00:00:00.0000000,0
8806,Olohungbo,NULL,single,2017-03-10 00:00:00.0000000,0
8807,Rio Bravo (Remix),NULL,album,2008-01-01 00:00:00.0000000,0
8808,It's Gonna Be Me,NULL,album,2002-08-20 00:00:00.0000000,0
8809,A State Of Trance [ASOT 619] - Intro,NULL,album,2013-06-27 00:00:00.0000000,0
881,Supernatural Tone 4,NULL,album,2010-09-01 00:00:00.0000000,0
8810,Main Theme (Young Einstein),NULL,compilation,1994-04-29 00:00:00.0000000,0
8811,Маугли,NULL,album,2015-11-04 00:00:00.0000000,0
8812,How Deep Is Your Love,NULL,album,2013-01-01 00:00:00.0000000,0
8813,White Noise: Rainfall,NULL,album,2015-10-13 00:00:00.0000000,0
8814,Poets Drown In Lakes,NULL,album,2011-04-04 00:00:00.0000000,0
8815,La Trenzuda,NULL,album,2014-04-04 00:00:00.0000000,0
8816,Los Promeseros,NULL,album,2005-10-04 00:00:00.0000000,0
8817,Tontti,NULL,single,2019-10-16 00:00:00.0000000,2
8818,Crazy About You Baby,NULL,album,1991-01-01 00:00:00.0000000,0
8819,Heinichen: Dresden Concerti,NULL,album,1993-01-01 00:00:00.0000000,32
882,Begin The Beguine,NULL,album,2006-01-01 00:00:00.0000000,0
8820,"Chopin: Piano Sonata No. 3 in B Minor, Op. 58: IV. Finale. Presto non tanto",NULL,album,2011-07-04 00:00:00.0000000,0
8821,Overdose,NULL,single,2020-12-25 00:00:00.0000000,59
8822,Hosanna,NULL,album,2011-01-01 00:00:00.0000000,0
8823,Mercenary - 4ng4 Remix,NULL,compilation,2012-10-18 00:00:00.0000000,0
8824,Madrigal / Estando Contigo,NULL,album,2016-06-06 00:00:00.0000000,0
8825,On Hold,NULL,album,2010-02-02 00:00:00.0000000,0
8826,Horai: Shin Buddhist Chants (432Hz Music),NULL,album,2016-05-20 00:00:00.0000000,0
8827,El Favor Del Viento,NULL,album,2006-01-01 00:00:00.0000000,0
8828,Bateau sur l'eau,NULL,album,2012-03-18 00:00:00.0000000,0
8829,I'm Gone,NULL,album,2017-07-07 00:00:00.0000000,0
883,It's A Pleasure,NULL,album,2014-10-17 00:00:00.0000000,0
8830,Rock You Like a Hurricane,NULL,album,2016-09-15 00:00:00.0000000,0
8831,Back of Love,NULL,album,1991-09-18 00:00:00.0000000,0
8832,North Sea Jazz Legendary Concerts,NULL,compilation,2013-11-22 00:00:00.0000000,0
8833,Slowly We Rot,NULL,album,2000-06-01 00:00:00.0000000,0
8834,Let It Shine,NULL,compilation,1972-01-01 00:00:00.0000000,0
8835,Caff EP,NULL,single,2017-06-16 00:00:00.0000000,7
8836,"14 Songs, Op. 34: No. 14, Vocalise (Version for Voice & Orchestra)",NULL,album,1994-05-25 00:00:00.0000000,0
8837,It's Alright To Have A Good Time (Reprise),NULL,album,2003-02-18 00:00:00.0000000,0
8838,Dios de Promesas,NULL,album,2014-12-16 00:00:00.0000000,0
8839,This Is Her,NULL,album,2014-01-01 00:00:00.0000000,19
884,A Chin... ¿pos Qué Pasó?,NULL,album,2015-03-17 00:00:00.0000000,0
8840,Thy Holy Will,NULL,album,2009-06-01 00:00:00.0000000,0
8841,Skit: Friday Night,NULL,album,2000-06-06 00:00:00.0000000,0
8842,In Love Again,NULL,single,2013-07-01 00:00:00.0000000,0
8843,Western,NULL,album,2015-02-24 00:00:00.0000000,0
8844,He Stole Away,NULL,album,2003-02-25 00:00:00.0000000,0
8845,Free Wheelin,NULL,album,1993-01-01 00:00:00.0000000,0
8846,Meet Harold,NULL,album,2011-01-01 00:00:00.0000000,0
8847,"Saginaw, Michigan",NULL,compilation,2005-01-01 00:00:00.0000000,0
8848,Indiana,NULL,compilation,2008-01-07 00:00:00.0000000,0
8849,No Time Outs,NULL,album,2014-07-30 00:00:00.0000000,0
885,You'll Be Mine,NULL,single,2011-01-01 00:00:00.0000000,0
8850,"Music for Dinner: ""Violins""",NULL,compilation,2011-09-29 00:00:00.0000000,0
8851,Don't Lose The Magic,NULL,compilation,2017-01-13 00:00:00.0000000,0
8852,Bury Me,NULL,album,2013-10-08 00:00:00.0000000,0
8853,Galileo,NULL,album,2010-04-29 00:00:00.0000000,0
8854,Faz Tanto Tempo,NULL,compilation,1976-01-01 00:00:00.0000000,0
8855,Sticky,NULL,album,2008-04-01 00:00:00.0000000,0
8856,Anticuada Locura,NULL,album,2011-04-23 00:00:00.0000000,0
8857,Found Our Way,NULL,album,2010-09-08 00:00:00.0000000,0
8858,Closing Time,NULL,album,2014-08-25 00:00:00.0000000,0
8859,Origen,NULL,album,2011-07-21 00:00:00.0000000,4
886,Poka,NULL,compilation,2016-04-07 00:00:00.0000000,0
8860,Thank You,NULL,album,2016-10-24 00:00:00.0000000,0
8861,Xenophobia (Why?),NULL,album,1988-03-21 00:00:00.0000000,38
8862,You Shook Me All Night Long (as made famous by AC/DC),NULL,album,2008-01-01 00:00:00.0000000,0
8863,"Checkup with Dr. Winslow, Pt. 2: Just a Few Questions",NULL,album,2016-10-21 00:00:00.0000000,0
8864,Ábreme,NULL,album,2011-01-31 00:00:00.0000000,0
8865,Ice Land - Alex Maynard Remix,NULL,single,2013-06-03 00:00:00.0000000,0
8866,Cult Of Sin,NULL,album,2009-04-14 00:00:00.0000000,4
8867,Obstinato,NULL,album,2016-02-05 00:00:00.0000000,0
8868,TNT (as made famous by AC/DC),NULL,album,2008-08-01 00:00:00.0000000,0
8869,Yo Sin Ti - Version Pop Balada,NULL,album,2008-11-19 00:00:00.0000000,0
887,Tahi,NULL,album,2015-01-01 00:00:00.0000000,30
8870,Cracked Dracula,NULL,album,2016-01-29 00:00:00.0000000,0
8871,"Symphony No. 5 in D Minor, Op. 107, ""Reformation"": II. Allegro vivace",NULL,album,2017-06-02 00:00:00.0000000,0
8872,Bury Your Youth,NULL,album,2011-04-05 00:00:00.0000000,0
8873,ハイエナ,NULL,single,2016-10-05 00:00:00.0000000,0
8874,Minnesota,NULL,album,2009-09-20 00:00:00.0000000,0
8875,Pushing,NULL,album,2005-10-18 00:00:00.0000000,0
8876,Shake That Boo Boo - E-Grooves Remix Edit,NULL,single,2012-02-22 00:00:00.0000000,0
8877,Sky Falling,NULL,single,2012-05-04 00:00:00.0000000,0
8878,Aurora's Wedding' from Sleeping Beauty: Pas de Quatre,NULL,album,2014-05-01 00:00:00.0000000,0
8879,Louisa,NULL,album,1997-01-01 00:00:00.0000000,0
888,Linda Lu,NULL,compilation,2012-10-30 00:00:00.0000000,0
8880,"Talk about the Sea Island Folk Festival, Texas Folk Tale: Having a Hard Time, Texas Hide and Seek Song: All Hid",NULL,album,1964-01-01 00:00:00.0000000,0
8881,The Flight,NULL,album,2012-01-01 00:00:00.0000000,0
8882,Dark Side,NULL,album,2015-10-13 00:00:00.0000000,0
8883,Woman Sure Is a Curious Critter,NULL,album,2004-01-01 00:00:00.0000000,0
8884,He Knows Just What I Need,NULL,compilation,1994-01-01 00:00:00.0000000,0
8885,1 Bad Bitch - Kirk Spencer Remix,NULL,single,2014-12-05 00:00:00.0000000,0
8886,Indigo,NULL,album,2016-01-05 00:00:00.0000000,0
8887,Last Time U Came Along,NULL,album,2006-01-01 00:00:00.0000000,0
8888,Beat Breakfast,NULL,album,2009-09-07 00:00:00.0000000,0
8889,Sleep & Wake-Up Songs,NULL,single,2004-11-02 00:00:00.0000000,4
889,New Grass Dance Song,NULL,compilation,1992-10-01 00:00:00.0000000,0
8890,Tonight's the Night,NULL,single,2016-02-16 00:00:00.0000000,0
8891,R.P.G. (Rocket Punch Generation),NULL,album,2008-09-23 00:00:00.0000000,0
8892,What Is Love (from A Night At The Roxbury),NULL,compilation,2011-04-12 00:00:00.0000000,0
8893,Summer Paradise - Extended Mix,NULL,compilation,2016-04-22 00:00:00.0000000,0
8894,Baby Lullaby: 100% Natural Relaxing Guitar Songs and Nursery Melodies as Sleep Aid for Happy Newborn Babies and Kids,NULL,album,2014-07-19 00:00:00.0000000,0
8895,Interrogación,NULL,album,2016-10-28 00:00:00.0000000,0
8896,Le tombeau de Claude Debussy,NULL,album,2020-12-04 00:00:00.0000000,7
8897,"Honolulu, HI",NULL,album,2013-10-12 00:00:00.0000000,0
8898,Thrush Song in a Forest Setting with Light Wind,NULL,album,2011-05-12 00:00:00.0000000,0
8899,Safe With Sound,NULL,album,2015-11-13 00:00:00.0000000,5
89,Crossroads,NULL,single,2012-09-24 00:00:00.0000000,4
890,Who The Freestyle King,NULL,album,2006-01-01 00:00:00.0000000,0
8900,"Il Trovatore / Act 3: ""Di quella pira""",NULL,album,2001-01-01 00:00:00.0000000,0
8901,Born to Be Alive vs. Calle Ocho,NULL,album,2015-04-22 00:00:00.0000000,0
8902,Bad Kid,NULL,album,2008-07-22 00:00:00.0000000,0
8903,Creative Rec,NULL,compilation,2010-01-01 00:00:00.0000000,0
8904,"Abbadonna, Dying in the Sun",NULL,album,2005-10-10 00:00:00.0000000,0
8905,I've Seen It Go Away,NULL,album,2010-01-01 00:00:00.0000000,0
8906,Other Side of Love,NULL,album,2013-09-30 00:00:00.0000000,0
8907,Fuego Con To El Mundo,NULL,album,2017-02-16 00:00:00.0000000,0
8908,The truth sent from above,NULL,album,2011-12-05 00:00:00.0000000,0
8909,Just A-Sittin' and A-Rockin' - Version 1,NULL,album,2014-06-02 00:00:00.0000000,0
891,Aaliyah's Lullaby,NULL,album,2012-07-13 00:00:00.0000000,0
8910,Darealhipapitis,NULL,album,2008-01-01 00:00:00.0000000,0
8911,Jurerê Internacional,NULL,album,2015-10-23 00:00:00.0000000,0
8912,Bianca's Midnight Lullaby,NULL,album,1980-01-01 00:00:00.0000000,0
8913,Liebesfreud,NULL,album,1992-01-01 00:00:00.0000000,0
8914,Cholo (Live),NULL,album,2004-01-01 00:00:00.0000000,0
8915,Johanna (From Sweeney Todd: The Demon Barber of Fleet Street),NULL,album,1994-01-18 00:00:00.0000000,0
8916,Te Amo,NULL,album,2012-03-19 00:00:00.0000000,0
8917,Rising throught the Stars (118BPM) [Fitness Music],NULL,compilation,2012-10-31 00:00:00.0000000,0
8918,"Nocturne No. 1 in C Minor, Op. 48",NULL,album,2010-03-01 00:00:00.0000000,0
8919,La traviata: Libiamo nei lieti calici,NULL,compilation,2012-05-15 00:00:00.0000000,0
892,"Amor, Amor Te Amo - Versión Sierreño",NULL,album,2017-06-23 00:00:00.0000000,0
8920,Alleluia (Live),NULL,album,2018-01-06 00:00:00.0000000,0
8921,Kid Charlemagne,NULL,album,2016-12-12 00:00:00.0000000,0
8922,My Kingdom,NULL,single,2019-07-04 00:00:00.0000000,25
8923,Release Me,NULL,compilation,2012-02-03 00:00:00.0000000,0
8924,Fucking N8,NULL,album,2013-09-04 00:00:00.0000000,0
8925,Angelitos negros,NULL,album,2010-09-08 00:00:00.0000000,0
8926,Warning Labels,NULL,album,2008-10-14 00:00:00.0000000,0
8927,Arc of Ascent (Part Three),NULL,album,1995-01-01 00:00:00.0000000,0
8928,Seismic Waves,NULL,album,2013-08-13 00:00:00.0000000,0
8929,I Tried,NULL,compilation,2011-04-12 00:00:00.0000000,0
893,Esy Eisai I Aitia Pou Ypofero,NULL,album,2006-07-25 00:00:00.0000000,0
8930,Save Me - Candyland Remix,NULL,single,2013-05-20 00:00:00.0000000,0
8931,Ultrawired: Pirate Ketaware for the Tlc Generation,NULL,album,2011-01-01 00:00:00.0000000,38
8932,Sans amour on n'est rien,NULL,single,2019-05-06 00:00:00.0000000,23
8933,Ruine Blutberge,NULL,album,2010-02-19 00:00:00.0000000,0
8934,Something New,NULL,single,2007-10-01 00:00:00.0000000,0
8935,Nose Em All,NULL,album,1999-08-01 00:00:00.0000000,0
8936,"John Lee Hooker Interview - ""That's what makes the blues…""",NULL,compilation,2006-03-07 00:00:00.0000000,0
8937,Mejor Yo Te Olvido,NULL,album,2009-10-07 00:00:00.0000000,0
8938,Tara's Gift,NULL,album,2013-06-05 00:00:00.0000000,0
8939,Waves: The Power of the Sea,NULL,album,2015-10-13 00:00:00.0000000,0
894,My True Confession,NULL,compilation,2013-01-08 00:00:00.0000000,0
8940,For the Firedrill,NULL,album,1995-01-01 00:00:00.0000000,0
8941,The Mendo Mulcher,NULL,album,2015-11-13 00:00:00.0000000,0
8942,Can I Be Him - Tribute James Arthur,NULL,album,2017-07-21 00:00:00.0000000,0
8943,Two Face Rasta,NULL,compilation,2010-02-03 00:00:00.0000000,0
8944,Telecom,NULL,compilation,2013-03-08 00:00:00.0000000,0
8945,Gebrünn Gebrünn,NULL,single,2005-07-18 00:00:00.0000000,0
8946,Ein Gespenst geht um,NULL,album,1981-01-01 00:00:00.0000000,0
8947,Olhando de uma Janela,NULL,album,2002-12-10 00:00:00.0000000,0
8948,Shine Your Light feat Mavis Acquah - Siege Remix,NULL,album,2010-03-08 00:00:00.0000000,0
8949,Crux Fidelis,NULL,album,2008-02-05 00:00:00.0000000,0
895,Shot Caller,NULL,compilation,2016-12-09 00:00:00.0000000,0
8950,I Am Legend,NULL,album,2006-06-09 00:00:00.0000000,0
8951,Beule,NULL,single,2017-05-22 00:00:00.0000000,0
8952,False Light,NULL,album,2002-01-01 00:00:00.0000000,0
8953,Kickstart! 2015 - Best Hits! Workout Remix,NULL,album,2014-12-09 00:00:00.0000000,1
8954,Under The Blood - Now The Truth Can Be Told Album Version,NULL,album,1994-01-01 00:00:00.0000000,0
8955,Blues Shuffle Backing Tracks,NULL,album,2011-09-09 00:00:00.0000000,0
8956,"Concerto for Violin and Strings in A minor , Op.7/4 , RV 354: 1. Allegro",NULL,album,2011-01-01 00:00:00.0000000,0
8957,"Lover, Where Do You Live",NULL,single,2014-01-01 00:00:00.0000000,0
8958,Kiosk Kings,NULL,album,2016-03-23 00:00:00.0000000,4
8959,The Bandit,NULL,album,2014-12-31 00:00:00.0000000,0
896,Pum Pum Cut Inna 2,NULL,compilation,2005-01-01 00:00:00.0000000,0
8960,A Light of All Nations,NULL,album,2013-02-08 00:00:00.0000000,0
8961,Lets Move On,NULL,album,2005-01-01 00:00:00.0000000,0
8962,Kings and Queens,NULL,album,2011-12-06 00:00:00.0000000,0
8963,High Heel Sneakers - Live,NULL,album,1988-01-01 00:00:00.0000000,0
8964,"The ""two"" Song",NULL,album,2010-01-01 00:00:00.0000000,0
8965,Oh Holy Night (Christmas Techno House),NULL,album,2013-11-21 00:00:00.0000000,0
8966,At The Cross,NULL,album,2001-01-01 00:00:00.0000000,0
8967,Meine Seele brennt,NULL,album,2007-01-01 00:00:00.0000000,0
8968,Davenport Blues,NULL,album,2009-01-01 00:00:00.0000000,0
8969,Unfit to Ride,NULL,album,2005-09-13 00:00:00.0000000,0
897,The Hits of Brian Mcknight and James Ingram,NULL,album,2009-01-01 00:00:00.0000000,0
8970,Las Cosas del Siglo Xx,NULL,compilation,2011-01-01 00:00:00.0000000,0
8971,Hart Disease,NULL,single,2016-03-18 00:00:00.0000000,0
8972,Libero Stile Due,NULL,album,1997-02-25 00:00:00.0000000,0
8973,DBMM - Original Mix,NULL,compilation,2016-10-21 00:00:00.0000000,0
8974,Ar Ke Bhajabe,NULL,album,1995-01-01 00:00:00.0000000,0
8975,Nothing but Blue,NULL,album,2014-05-07 00:00:00.0000000,0
8976,Southbound Sunshine (Demo Version),NULL,album,2016-01-22 00:00:00.0000000,0
8977,"Psalm 108: O God, My Heart Is Ready",NULL,album,1992-10-20 00:00:00.0000000,0
8978,"Piano Trio No.2 In E Flat, Op.100 D.929: 1. Allegro",NULL,album,2017-09-29 00:00:00.0000000,0
8979,Volveré a Mi Pueblo,NULL,album,2014-08-25 00:00:00.0000000,0
898,In Opera & Songs,NULL,album,1998-01-01 00:00:00.0000000,8
8980,Out In The Cold,NULL,album,2011-03-29 00:00:00.0000000,0
8981,I Love You,NULL,album,2003-01-01 00:00:00.0000000,0
8982,Crush,NULL,album,2003-08-24 00:00:00.0000000,0
8983,Kirk - Original Mix,NULL,compilation,2014-10-07 00:00:00.0000000,0
8984,El Maquinista,NULL,album,2001-01-01 00:00:00.0000000,53
8985,Noodle Rave,NULL,album,2007-07-24 00:00:00.0000000,0
8986,Twinkle II,NULL,compilation,2013-03-27 00:00:00.0000000,0
8987,That's All I've Got (To Remember You By),NULL,album,2012-11-09 00:00:00.0000000,0
8988,For Good,NULL,album,2012-02-21 00:00:00.0000000,0
8989,Soy Teporocho Alterado,NULL,compilation,2011-05-24 00:00:00.0000000,0
899,The Old Fashioned Way,NULL,album,1996-01-01 00:00:00.0000000,0
8990,"Countdown - Jede Sekunde zählt, Kapitel 36",NULL,album,2012-12-13 00:00:00.0000000,0
8991,I'm OK You're OK,NULL,album,2009-02-06 00:00:00.0000000,0
8992,Djamban,NULL,album,2009-01-01 00:00:00.0000000,0
8993,Cotton Tail,NULL,album,1999-01-01 00:00:00.0000000,0
8994,The Monster,NULL,compilation,2012-08-13 00:00:00.0000000,0
8995,Being Good Isn't Good Enough (Glee Cast Version),NULL,compilation,2014-01-14 00:00:00.0000000,0
8996,Dem Boyz,NULL,album,2015-03-31 00:00:00.0000000,0
8997,Little Songbirds,NULL,album,2012-06-07 00:00:00.0000000,0
8998,Ivushka Zelenaya (The Little Green Willow),NULL,compilation,2009-05-15 00:00:00.0000000,0
8999,Is It Snowing Where You Are?,NULL,album,2017-04-07 00:00:00.0000000,0
9,Bass Head Jazz,NULL,album,2002-04-02 00:00:00.0000000,0
90,"15 Hungarian Peasant Songs, BB 79 (arr. P. Arma for flute and piano): No. 8. Old Dance Tunes: (2) Allegretto",NULL,album,2011-10-04 00:00:00.0000000,0
900,Cheap Thrills,NULL,album,2016-08-09 00:00:00.0000000,0
9000,En Vivo,NULL,album,2010-01-01 00:00:00.0000000,24
9001,Xtreme Cardio Mix (60 Minute Non-Stop Workout Mix: 145-160 BPM),NULL,compilation,2008-01-01 00:00:00.0000000,5
9002,Redbone,NULL,single,2014-04-22 00:00:00.0000000,0
9003,El Corral De Piedra,NULL,album,2011-05-12 00:00:00.0000000,0
9004,Thinkin About You,NULL,single,2011-07-18 00:00:00.0000000,0
9005,Hallelujah (Piano Version),NULL,single,2020-10-20 00:00:00.0000000,30
9006,Arcade,NULL,album,2015-04-05 00:00:00.0000000,0
9007,"String Quartet No. 14 in C-Sharp Minor, Op. 131: V. Presto",NULL,album,2012-01-01 00:00:00.0000000,0
9008,"Flute Concerto in G Major, RV 435: II. Largo",NULL,album,2015-08-07 00:00:00.0000000,0
9009,Apes-Ma,NULL,album,1978-01-01 00:00:00.0000000,0
901,Why Do We Live This Way,NULL,album,1988-02-17 00:00:00.0000000,0
9010,Lord's Prayer (feat. David Dunn),NULL,album,2010-09-01 00:00:00.0000000,0
9011,Lágrimas de Rainha,NULL,album,2017-11-14 00:00:00.0000000,0
9012,I'll Never Be The Same,NULL,compilation,2005-09-15 00:00:00.0000000,0
9013,Transit,NULL,single,2013-02-25 00:00:00.0000000,0
9014,Lo Que Para Mi Tu Eres,NULL,album,2017-02-13 00:00:00.0000000,0
9015,Lucerito,NULL,album,2011-09-05 00:00:00.0000000,0
9016,Come On & Come,NULL,album,2004-01-01 00:00:00.0000000,0
9017,A Wilderness,NULL,album,1984-01-01 00:00:00.0000000,0
9018,Zen,NULL,album,2017-09-30 00:00:00.0000000,0
9019,Peles Tears,NULL,album,2010-09-15 00:00:00.0000000,0
902,Princess Henrietta (Live at Tri Studios) [Live],NULL,album,2014-01-01 00:00:00.0000000,0
9020,Ayer Pedi,NULL,compilation,2014-12-09 00:00:00.0000000,0
9021,Special Bilan,NULL,album,2012-05-01 00:00:00.0000000,0
9022,Last Friday Night (Tronix DJ Remix),NULL,compilation,2013-11-22 00:00:00.0000000,0
9023,La Tipa,NULL,album,2016-09-09 00:00:00.0000000,0
9024,Zakochaj nas,NULL,album,2011-06-01 00:00:00.0000000,0
9025,Wrong Way Remixed,NULL,single,2015-02-17 00:00:00.0000000,1
9026,Deus One,NULL,single,2015-07-23 00:00:00.0000000,0
9027,Que Tristeza,NULL,album,2016-02-03 00:00:00.0000000,0
9028,"Elgar: Violin Concerto in B Minor, Op. 61",NULL,album,1950-01-01 00:00:00.0000000,0
9029,Doctor Dg - Synthetic Mix,NULL,compilation,2013-07-01 00:00:00.0000000,0
903,This Is a Warning,NULL,compilation,2016-08-07 00:00:00.0000000,0
9030,ONCE A LUCHADOR ALWAYS A LUCHADOR PT.4-KIDDIN THE HYPE,NULL,single,2014-01-06 00:00:00.0000000,0
9031,The Last Place (Left),NULL,album,2011-10-22 00:00:00.0000000,0
9032,Con Tal de Que Me Olvides,NULL,compilation,2014-05-06 00:00:00.0000000,0
9033,French Montana - Instrumental,NULL,album,2015-04-23 00:00:00.0000000,0
9034,Helion (Norin & Rad Remix),NULL,album,2012-04-23 00:00:00.0000000,0
9035,Mirst von herzen leide,NULL,album,2010-05-16 00:00:00.0000000,7
9036,Aún Estoy de Pie - En Vivo,NULL,album,1998-01-01 00:00:00.0000000,0
9037,Mr. Right Guy,NULL,single,2009-06-23 00:00:00.0000000,4
9038,Christmas Road,NULL,compilation,2013-11-21 00:00:00.0000000,0
9039,I Get Around - Remastered,NULL,compilation,2012-01-01 00:00:00.0000000,0
904,Games,NULL,album,2009-11-13 00:00:00.0000000,1
9040,Land Of Confusion (Karaoke With Background Vocals)[In the Style of Disturbed],NULL,album,2009-08-13 00:00:00.0000000,0
9041,Silent Prayer,NULL,album,2006-10-05 00:00:00.0000000,0
9042,Belong - Live,NULL,album,2001-01-01 00:00:00.0000000,0
9043,Sunny et l'éléphant (Musique originale du film),NULL,album,2008-12-04 00:00:00.0000000,0
9044,1999,NULL,single,2017-03-09 00:00:00.0000000,0
9045,Love Theme From 'Spartacus',NULL,compilation,1997-01-01 00:00:00.0000000,0
9046,Little Bo Peep,NULL,album,2013-12-08 00:00:00.0000000,0
9047,Pensiero,NULL,album,2011-10-11 00:00:00.0000000,0
9048,Mrs Robinson - Quickstep Bpm 50,NULL,compilation,2012-10-22 00:00:00.0000000,0
9049,Someday You Will,NULL,album,2005-05-17 00:00:00.0000000,0
905,Grand dieu,NULL,album,2009-02-12 00:00:00.0000000,0
9050,Beethoven Backing Up His Truck,NULL,album,1994-01-01 00:00:00.0000000,0
9051,Brave,NULL,compilation,2015-12-04 00:00:00.0000000,0
9052,Desvelado,NULL,album,2015-12-02 00:00:00.0000000,0
9053,Birima,NULL,album,2000-01-01 00:00:00.0000000,0
9054,What I Wish I Hadn't Done,NULL,album,2014-04-27 00:00:00.0000000,0
9055,Lil 'T (aka the Third),NULL,compilation,1956-01-01 00:00:00.0000000,0
9056,Unconditional,NULL,album,2009-11-03 00:00:00.0000000,0
9057,Thinking Of Running Away,NULL,album,1984-01-01 00:00:00.0000000,0
9058,Someone To Watch Over Me (as made famous by The Crooner),NULL,album,2009-10-01 00:00:00.0000000,0
9059,Trouble - Acoustic,NULL,album,2012-10-15 00:00:00.0000000,0
906,Surat Al-Insan (verses 23-31) - Arabic,NULL,album,2012-02-07 00:00:00.0000000,0
9060,Méditerranéenne,NULL,compilation,2011-01-01 00:00:00.0000000,0
9061,Mr. Hancock,NULL,album,1995-01-01 00:00:00.0000000,0
9062,Setting the Woods on Fire,NULL,album,2006-06-20 00:00:00.0000000,0
9063,Vehli Janta,NULL,album,2013-02-02 00:00:00.0000000,0
9064,Words of Love,NULL,compilation,2011-01-03 00:00:00.0000000,0
9065,Corelli's Christmas Concerto,NULL,single,2013-08-06 00:00:00.0000000,0
9066,Sweeter the Bells,NULL,album,2006-11-17 00:00:00.0000000,0
9067,Hariba,NULL,compilation,2014-11-14 00:00:00.0000000,0
9068,Traveling Alone,NULL,album,2008-04-08 00:00:00.0000000,0
9069,"Praise Him, Praise Him (Split Track)",NULL,album,2012-09-08 00:00:00.0000000,0
907,Vehicle of Spirit: Wembley Arena (Live),NULL,album,2017-03-24 00:00:00.0000000,0
9070,Good And The Bad,NULL,album,2006-10-05 00:00:00.0000000,0
9071,"Kirakira Boshi (Twinkle, Twinkle Little Star)",NULL,album,2001-01-01 00:00:00.0000000,0
9072,Makin' Whoopee,NULL,album,1962-01-01 00:00:00.0000000,0
9073,Old Kentucky Fox Chase,NULL,album,2008-01-07 00:00:00.0000000,0
9074,Finger Poppin',NULL,compilation,2009-12-07 00:00:00.0000000,0
9075,Polk City,NULL,album,2006-01-01 00:00:00.0000000,0
9076,Supermarket Flowers,NULL,single,2017-10-23 00:00:00.0000000,39
9077,Tough Mama - Live,NULL,album,2005-10-25 00:00:00.0000000,0
9078,Enough to Lie to Me,NULL,album,2015-03-30 00:00:00.0000000,0
9079,Long Haired Daddy,NULL,compilation,2009-03-01 00:00:00.0000000,0
908,Lnovantanove,NULL,compilation,2012-06-22 00:00:00.0000000,0
9080,Asi Se Compone Un Son,NULL,album,2001-02-27 00:00:00.0000000,0
9081,Bad New York City - Maxi,NULL,compilation,2009-02-20 00:00:00.0000000,0
9082,"La pastorella al prato, D. 513",NULL,album,2014-01-01 00:00:00.0000000,0
9083,Chapitre 5,NULL,album,2013-03-25 00:00:00.0000000,0
9084,Eskimo,NULL,album,2011-05-10 00:00:00.0000000,0
9085,Danse pour moi,NULL,single,2012-05-07 00:00:00.0000000,2
9086,"Un jour - Extrait de ""Le bossu de Notre-Dame""",NULL,album,2017-06-30 00:00:00.0000000,0
9087,Dirtee Disco (Made Famous by Dizzee Rascal),NULL,album,2010-09-01 00:00:00.0000000,0
9088,En el Bajío,NULL,album,1970-01-01 00:00:00.0000000,0
9089,Heart Vacancy (Made Famous by The Wanted),NULL,album,2010-11-01 00:00:00.0000000,0
909,In love & memory,NULL,album,1997-01-01 00:00:00.0000000,0
9090,Hola Bebe (feat. Fulanito) - Single,NULL,single,2014-05-27 00:00:00.0000000,0
9091,Introduction & Allegro,NULL,compilation,2011-07-01 00:00:00.0000000,0
9092,Mar de Paradoxos,NULL,album,2021-02-19 00:00:00.0000000,15
9093,Nightmare Before Christmas: This Is Halloween,NULL,album,2015-07-24 00:00:00.0000000,0
9094,Saving My Love - Twin Pack Mix,NULL,single,2011-04-18 00:00:00.0000000,0
9095,Dumb Hot,NULL,album,2004-11-18 00:00:00.0000000,0
9096,Yo Tenia Mi Cascabel,NULL,album,1989-01-01 00:00:00.0000000,0
9097,Motivation,NULL,album,2015-04-24 00:00:00.0000000,0
9098,"Symphony No. 9 in D Minor, WAB 109: I. Feierlich, misterioso",NULL,album,2003-08-04 00:00:00.0000000,0
9099,Lord Of The Dance,NULL,album,2008-07-01 00:00:00.0000000,0
91,I Had A Love,NULL,album,1980-01-01 00:00:00.0000000,0
910,Usumacinta,NULL,album,2004-10-30 00:00:00.0000000,0
9100,Andante In A Minor (HWV 412),NULL,album,2001-01-01 00:00:00.0000000,0
9101,The Night Tribe,NULL,single,2015-05-12 00:00:00.0000000,0
9102,Make Love Stay,NULL,album,2017-10-06 00:00:00.0000000,0
9103,Night Train - Live At The Latin Casino Version,NULL,album,2009-01-01 00:00:00.0000000,0
9104,Tres Grandes Norteños,NULL,compilation,2002-02-14 00:00:00.0000000,24
9105,Lavender's Blue/Golden Slumbers,NULL,album,2013-06-05 00:00:00.0000000,0
9106,Sophia,NULL,album,2012-01-01 00:00:00.0000000,0
9107,Back To Georgia - Live at the Santa Barbara Bowl,NULL,album,2005-11-15 00:00:00.0000000,0
9108,Lo Siento,NULL,album,2015-04-20 00:00:00.0000000,0
9109,Around the World - Remix Fitness 2013,NULL,compilation,2014-12-29 00:00:00.0000000,0
911,C'Mon Kids,NULL,album,1996-01-01 00:00:00.0000000,0
9110,That's Life,NULL,album,1978-01-01 00:00:00.0000000,27
9111,Proverbs 6 - Acoustic,NULL,compilation,2015-01-01 00:00:00.0000000,0
9112,"Music From ""The Danish Girl"" Movie Trailer",NULL,album,2016-01-16 00:00:00.0000000,0
9113,Dialektika,NULL,single,2019-05-31 00:00:00.0000000,26
9114,Junk Science,NULL,album,2006-01-01 00:00:00.0000000,0
9115,Prelude,NULL,album,2004-01-01 00:00:00.0000000,0
9116,Forget About You,NULL,album,2016-07-29 00:00:00.0000000,0
9117,Clarinet Connections: II. Contacts,NULL,album,2005-01-01 00:00:00.0000000,0
9118,Key To The Highway - Live,NULL,album,2010-06-18 00:00:00.0000000,0
9119,A Time for Us,NULL,album,2012-06-10 00:00:00.0000000,0
912,Ascension,NULL,album,2017-05-19 00:00:00.0000000,0
9120,Hum Drum Blues,NULL,compilation,2012-03-26 00:00:00.0000000,0
9121,Meh.,NULL,album,2017-07-14 00:00:00.0000000,0
9122,Soul Man (Karaoke Version),NULL,album,2009-03-31 00:00:00.0000000,0
9123,You Lyin,NULL,compilation,2015-08-18 00:00:00.0000000,0
9124,Can We,NULL,compilation,2015-05-19 00:00:00.0000000,0
9125,"My Second to Last Will and Testament - BBC in Concert: Live at Kilburn, 7 December 1991",NULL,album,1991-01-01 00:00:00.0000000,0
9126,Give Me the Latest Dance,NULL,album,2009-01-20 00:00:00.0000000,0
9127,Asampete,NULL,album,2014-05-29 00:00:00.0000000,0
9128,Better Than I Did Before,NULL,album,2014-10-03 00:00:00.0000000,0
9129,Unnai ninaichi,NULL,album,2004-01-01 00:00:00.0000000,0
913,Que Pecado Fue Quererte,NULL,album,2008-01-01 00:00:00.0000000,0
9130,Colonel Fraser / The Big Parcel / Elziks Farewell,NULL,album,1995-01-01 00:00:00.0000000,0
9131,The Rhythm,NULL,compilation,2017-06-26 00:00:00.0000000,0
9132,The Isaiah Song,NULL,single,2020-04-24 00:00:00.0000000,23
9133,Kingsfold,NULL,album,2010-11-13 00:00:00.0000000,0
9134,Raiigin,NULL,album,2017-06-23 00:00:00.0000000,0
9135,Broken Record (Originally Performed by Katy B) [Karaoke Version],NULL,album,2011-04-01 00:00:00.0000000,0
9136,Nepalese Bliss,NULL,album,1998-01-01 00:00:00.0000000,0
9137,Massage Dream: Relaxing Music for Massage,NULL,album,2015-02-26 00:00:00.0000000,31
9138,Commercial Reign,NULL,compilation,2003-11-04 00:00:00.0000000,0
9139,My Love Is a Tall Ship,NULL,album,2007-01-01 00:00:00.0000000,0
914,When It Blows It's Stacks - Live,NULL,album,2013-11-24 00:00:00.0000000,0
9140,Soul on Fire,NULL,album,2005-01-01 00:00:00.0000000,0
9141,Meneaito (El Meneaito),NULL,single,2017-09-28 00:00:00.0000000,3
9142,Pennies From Heaven,NULL,compilation,2011-06-24 00:00:00.0000000,0
9143,"One, Two",NULL,album,2011-07-04 00:00:00.0000000,0
9144,Tumbling Into The Dawn,NULL,album,2010-01-10 00:00:00.0000000,0
9145,"Die verkaufte Braut (2007 Remaster), Akt 3: Marsch der Komödianten (Orchester)",NULL,album,1962-01-01 00:00:00.0000000,0
9146,Mad About The Boy,NULL,compilation,2008-05-05 00:00:00.0000000,0
9147,"Chingari Koi Bhadke - From ""Amar Prem""",NULL,album,2017-04-13 00:00:00.0000000,0
9148,We Are Not the Same,NULL,album,2010-08-24 00:00:00.0000000,0
9149,1967 - Live,NULL,album,2012-09-11 00:00:00.0000000,0
915,This Respirator,NULL,album,2008-07-22 00:00:00.0000000,0
9150,Never Wanna Say Goodnight (with Nancy Wilson),NULL,album,2014-05-09 00:00:00.0000000,0
9151,El Blues de los Mas Buscados Hoy,NULL,album,2009-03-03 00:00:00.0000000,0
9152,Jingle Bells,NULL,album,2013-12-09 00:00:00.0000000,0
9153,Through the Labyrinth of Years,NULL,album,2008-01-01 00:00:00.0000000,0
9154,My Style Is Fly - Dela Remix,NULL,album,2009-05-11 00:00:00.0000000,0
9155,Shegye Shegitu,NULL,single,2020-10-14 00:00:00.0000000,24
9156,Praia Sol Saudade (Krikor's Dub),NULL,compilation,2002-01-01 00:00:00.0000000,0
9157,Cruisin' - Duets,NULL,album,2002-01-01 00:00:00.0000000,0
9158,I Don't Care (feat. D. Young),NULL,album,2015-02-10 00:00:00.0000000,0
9159,Ma Besta,NULL,compilation,2011-11-14 00:00:00.0000000,0
916,Crisalida,NULL,album,2007-03-13 00:00:00.0000000,11
9160,Jungle Run,NULL,album,2012-08-03 00:00:00.0000000,0
9161,In The Still Of The Night,NULL,album,1988-01-01 00:00:00.0000000,0
9162,Music to Calm Down (New Age Music),NULL,compilation,2016-03-01 00:00:00.0000000,0
9163,Uko Wapi,NULL,album,2014-04-02 00:00:00.0000000,0
9164,Jewel Thieves (feat. Russ Freeman),NULL,album,1997-09-15 00:00:00.0000000,0
9165,Dishonesty,NULL,album,2016-09-02 00:00:00.0000000,0
9166,Forever,NULL,album,1999-06-01 00:00:00.0000000,0
9167,Morangos com Açúcar - O Filme,NULL,compilation,2012-08-20 00:00:00.0000000,33
9168,"Blue, in Script",NULL,album,2017-08-10 00:00:00.0000000,0
9169,"Personal Space. Blood Groove & Kikis, Pt. 2",NULL,album,2013-09-03 00:00:00.0000000,6
917,Come Unto Christ,NULL,album,2013-11-12 00:00:00.0000000,13
9170,Danza Kuduro,NULL,album,2013-02-25 00:00:00.0000000,0
9171,Sharpening The Sword,NULL,album,2011-06-22 00:00:00.0000000,0
9172,The Essential George Gershwin,NULL,album,2003-01-06 00:00:00.0000000,0
9173,Forogj Világ!,NULL,album,2005-01-01 00:00:00.0000000,0
9174,We Da Sh*t,NULL,compilation,2007-01-01 00:00:00.0000000,0
9175,大浪漫主義,NULL,album,2010-03-29 00:00:00.0000000,0
9176,Trance Mix 2008,NULL,compilation,2008-01-01 00:00:00.0000000,0
9177,The Love Below,NULL,album,2016-09-02 00:00:00.0000000,0
9178,Jet Airliner,NULL,single,2019-04-26 00:00:00.0000000,0
9179,Toast,NULL,album,2017-06-02 00:00:00.0000000,0
918,S.U.P.E.R.B.A.D. MOTHERFUCKER,NULL,single,2007-10-19 00:00:00.0000000,0
9180,Zamilooni (featuring Zain Bhikha),NULL,album,2007-12-03 00:00:00.0000000,0
9181,Intro: God of the Rescue,NULL,album,2015-08-04 00:00:00.0000000,0
9182,Nectar EP,NULL,single,2008-11-10 00:00:00.0000000,0
9183,Mama Nem,NULL,album,2011-06-07 00:00:00.0000000,0
9184,Say Hello - Original Mix,NULL,album,2012-10-21 00:00:00.0000000,0
9185,La Guagua,NULL,album,2011-05-03 00:00:00.0000000,0
9186,Viv An Pasyon (feat. Warren),NULL,album,2011-05-31 00:00:00.0000000,0
9187,How About You (as heard on Brothers And Sisters),NULL,compilation,2008-01-01 00:00:00.0000000,0
9188,Back To Business,NULL,album,2014-01-15 00:00:00.0000000,0
9189,World Gone Mad [ASOT 263] - Dan Stone Remix,NULL,album,2006-08-24 00:00:00.0000000,0
919,Bei da Lindn,NULL,album,2013-03-14 00:00:00.0000000,22
9190,Peaks,NULL,album,2014-06-23 00:00:00.0000000,0
9191,Wishes or Weeds,NULL,album,2015-08-18 00:00:00.0000000,0
9192,"Vengan Vengan (Ya Habaybi, Ya Ghaybine)",NULL,album,1999-01-01 00:00:00.0000000,0
9193,História de Fogo,NULL,album,2003-01-01 00:00:00.0000000,0
9194,We Were Weightless,NULL,album,2014-03-25 00:00:00.0000000,0
9195,Up on the Rooftop,NULL,album,2013-04-22 00:00:00.0000000,0
9196,What Would He Say (feat. Teeya Skipper),NULL,album,2012-07-09 00:00:00.0000000,0
9197,Oakland (feat. Do Dirt da Mack),NULL,album,2017-06-17 00:00:00.0000000,0
9198,The Worm in the Apple,NULL,album,2008-01-01 00:00:00.0000000,0
9199,The Great Pretender,NULL,compilation,2007-01-01 00:00:00.0000000,0
92,All Eyes On Me (feat. Tkv),NULL,album,2014-10-31 00:00:00.0000000,0
920,Moody,NULL,compilation,2009-07-01 00:00:00.0000000,0
9200,Sheltak Mn Hayaty,NULL,compilation,2016-07-07 00:00:00.0000000,0
9201,Viisuja vintiltä,NULL,album,1998-12-02 00:00:00.0000000,15
9202,Fear of the Dark,NULL,compilation,2006-01-01 00:00:00.0000000,0
9203,Ballad (For My Love),NULL,album,1993-11-12 00:00:00.0000000,0
9204,Pagliaccio,NULL,album,2013-08-04 00:00:00.0000000,0
9205,Mother & Child Divided,NULL,single,2016-06-17 00:00:00.0000000,0
9206,People Everyday,NULL,album,2013-09-09 00:00:00.0000000,0
9207,SADNESS,NULL,compilation,2013-02-28 00:00:00.0000000,0
9208,Imidiwaren,NULL,compilation,2011-01-01 00:00:00.0000000,0
9209,Make 'Em Scream,NULL,album,2012-06-19 00:00:00.0000000,0
921,"Art of the Fugue, BWV 1080 (Arr. A. Frackenpohl for Brass Quintet): Contrapunctus IX",NULL,album,1988-01-01 00:00:00.0000000,0
9210,Go Girl,NULL,album,2012-10-02 00:00:00.0000000,0
9211,Tell Me So,NULL,album,2015-04-30 00:00:00.0000000,0
9212,In da Yard (feat. Chicken),NULL,album,2016-01-05 00:00:00.0000000,0
9213,Pregame,NULL,album,2020-08-22 00:00:00.0000000,8
9214,Your Cheatin’ Heart,NULL,compilation,2005-01-01 00:00:00.0000000,0
9215,El Manicero,NULL,compilation,2014-11-04 00:00:00.0000000,0
9216,Exklusiv - Explosiv,NULL,album,1997-04-18 00:00:00.0000000,0
9217,Cold Days,NULL,album,2009-11-27 00:00:00.0000000,0
9218,Ping Pong (Radio Edit),NULL,compilation,2014-03-28 00:00:00.0000000,0
9219,Love Is Like a Spinning Wheel,NULL,album,2016-09-16 00:00:00.0000000,0
922,"Sweep, Chimney Sweep - 2010 Remastered Version",NULL,album,2010-07-30 00:00:00.0000000,0
9220,Bleeding Heart (You Are the One),NULL,album,2017-02-03 00:00:00.0000000,0
9221,Orange and Blue Rag Stella Sung,NULL,album,2000-07-11 00:00:00.0000000,0
9222,Can't Use You Blues,NULL,compilation,1997-01-01 00:00:00.0000000,0
9223,"Christmas Oratorio, BWV 248: Aria: Grosser Herr und starker Konig (Bass)",NULL,album,1992-10-13 00:00:00.0000000,0
9224,Warm - Continuous DJ Mix,NULL,album,2013-11-04 00:00:00.0000000,0
9225,Plant a Seed (feat. Clyde Carson & Goapele),NULL,album,2013-02-19 00:00:00.0000000,0
9226,Red and Blue,NULL,album,2009-06-23 00:00:00.0000000,0
9227,Arabian Dance 'Fantasia'(Arr. J. Mendelsohn),NULL,album,2013-04-29 00:00:00.0000000,0
9228,Piano Solo Bossa,NULL,album,2016-08-15 00:00:00.0000000,0
9229,Travis,NULL,album,2012-07-17 00:00:00.0000000,0
923,Lirvaot,NULL,album,2013-01-31 00:00:00.0000000,0
9230,Hoy Que la Extraño,NULL,album,2012-01-01 00:00:00.0000000,0
9231,Norma And Norman,NULL,album,2014-08-24 00:00:00.0000000,0
9232,Shift from tha 902,NULL,album,2018-05-11 00:00:00.0000000,4
9233,Kord,NULL,compilation,2013-05-20 00:00:00.0000000,0
9234,Answer Me Now - Kakala He Lilo,NULL,album,2015-07-09 00:00:00.0000000,0
9235,我應該得到,NULL,album,2016-05-13 00:00:00.0000000,0
9236,"Aquella Melodía, Mentiras",NULL,album,2012-01-01 00:00:00.0000000,0
9237,Red Haired Girl,NULL,compilation,2011-09-01 00:00:00.0000000,0
9238,The Christmas Song,NULL,album,2003-01-01 00:00:00.0000000,0
9239,"Quand mon 6,35 me fait les yeux doux",NULL,album,2011-01-01 00:00:00.0000000,0
924,French Miami,NULL,album,2008-11-18 00:00:00.0000000,0
9240,In the Dimmest,NULL,album,2012-01-10 00:00:00.0000000,0
9241,The Pimp & Da Gangsta,NULL,album,2001-01-01 00:00:00.0000000,0
9242,Daer Old Stockholm AKA Ack Varmland Du Schona,NULL,album,2003-01-01 00:00:00.0000000,0
9243,The G.O.A.T,NULL,album,2017-08-22 00:00:00.0000000,0
9244,We Are One,NULL,album,1999-01-10 00:00:00.0000000,0
9245,Paranoia,NULL,album,2015-09-01 00:00:00.0000000,0
9246,Angels,NULL,compilation,2010-06-30 00:00:00.0000000,0
9247,Make 'em Sick,NULL,album,2015-02-07 00:00:00.0000000,0
9248,From Now On,NULL,album,2008-01-01 00:00:00.0000000,0
9249,Japan: Ainu Songs,NULL,compilation,1980-01-01 00:00:00.0000000,6
925,Virei a Noite,NULL,single,2016-06-08 00:00:00.0000000,19
9250,Dashuria,NULL,single,2020-08-05 00:00:00.0000000,0
9251,Hyperactive - Earthling Vs. Bushman RMX,NULL,album,2003-06-25 00:00:00.0000000,0
9252,Brindo por Ti,NULL,album,2015-09-26 00:00:00.0000000,0
9253,Gå,NULL,album,2017-03-17 00:00:00.0000000,2
9254,Mahogany Hall Stomp,NULL,album,2000-01-22 00:00:00.0000000,0
9255,Los Consejos De Mi Padre,NULL,album,2008-05-06 00:00:00.0000000,0
9256,It's Beginning to Look a Lot Like Christmas,NULL,album,2014-11-05 00:00:00.0000000,0
9257,Breathe,NULL,single,2015-09-11 00:00:00.0000000,0
9258,Quarrelsome Kate,NULL,album,2011-04-26 00:00:00.0000000,0
9259,The Blue Lagoon Movie (1980) Main Theme Song,NULL,album,2015-09-11 00:00:00.0000000,0
926,La Vaca Vieja,NULL,album,2013-05-21 00:00:00.0000000,0
9260,To Be With You,NULL,compilation,2000-11-28 00:00:00.0000000,0
9261,Live Warsaw 2000,NULL,album,2008-01-17 00:00:00.0000000,0
9262,Lorena (Arr. M. Hale for Choir),NULL,album,2001-09-30 00:00:00.0000000,0
9263,Occapella,NULL,compilation,2017-10-06 00:00:00.0000000,0
9264,Bringing Me Down - Mono Version,NULL,album,1966-08-15 00:00:00.0000000,0
9265,Lluvia (Chicos Aventura),NULL,album,2013-04-17 00:00:00.0000000,0
9266,Race Defects,NULL,album,1994-11-15 00:00:00.0000000,0
9267,That's Alright,NULL,compilation,2009-06-01 00:00:00.0000000,0
9268,Tristeza de Mi Carta,NULL,album,2011-08-12 00:00:00.0000000,0
9269,"Best Music, Vol. 14",NULL,single,2017-12-18 00:00:00.0000000,0
927,Engagé,NULL,single,2020-12-16 00:00:00.0000000,47
9270,Essentials,NULL,single,2019-04-04 00:00:00.0000000,26
9271,Holdin Firm - Shashamane Dubplate,NULL,album,2014-12-03 00:00:00.0000000,0
9272,Hasta Que Salga el Sol,NULL,album,2013-02-25 00:00:00.0000000,0
9273,Divine Intervention,NULL,album,1998-01-01 00:00:00.0000000,5
9274,Almendra,NULL,album,2002-01-25 00:00:00.0000000,0
9275,It's All Good (feat.Tyra),NULL,album,2011-07-22 00:00:00.0000000,0
9276,I Pikra Kleidose Ta Heili,NULL,album,2008-01-01 00:00:00.0000000,0
9277,Mcshann Bounce,NULL,album,2013-03-05 00:00:00.0000000,0
9278,Echoes of China,NULL,album,2015-08-07 00:00:00.0000000,13
9279,Flashing Echo: Trojan In Dub 1970-1980,NULL,compilation,2002-01-01 00:00:00.0000000,0
928,Kizomba,NULL,album,2016-01-22 00:00:00.0000000,16
9280,Angelus,NULL,album,2001-03-01 00:00:00.0000000,0
9281,Mr. Crowley,NULL,compilation,2012-10-01 00:00:00.0000000,0
9282,The Last Beacon,NULL,album,2017-08-08 00:00:00.0000000,0
9283,I Need More,NULL,album,2013-10-15 00:00:00.0000000,0
9284,Como No Voy a Quererte,NULL,album,2010-09-01 00:00:00.0000000,0
9285,With Dust - Club Mix,NULL,single,2009-07-17 00:00:00.0000000,0
9286,Blossom,NULL,album,2015-04-24 00:00:00.0000000,26
9287,Reversed Raindrop,NULL,album,2017-03-20 00:00:00.0000000,0
9288,Shock to My System,NULL,album,2011-01-01 00:00:00.0000000,0
9289,"The Well-Tempered Clavier, Book 2, BWV 870-893: Fugue",NULL,album,1996-01-01 00:00:00.0000000,0
929,Na Thimase,NULL,album,2005-09-23 00:00:00.0000000,0
9290,Gesu Bambino / O Come Let Us Adore Him,NULL,compilation,2007-10-26 00:00:00.0000000,0
9291,Mr. Lonely (For They Do Not Know),NULL,album,2015-11-25 00:00:00.0000000,0
9292,Battle Of The Dragons,NULL,album,1999-01-01 00:00:00.0000000,0
9293,All Dressed Up And Lonely,NULL,album,2014-02-08 00:00:00.0000000,0
9294,"Come Downstairs And Say Hello - Live in Lexington, KY - 3/2/04",NULL,album,2004-01-01 00:00:00.0000000,0
9295,Indian Calling,NULL,album,2008-01-01 00:00:00.0000000,35
9296,Wrecking Ball,NULL,album,2016-03-25 00:00:00.0000000,0
9297,Evensong,NULL,album,2008-12-01 00:00:00.0000000,0
9298,Chakra Balancing Music 953,NULL,compilation,2016-05-23 00:00:00.0000000,0
9299,Make Me Free (Water Lily Chillout Instrumental),NULL,album,2015-08-01 00:00:00.0000000,0
93,Giant's Lullaby,NULL,compilation,2005-01-01 00:00:00.0000000,0
930,Fire With Fire - Remix,NULL,album,2012-01-01 00:00:00.0000000,0
9300,Raise Your Fist And Yell,NULL,album,1987-01-01 00:00:00.0000000,27
9301,Nada,NULL,album,2003-01-01 00:00:00.0000000,0
9302,Nostalgia,NULL,album,2007-06-29 00:00:00.0000000,0
9303,報告總司令 - Live,NULL,album,2013-04-23 00:00:00.0000000,0
9304,I Can't Stop (My Lovin' You),NULL,album,2016-12-09 00:00:00.0000000,0
9305,The Rise Of The Valkyries,NULL,album,2007-01-01 00:00:00.0000000,0
9306,Don't Keep Me Guessin',NULL,single,2021-03-19 00:00:00.0000000,5
9307,You've Got a Friend,NULL,album,2012-01-01 00:00:00.0000000,0
9308,Red Hot,NULL,compilation,2016-01-28 00:00:00.0000000,0
9309,"Minuit, Chrétiens (O Holy Night) (arr.Alain Kremski)",NULL,compilation,2004-01-01 00:00:00.0000000,0
931,Born In 1980,NULL,single,2009-11-23 00:00:00.0000000,0
9310,I Will Follow (Theme Fit for Free Dance Parade) - Instrumental,NULL,single,2009-11-19 00:00:00.0000000,0
9311,The Hanging Tree,NULL,album,2013-10-29 00:00:00.0000000,0
9312,Waterfalls and Dreams,NULL,compilation,2016-03-08 00:00:00.0000000,0
9313,M.A.C.H.,NULL,album,2014-04-04 00:00:00.0000000,0
9314,Paradise Found,NULL,album,2014-03-07 00:00:00.0000000,0
9315,Fruit Of Life,NULL,album,1994-01-01 00:00:00.0000000,14
9316,Robot Lady Count,NULL,album,2010-07-09 00:00:00.0000000,0
9317,Mama's Shake - Jungle Sax Mix,NULL,compilation,2015-06-07 00:00:00.0000000,0
9318,Margie,NULL,album,2011-05-01 00:00:00.0000000,0
9319,Ella,NULL,album,2003-01-01 00:00:00.0000000,0
932,Helden der Nacht,NULL,compilation,2014-05-30 00:00:00.0000000,0
9320,Mad John (Mono),NULL,album,1968-05-24 00:00:00.0000000,0
9321,Three Minute Man,NULL,album,2014-11-11 00:00:00.0000000,0
9322,Mi Rate You,NULL,compilation,2016-06-17 00:00:00.0000000,0
9323,Happy Together,NULL,album,2015-03-17 00:00:00.0000000,0
9324,Happy People,NULL,album,2015-05-05 00:00:00.0000000,0
9325,"You Can Run, But You Can't Hide",NULL,album,1987-01-01 00:00:00.0000000,0
9326,I Can't Quit Your Love - Edit,NULL,album,2004-01-01 00:00:00.0000000,0
9327,Zambra Granadina - Remastered,NULL,album,2014-12-12 00:00:00.0000000,0
9328,A Màscara,NULL,album,2012-04-13 00:00:00.0000000,0
9329,Chain Wallet Bitch,NULL,album,2000-01-01 00:00:00.0000000,0
933,No Voy a Patillal,NULL,compilation,2010-12-28 00:00:00.0000000,0
9330,Cançons Infantils en Català (Vol. 9),NULL,album,2020-01-08 00:00:00.0000000,3
9331,Leavin' Me,NULL,album,2006-04-15 00:00:00.0000000,0
9332,When You Tell Me That You Love Me,NULL,album,2009-03-09 00:00:00.0000000,0
9333,Detrás de cada historia,NULL,album,2011-04-15 00:00:00.0000000,0
9334,Taking Care,NULL,album,2004-10-11 00:00:00.0000000,0
9335,"Notturno in D Major, Op. 42: II. Adagio",NULL,album,1989-11-01 00:00:00.0000000,0
9336,"Waldscenen, Op. 82: No. 1. Eintritt (Entering the Forest)",NULL,album,2013-04-01 00:00:00.0000000,0
9337,May Jesus Christ Be Praised (When Morning Gilds the Skies),NULL,album,2013-03-07 00:00:00.0000000,0
9338,Dumpweed - Live,NULL,album,2007-11-12 00:00:00.0000000,0
9339,Aleluya No. 1,NULL,compilation,2001-10-29 00:00:00.0000000,0
934,She Drives Me Crazy (A.R. Remix),NULL,compilation,2012-02-21 00:00:00.0000000,0
9340,Bound To Ride,NULL,album,2005-04-19 00:00:00.0000000,0
9341,Mean Red Spider,NULL,compilation,2008-01-01 00:00:00.0000000,0
9342,For You,NULL,album,2009-10-27 00:00:00.0000000,0
9343,Greatest Hits Of The 80's - Vol. 2,NULL,compilation,2013-04-29 00:00:00.0000000,26
9344,Las 20 Numero 1 De Gerardo Sandoval,NULL,album,2008-06-24 00:00:00.0000000,29
9345,70Hz Test Tone,NULL,album,2007-05-22 00:00:00.0000000,0
9346,Next Hex: The Nashville Sessions,NULL,compilation,1999-01-01 00:00:00.0000000,12
9347,Another Girl's Name,NULL,album,2010-01-01 00:00:00.0000000,0
9348,You're All I Want For Christmas,NULL,compilation,2010-07-12 00:00:00.0000000,0
9349,Beautifully Broken,NULL,album,2003-10-07 00:00:00.0000000,0
935,Respaldo y Confianza,NULL,album,2015-11-03 00:00:00.0000000,0
9350,Sneaking Up On Boo Radley - Live - 1998/99,NULL,album,2000-01-01 00:00:00.0000000,0
9351,Carousels,NULL,compilation,2011-09-13 00:00:00.0000000,0
9352,Steinway to Heaven,NULL,compilation,1996-01-01 00:00:00.0000000,3
9353,Combien de gens - Acoustic,NULL,album,2013-01-01 00:00:00.0000000,0
9354,C.g.l. 2k3,NULL,album,2004-01-27 00:00:00.0000000,0
9355,Stay Far (feat. 3Star),NULL,compilation,2014-04-02 00:00:00.0000000,0
9356,The Celph Titled Show (Instrumental),NULL,album,2011-11-08 00:00:00.0000000,0
9357,What Starts Must End,NULL,album,2012-10-26 00:00:00.0000000,0
9358,Retribution,NULL,album,2008-01-18 00:00:00.0000000,0
9359,La Negrita Liberata,NULL,compilation,2013-05-09 00:00:00.0000000,0
936,Feelin' So Good (S.K.O.O.B.Y.-D.O.O.),NULL,album,2010-05-11 00:00:00.0000000,0
9360,Nothin' Can Stop Us Now,NULL,album,2005-01-25 00:00:00.0000000,0
9361,Ever Since You Said Goodbye,NULL,compilation,2014-06-27 00:00:00.0000000,0
9362,Maria,NULL,album,2014-05-06 00:00:00.0000000,0
9363,"Oh Yeah…Alright (feat. Aceyalone, Sunspot Jonz, Casual & Kirby Dominant)",NULL,album,2011-10-03 00:00:00.0000000,0
9364,Meet Mr. Gordon,NULL,album,2013-04-04 00:00:00.0000000,0
9365,Meu Mundo Caiu,NULL,album,2015-07-24 00:00:00.0000000,0
9366,Fantasizing About Being Black,NULL,album,2017-02-17 00:00:00.0000000,19
9367,Virginia Woolf - The Short Stories,NULL,album,2012-05-04 00:00:00.0000000,1
9368,The Rite Of Infernal Invocation,NULL,album,1997-10-20 00:00:00.0000000,0
9369,"Raging Silhouettes (ft. Avicii, Ralvero)",NULL,album,2013-11-23 00:00:00.0000000,0
937,El Cantante,NULL,album,2010-01-01 00:00:00.0000000,0
9370,Wild Winged-One,NULL,album,2014-03-21 00:00:00.0000000,0
9371,Top 50 Preschool Songs Playlist,NULL,album,2014-11-26 00:00:00.0000000,26
9372,Army of Two,NULL,album,2013-09-24 00:00:00.0000000,0
9373,El Pastor Alemán,NULL,album,2007-01-01 00:00:00.0000000,0
9374,Miklat,NULL,album,2015-01-30 00:00:00.0000000,0
9375,The Answer Is Jesus,NULL,album,2009-04-24 00:00:00.0000000,0
9376,Resurrect This Pawn,NULL,album,2014-05-13 00:00:00.0000000,0
9377,Little Girl Blue,NULL,album,2011-01-01 00:00:00.0000000,0
9378,Grand Night Special,NULL,album,1990-01-01 00:00:00.0000000,0
9379,Undo The Right -- Re-recording,NULL,album,2010-03-16 00:00:00.0000000,0
938,ABGT200 Messages 1,NULL,compilation,2016-10-03 00:00:00.0000000,0
9380,尖叫之夜,NULL,single,2019-09-26 00:00:00.0000000,42
9381,Goodbye Baby,NULL,album,1976-01-01 00:00:00.0000000,0
9382,Life,NULL,compilation,2012-04-05 00:00:00.0000000,0
9383,"Wind Quintet in As-Dur, op. 14: III. Allegretto (Minuet)",NULL,album,2003-01-01 00:00:00.0000000,0
9384,Where Do We Go From Here,NULL,compilation,2005-02-07 00:00:00.0000000,0
9385,Applebum,NULL,album,2014-03-12 00:00:00.0000000,0
9386,Third Eye Revelation,NULL,album,2014-11-03 00:00:00.0000000,0
9387,Midnight Service At The MØtter Museum,NULL,album,2003-04-22 00:00:00.0000000,0
9388,Strijder (feat. Rocks),NULL,album,2005-01-01 00:00:00.0000000,0
9389,"Homecoming King - Live in Birmingham, AL - 3/3/04",NULL,album,2004-01-01 00:00:00.0000000,0
939,Scream Group Playing & Screaming in a Bolivian Lake Rowdy Children Kids Males Females Girls Boys Human Voice Language Is Not Too Discerniblesound Effects Spoken Phrases Voice Prompts Male Voice,NULL,album,2006-05-31 00:00:00.0000000,0
9390,"Piano Concerto No.26 in D, K.537 ""Coronation"": 1. Allegro",NULL,album,2001-01-01 00:00:00.0000000,0
9391,Fast Life,NULL,album,2015-08-04 00:00:00.0000000,0
9392,All Together Now,NULL,compilation,2010-06-11 00:00:00.0000000,0
9393,Long Time,NULL,album,2007-01-01 00:00:00.0000000,0
9394,Sweet Desire,NULL,album,2008-01-01 00:00:00.0000000,25
9395,Goossens: Seascape,NULL,compilation,2011-01-01 00:00:00.0000000,0
9396,The Prince's Tale,NULL,album,2011-07-06 00:00:00.0000000,0
9397,Look Away,NULL,album,2016-01-18 00:00:00.0000000,0
9398,My Swag,NULL,album,2008-01-01 00:00:00.0000000,0
9399,No Coast Dance Party,NULL,album,2009-12-04 00:00:00.0000000,5
94,The Beatles (Originally Performed by Yesterday) [Instrumental],NULL,album,2015-08-28 00:00:00.0000000,0
940,Steamboat Stomp,NULL,compilation,2014-06-27 00:00:00.0000000,0
9400,"Vivaldi, 4 Season Winter (Thunder Sound)",NULL,album,2012-01-23 00:00:00.0000000,0
9401,Kin Folk,NULL,album,2006-01-01 00:00:00.0000000,0
9402,Meet The Stone City Band!: Out From The Shadow,NULL,album,1983-01-01 00:00:00.0000000,23
9403,Muñoz (Canción Bolero),NULL,album,2015-01-20 00:00:00.0000000,0
9404,You Don´t Know Me - Reinhard Voigt Mix,NULL,compilation,2004-06-28 00:00:00.0000000,0
9405,11,NULL,album,1992-01-01 00:00:00.0000000,0
9406,LMHY,NULL,album,2017-04-07 00:00:00.0000000,0
9407,Look To The Stars,NULL,album,2015-09-04 00:00:00.0000000,0
9408,Chapter 10,NULL,album,2020-03-27 00:00:00.0000000,28
9409,No Lo Niegues Mas,NULL,album,2002-04-07 00:00:00.0000000,0
941,Still Believe in Love,NULL,album,2010-09-28 00:00:00.0000000,0
9410,Ornamental (a Projekt Holiday Compilation),NULL,compilation,2012-10-16 00:00:00.0000000,0
9411,Pick Along,NULL,album,1995-01-19 00:00:00.0000000,0
9412,Holy Water,NULL,album,2001-12-01 00:00:00.0000000,0
9413,Wolf Messing. Vertreibung der Tauben,NULL,album,2013-10-25 00:00:00.0000000,0
9414,Lo Siento Por Tí,NULL,album,2006-01-01 00:00:00.0000000,0
9415,Todos la quieren (Everyone wants her) - Bachata Country Latin,NULL,album,2011-02-07 00:00:00.0000000,0
9416,"Monster Screech, No. 1",NULL,album,2013-09-20 00:00:00.0000000,0
9417,Power of the Universe,NULL,album,2015-09-09 00:00:00.0000000,0
9418,Music - Tune Brothers Remix,NULL,album,2011-01-01 00:00:00.0000000,0
9419,Touchdown (ASOT 778),NULL,album,2016-08-25 00:00:00.0000000,0
942,Work,NULL,single,2016-03-11 00:00:00.0000000,5
9420,You Rock My World,NULL,compilation,2012-11-16 00:00:00.0000000,0
9421,Christmas Hockey News / The Zambonis,NULL,compilation,1997-01-01 00:00:00.0000000,0
9422,Paranormal Energy,NULL,single,2012-04-24 00:00:00.0000000,1
9423,Smash (Teknian Remix),NULL,single,2012-12-03 00:00:00.0000000,0
9424,Taking It All Too Hard,NULL,album,2013-10-25 00:00:00.0000000,0
9425,Sink,NULL,single,2021-03-03 00:00:00.0000000,40
9426,Rota Infinito,NULL,album,2015-09-17 00:00:00.0000000,0
9427,"Johannes-Passion, BWV 245, I. Teil: 13. Aria (Tenor) ""Zerschmettert mich, ihr Felsen und ihr Hügel""",NULL,album,2001-01-01 00:00:00.0000000,0
9428,Say Something,NULL,album,2017-02-17 00:00:00.0000000,0
9429,9 Venoms,NULL,album,2002-01-01 00:00:00.0000000,0
943,Poets And Idiots,NULL,album,2011-01-01 00:00:00.0000000,0
9430,She'll Be Coming Round the Mountain,NULL,album,2009-04-28 00:00:00.0000000,0
9431,Long Time Man,NULL,album,2010-01-01 00:00:00.0000000,0
9432,Nunca Fue Amor,NULL,compilation,2006-10-17 00:00:00.0000000,0
9433,My Mate Paul - The Dogs Are Parading,NULL,compilation,2009-01-01 00:00:00.0000000,0
9434,Crown,NULL,album,2017-10-06 00:00:00.0000000,0
9435,Bottomfeeder,NULL,album,2012-09-07 00:00:00.0000000,0
9436,"Together, We Two",NULL,album,2005-09-15 00:00:00.0000000,0
9437,Lo de Nosotros,NULL,compilation,2016-09-10 00:00:00.0000000,0
9438,Música pro Mundo,NULL,album,2018-01-23 00:00:00.0000000,0
9439,Tell Me Where You Are,NULL,single,2009-10-23 00:00:00.0000000,22
944,"Chairman, Vol. 3",NULL,album,2017-07-28 00:00:00.0000000,9
9440,Jesus Calls Us,NULL,album,1995-01-01 00:00:00.0000000,0
9441,"Organ Accompaniment, Vol. 7: The Book of Praise (Hymn Accompaniments for Christian Worship Service)",NULL,album,2014-07-29 00:00:00.0000000,0
9442,80 EP,NULL,single,2012-12-17 00:00:00.0000000,0
9443,Kickin' in the Stall,NULL,album,2013-07-22 00:00:00.0000000,0
9444,Shawty Is A 10 (Made Famous By The Dream),NULL,compilation,2008-01-01 00:00:00.0000000,0
9445,ENTWEDERundODER,NULL,album,2011-09-05 00:00:00.0000000,47
9446,Pidiendo Via,NULL,album,2006-05-24 00:00:00.0000000,0
9447,Duzdzhe laperyfe,NULL,single,2019-07-02 00:00:00.0000000,6
9448,Goggatjie Children's Songs,NULL,album,2009-05-15 00:00:00.0000000,5
9449,Como Una Moto Voy,NULL,compilation,2014-09-12 00:00:00.0000000,0
945,Rat In My Kitchen,NULL,album,2007-01-01 00:00:00.0000000,0
9450,4 Da Show (Bonus Track),NULL,album,2009-06-15 00:00:00.0000000,0
9451,Clean Mi Heart Too Clean,NULL,compilation,2015-08-14 00:00:00.0000000,0
9452,What Love Means,NULL,single,2016-10-25 00:00:00.0000000,13
9453,Ibis-Afro man,NULL,album,2001-01-01 00:00:00.0000000,0
9454,Gang War,NULL,album,2008-11-03 00:00:00.0000000,0
9455,Franks & Beans,NULL,album,2014-12-22 00:00:00.0000000,0
9456,Gold,NULL,compilation,2008-01-01 00:00:00.0000000,0
9457,Esmerelda,NULL,album,2009-07-21 00:00:00.0000000,0
9458,Voyage Riddim,NULL,compilation,2013-02-12 00:00:00.0000000,0
9459,The Boys Are Back In Town,NULL,album,2007-11-05 00:00:00.0000000,0
946,Good Lovin,NULL,album,2013-03-15 00:00:00.0000000,0
9460,Feel So Close (Workout Remix),NULL,album,2012-06-14 00:00:00.0000000,0
9461,Mad Confustion,NULL,album,2000-01-01 00:00:00.0000000,0
9462,Alone,NULL,album,1999-01-01 00:00:00.0000000,0
9463,Burning - LP MIX,NULL,album,2008-03-17 00:00:00.0000000,0
9464,眼淚博物館,NULL,album,2020-06-05 00:00:00.0000000,41
9465,Porque las cosas cambian (feat. Carla Morrison) - MTV Unplugged,NULL,album,2015-11-27 00:00:00.0000000,0
9466,Living by Faith Medley,NULL,album,2008-04-29 00:00:00.0000000,0
9467,King (feat. Mac Dris),NULL,album,2014-09-19 00:00:00.0000000,0
9468,Our Blessed Land,NULL,album,1998-01-01 00:00:00.0000000,0
9469,The Truth,NULL,album,1992-01-01 00:00:00.0000000,0
947,"Partita No. 4 in D Major, BWV 828: IV. Aria",NULL,album,2014-07-15 00:00:00.0000000,0
9470,Midwest Jam Season 1,NULL,compilation,2010-01-01 00:00:00.0000000,4
9471,United We Stand (R&B Beat),NULL,album,2017-10-13 00:00:00.0000000,0
9472,Albion - Mark Norman Remix,NULL,single,2009-12-14 00:00:00.0000000,0
9473,Bound,NULL,album,2013-07-09 00:00:00.0000000,0
9474,Plasticville,NULL,album,2014-08-28 00:00:00.0000000,2
9475,"Поживем, увидим",NULL,album,2016-04-13 00:00:00.0000000,0
9476,Casino - Nights In White Satin,NULL,album,2010-01-25 00:00:00.0000000,0
9477,Give You the World,NULL,compilation,2013-05-29 00:00:00.0000000,0
9478,1947-1949,NULL,album,2000-01-01 00:00:00.0000000,0
9479,Overthinking,NULL,album,2009-01-01 00:00:00.0000000,0
948,Capricorn - Original Mix,NULL,single,2015-04-27 00:00:00.0000000,0
9480,Guitar Solo,NULL,album,2008-06-10 00:00:00.0000000,0
9481,Le Chant Des Solitaires,NULL,album,2009-06-02 00:00:00.0000000,0
9482,Vereda Tropical,NULL,album,2011-06-08 00:00:00.0000000,0
9483,Killing Me Softly With His Song (feat. Sincopa and Cuarto Poder),NULL,album,2009-05-05 00:00:00.0000000,0
9484,Afterparty,NULL,album,2014-06-16 00:00:00.0000000,3
9485,El Rock De Tin Tanova,NULL,album,2017-05-19 00:00:00.0000000,0
9486,Howling Owl,NULL,album,2010-07-09 00:00:00.0000000,0
9487,"Mozart: Piano Sonata No. 6 in D Major, K. 284: I. Allegro",NULL,album,2006-06-20 00:00:00.0000000,0
9488,Recuerdos - En Vivo,NULL,album,1998-06-12 00:00:00.0000000,0
9489,Suppertime - Live,NULL,compilation,1993-01-01 00:00:00.0000000,0
949,Cara de Rica,NULL,single,2014-01-28 00:00:00.0000000,27
9490,My Baby Loves to Dance,NULL,album,2012-01-01 00:00:00.0000000,0
9491,Halley Wars,NULL,album,2009-04-15 00:00:00.0000000,0
9492,Coquette,NULL,compilation,2001-01-01 00:00:00.0000000,0
9493,Bern (River Lament),NULL,single,2017-09-08 00:00:00.0000000,0
9494,"Tragödie, Op. 64 No. 3",NULL,album,2009-04-01 00:00:00.0000000,0
9495,If You Want My Love,NULL,compilation,2007-01-01 00:00:00.0000000,0
9496,"Lyric Pieces – Book 10, Op. 71: No. 3, Puck",NULL,album,2016-03-01 00:00:00.0000000,0
9497,Tua Glória - Ao Vivo,NULL,album,2011-04-01 00:00:00.0000000,0
9498,Crazytown,NULL,album,2006-01-01 00:00:00.0000000,0
9499,Down With the Hits,NULL,album,1999-01-01 00:00:00.0000000,0
95,O Jesus Bleibet Meine Freude,NULL,compilation,2003-01-01 00:00:00.0000000,0
950,Amazing Grace,NULL,album,2014-03-12 00:00:00.0000000,0
9500,La gadoue,NULL,album,2006-03-04 00:00:00.0000000,0
9501,Separate Lives,NULL,compilation,2012-09-27 00:00:00.0000000,0
9502,"Hai Yeh Kaisa Nasha (From ""Chorni"")",NULL,album,1980-01-01 00:00:00.0000000,0
9503,Brave New World - Nice 7 Mix,NULL,single,2008-12-27 00:00:00.0000000,0
9504,Beehive (Hopalong’s Cavity),NULL,compilation,2007-10-10 00:00:00.0000000,0
9505,No Brakes No Hooks (Tha Leak),NULL,album,2010-09-24 00:00:00.0000000,5
9506,One,NULL,album,1996-01-01 00:00:00.0000000,0
9507,Piece By Piece (In the Style of Kelly Clarkson) [Karaoke Version],NULL,album,2015-05-18 00:00:00.0000000,0
9508,Live and Acoustic at The Palace,NULL,album,2016-04-02 00:00:00.0000000,0
9509,Endless Summer,NULL,single,2019-07-12 00:00:00.0000000,49
951,Mama's Prayers,NULL,album,2007-01-01 00:00:00.0000000,0
9510,The Holy Reel,NULL,album,2009-04-07 00:00:00.0000000,0
9511,All In,NULL,album,2016-01-01 00:00:00.0000000,0
9512,"Dungeon (from ""Terraria"")",NULL,album,2013-10-22 00:00:00.0000000,0
9513,Spoilt Milk,NULL,single,2018-12-07 00:00:00.0000000,5
9514,Bamachilidza,NULL,album,2016-01-28 00:00:00.0000000,0
9515,"Medley: Stairway to Heaven, Pinball Wizard, My Generation, the Stand",NULL,compilation,2008-10-30 00:00:00.0000000,0
9516,"Never, Never, Never",NULL,album,1973-01-01 00:00:00.0000000,44
9517,Lines,NULL,album,2010-09-20 00:00:00.0000000,0
9518,You Stole the Sun from My Heart,NULL,compilation,2010-05-07 00:00:00.0000000,0
9519,Sem Abuso,NULL,album,2013-01-01 00:00:00.0000000,0
952,Do Right Man featuring Robert Moore,NULL,album,2007-06-18 00:00:00.0000000,0
9520,Se Come Casabe,NULL,album,2015-09-11 00:00:00.0000000,0
9521,Introspective,NULL,single,2016-02-08 00:00:00.0000000,0
9522,Code Red - Voice,NULL,album,2001-07-03 00:00:00.0000000,0
9523,Money Right,NULL,album,2015-12-11 00:00:00.0000000,0
9524,Diamond Heart,NULL,album,2007-02-12 00:00:00.0000000,0
9525,Open Borders,NULL,album,1991-01-01 00:00:00.0000000,9
9526,Peppermint Candy Part 2,NULL,album,2010-01-01 00:00:00.0000000,0
9527,Avevamo La Stessa Età,NULL,compilation,2011-06-30 00:00:00.0000000,0
9528,Not Gonna Be Alone,NULL,compilation,2015-02-10 00:00:00.0000000,0
9529,Alles dreht sich,NULL,album,2012-08-31 00:00:00.0000000,0
953,Los Brujos - Loko Remix,NULL,compilation,2010-06-21 00:00:00.0000000,0
9530,I Bowed On My Knees and Cried Holy - Low w/o background vocals - [Performance Track],NULL,album,1998-01-01 00:00:00.0000000,0
9531,Staying Warm,NULL,album,2010-02-02 00:00:00.0000000,0
9532,"Wonderful Tonight - Live at Royal Albert Hall, London, England, UK, 1990 - 1991",NULL,album,1991-10-08 00:00:00.0000000,0
9533,I'll Remember April / (All Of A Sudden) My Heart Sings / You Don't Know What Love Is / I Miss You So / I Love You Much Too Much,NULL,album,2013-01-01 00:00:00.0000000,0
9534,Caprice No.24,NULL,album,2012-06-04 00:00:00.0000000,0
9535,Fill the House,NULL,album,2013-04-16 00:00:00.0000000,0
9536,Dulce Embeleso,NULL,album,1996-01-23 00:00:00.0000000,0
9537,Din Ino Thamasram,NULL,album,2015-01-01 00:00:00.0000000,0
9538,In the Cut - Instrumental,NULL,album,2013-09-20 00:00:00.0000000,0
9539,Moscow Military Ensemble,NULL,album,1992-08-08 00:00:00.0000000,0
954,Love Is Louder (Than All This Noise),NULL,album,2013-11-19 00:00:00.0000000,0
9540,Spiritual Babe,NULL,compilation,2014-11-03 00:00:00.0000000,0
9541,Deep Song (Version 2) [Live],NULL,compilation,2013-06-10 00:00:00.0000000,0
9542,"Le mauvais rêve - BOF ""Les Poneyttes""",NULL,album,2010-01-01 00:00:00.0000000,0
9543,The Captain,NULL,album,2009-09-29 00:00:00.0000000,0
9544,Somewhere (In This World) - CloudChasers Mix,NULL,single,2005-12-28 00:00:00.0000000,0
9545,Amazing and Beautiful,NULL,album,2002-07-05 00:00:00.0000000,0
9546,Miss Me,NULL,single,2014-06-13 00:00:00.0000000,0
9547,Holophonic Effects - Matches Box,NULL,album,1999-05-18 00:00:00.0000000,0
9548,Crack The Frame,NULL,album,2015-08-28 00:00:00.0000000,0
9549,La Fuerza De La Vida,NULL,album,2003-01-01 00:00:00.0000000,0
955,Army,NULL,album,2014-04-14 00:00:00.0000000,0
9550,Good Feeling - 2015 Dance Remix,NULL,album,2015-09-18 00:00:00.0000000,0
9551,10 Years of Addiction,NULL,album,2005-04-11 00:00:00.0000000,5
9552,Chi sa amare,NULL,album,2013-06-25 00:00:00.0000000,0
9553,Warmth of the Earth,NULL,album,2007-01-01 00:00:00.0000000,0
9554,Brain Harmony,NULL,album,2014-12-02 00:00:00.0000000,0
9555,Dreamstate,NULL,album,2016-04-29 00:00:00.0000000,0
9556,Weiße Liebe,NULL,album,2017-08-18 00:00:00.0000000,0
9557,Dependin' On You,NULL,compilation,2012-02-07 00:00:00.0000000,0
9558,Put Yo' Back N 2 It,NULL,album,2005-01-01 00:00:00.0000000,0
9559,Na Ye Chand Hoga,NULL,album,2013-01-03 00:00:00.0000000,0
956,The Unusual,NULL,album,2011-04-12 00:00:00.0000000,29
9560,Angel Caido,NULL,album,2004-11-21 00:00:00.0000000,0
9561,La Casa en el Aire,NULL,album,2002-01-01 00:00:00.0000000,0
9562,Ashland Avenue,NULL,single,2015-09-12 00:00:00.0000000,0
9563,Can't You Hear Me Calling,NULL,compilation,2014-07-15 00:00:00.0000000,0
9564,Pictures,NULL,album,2009-01-01 00:00:00.0000000,0
9565,Sex With An X,NULL,album,2010-09-13 00:00:00.0000000,0
9566,Even in Death,NULL,album,2015-11-19 00:00:00.0000000,0
9567,Circles,NULL,compilation,2018-06-27 00:00:00.0000000,20
9568,Gibraltar,NULL,album,2006-01-01 00:00:00.0000000,34
9569,"Images, Book 1: Hommage a rameau",NULL,album,2014-01-13 00:00:00.0000000,0
957,Recuperation and Healing: Relaxing Musicfor Physical and Mental Recovery,NULL,album,2013-09-13 00:00:00.0000000,0
9570,Keep It Movin' feat. Martha Wash,NULL,album,2012-12-18 00:00:00.0000000,0
9571,Honky Tonk - Part 1,NULL,album,2009-01-01 00:00:00.0000000,0
9572,"Memory (From ""Cats"")",NULL,album,2015-04-03 00:00:00.0000000,0
9573,You - Original Mix,NULL,album,2012-10-02 00:00:00.0000000,0
9574,"An die Musik, D.547",NULL,album,2011-04-01 00:00:00.0000000,0
9575,Como Debe Ser,NULL,album,2011-04-12 00:00:00.0000000,0
9576,"24 Préludes, Op.28: 20. In C Minor",NULL,album,2007-01-01 00:00:00.0000000,0
9577,Handy Man,NULL,compilation,2009-08-18 00:00:00.0000000,0
9578,Dark Night of the Soul,NULL,album,2005-01-07 00:00:00.0000000,0
9579,Affirmation - Session 2,NULL,album,2007-02-06 00:00:00.0000000,0
958,Trouble - THE ONLY Remix,NULL,compilation,2014-09-12 00:00:00.0000000,0
9580,Pure - Janicki Mix,NULL,album,2006-01-01 00:00:00.0000000,0
9581,"Friends, Forgetting",NULL,album,2013-12-12 00:00:00.0000000,0
9582,What A Friend,NULL,album,1999-04-20 00:00:00.0000000,0
9583,Remember When,NULL,album,2009-11-20 00:00:00.0000000,0
9584,Alma Llanera,NULL,album,2015-03-10 00:00:00.0000000,0
9585,Oideh Shimchu,NULL,album,2016-06-21 00:00:00.0000000,0
9586,Lullaby,NULL,album,1998-01-01 00:00:00.0000000,0
9587,Dazed,NULL,album,2013-01-20 00:00:00.0000000,0
9588,"Bizet (l'Arlésienne, Carmen Suites)",NULL,album,2008-01-01 00:00:00.0000000,0
9589,شكد قديم,NULL,compilation,2014-03-05 00:00:00.0000000,0
959,Jingle Bell Rock,NULL,album,2014-10-07 00:00:00.0000000,0
9590,Aquarian Moon - Remastered,NULL,album,2006-01-01 00:00:00.0000000,0
9591,We Gon Roll,NULL,single,2016-03-18 00:00:00.0000000,0
9592,Romeo Ranjha (Original Motion Picture Soundtrack),NULL,album,2016-11-09 00:00:00.0000000,3
9593,Something's Coming (from West Side Story),NULL,compilation,2009-01-01 00:00:00.0000000,0
9594,เธอ...ผู้ไม่แพ้,NULL,compilation,2016-01-28 00:00:00.0000000,0
9595,Firefly Wish,NULL,single,2020-06-21 00:00:00.0000000,0
9596,Best Friend,NULL,single,2012-01-01 00:00:00.0000000,1
9597,I Remember (feat. G Herbo & Cago Leek),NULL,album,2016-09-29 00:00:00.0000000,0
9598,The Long Drop,NULL,album,2015-10-02 00:00:00.0000000,0
9599,You,NULL,album,2010-07-31 00:00:00.0000000,0
96,Free,NULL,album,2016-06-04 00:00:00.0000000,0
960,One More String of Pearls - Unknown Berlin Radio Session,NULL,album,2013-01-01 00:00:00.0000000,0
9600,Y Con Los Cinco Sentidos,NULL,album,1989-01-01 00:00:00.0000000,0
9601,Tennessee Hollow,NULL,album,2017-03-31 00:00:00.0000000,0
9602,Peace Of God,NULL,album,2006-01-01 00:00:00.0000000,0
9603,Spreeufer,NULL,album,2011-10-28 00:00:00.0000000,0
9604,Sound Off,NULL,album,2008-08-11 00:00:00.0000000,0
9605,Golden Dress (Original Mix),NULL,album,2011-11-18 00:00:00.0000000,0
9606,Va Cae,NULL,album,2014-12-05 00:00:00.0000000,0
9607,My Remedy (Official Untold Festival Anthem) - Mike Lucas & Simon Beta vs. Arda Diri Radio Edit,NULL,single,2016-09-02 00:00:00.0000000,0
9608,Don't Mess Wit Texas,NULL,album,1997-07-01 00:00:00.0000000,44
9609,Bisu,NULL,album,2015-12-01 00:00:00.0000000,0
961,The Spine,NULL,album,2008-06-13 00:00:00.0000000,0
9610,The World Wasn't Big Enough,NULL,single,2020-04-29 00:00:00.0000000,0
9611,My Momma House (feat. Bakery Brad),NULL,compilation,2014-03-04 00:00:00.0000000,0
9612,"Don't Worry Mother, Your Son's Heart Is Pure",NULL,compilation,1995-06-06 00:00:00.0000000,0
9613,Mi Name Gregory / Revenge,NULL,album,2016-07-31 00:00:00.0000000,0
9614,Waiting,NULL,album,2004-01-01 00:00:00.0000000,0
9615,Do Homework (Nature Sounds),NULL,compilation,2016-06-20 00:00:00.0000000,0
9616,Today and Forever,NULL,album,2015-04-20 00:00:00.0000000,24
9617,Ganesh Mantra,NULL,album,2013-02-25 00:00:00.0000000,0
9618,Sundet,NULL,album,2006-09-01 00:00:00.0000000,5
9619,Gaiteros (Processional Music) #2,NULL,compilation,2001-01-01 00:00:00.0000000,0
962,Written In Blood,NULL,album,2017-01-13 00:00:00.0000000,0
9620,Meendum Meendum Vaa (feat. Sp Balasubramaniam & S Janaki),NULL,album,2012-03-06 00:00:00.0000000,0
9621,Lágrimas negras,NULL,album,2010-12-23 00:00:00.0000000,0
9622,"Peace, Brothers & Sisters!",NULL,album,2005-01-01 00:00:00.0000000,0
9623,Black Snake,NULL,album,1986-01-01 00:00:00.0000000,0
9624,Wanderlust,NULL,compilation,2014-09-26 00:00:00.0000000,0
9625,A Good Person,NULL,album,2015-09-23 00:00:00.0000000,0
9626,It's Real Love - Stephan F Remix Edit,NULL,single,2014-03-19 00:00:00.0000000,0
9627,Alter War In Tokyo,NULL,album,2011-01-01 00:00:00.0000000,23
9628,Crime,NULL,album,2012-07-10 00:00:00.0000000,0
9629,Topepi el Marciano,NULL,compilation,2011-02-01 00:00:00.0000000,0
963,Teach Me To Forget,NULL,single,2017-07-14 00:00:00.0000000,7
9630,Brand New Day - Fix8 Remix,NULL,compilation,2013-09-27 00:00:00.0000000,0
9631,I Want To Rock,NULL,compilation,2008-05-05 00:00:00.0000000,0
9632,"Savior, Like A Shepherd Lead Us",NULL,album,1988-01-01 00:00:00.0000000,0
9633,Rain on the Barn,NULL,album,2016-01-01 00:00:00.0000000,0
9634,I Can't (Live) [feat. Matthew Morris],NULL,album,1999-03-03 00:00:00.0000000,0
9635,Irrelevant,NULL,album,2013-10-17 00:00:00.0000000,0
9636,Rumba,NULL,album,2014-02-25 00:00:00.0000000,0
9637,MCMXCIII (Live),NULL,album,1993-11-26 00:00:00.0000000,23
9638,Ke Kali Nei Au,NULL,album,2008-01-01 00:00:00.0000000,0
9639,Riding Free,NULL,single,2014-05-27 00:00:00.0000000,0
964,"Kreisleriana, Op. 16: No. 8 Schnell und spielend",NULL,album,2007-11-08 00:00:00.0000000,0
9640,Oeo,NULL,album,2017-06-16 00:00:00.0000000,12
9641,Gasolina,NULL,album,2016-02-15 00:00:00.0000000,0
9642,Under Paris Stars,NULL,compilation,2012-01-12 00:00:00.0000000,0
9643,Deck The Halls,NULL,album,2007-10-02 00:00:00.0000000,0
9644,Glow Worm,NULL,album,2011-01-01 00:00:00.0000000,0
9645,All I Need Is the Girl,NULL,album,1990-09-25 00:00:00.0000000,0
9646,Remnants of Expansion,NULL,album,2016-10-28 00:00:00.0000000,0
9647,Lizzy,NULL,album,2007-08-15 00:00:00.0000000,0
9648,On a Roll,NULL,album,2010-03-16 00:00:00.0000000,0
9649,Flauta Mágica,NULL,album,2004-01-01 00:00:00.0000000,0
965,"Variations in D Major on a Theme by Duport, K. 573: Var. 1",NULL,album,2015-10-02 00:00:00.0000000,0
9650,Mine (Made Famous by Taylor Swift),NULL,compilation,2011-01-01 00:00:00.0000000,0
9651,Aja Ni Aja,NULL,album,2012-09-04 00:00:00.0000000,0
9652,Used Rough,NULL,album,2009-03-09 00:00:00.0000000,0
9653,Glittering Prize - Extended Theme,NULL,album,2016-07-15 00:00:00.0000000,0
9654,Ma Lou Marilou,NULL,compilation,2011-01-01 00:00:00.0000000,0
9655,South First Blvd,NULL,album,2015-10-02 00:00:00.0000000,0
9656,Greatest Hits,NULL,compilation,1997-01-01 00:00:00.0000000,23
9657,Sowhatusayin,NULL,compilation,1995-01-01 00:00:00.0000000,0
9658,Prohibido Perder,NULL,album,2004-01-01 00:00:00.0000000,16
9659,Feet On The Ground - Bare Remix,NULL,single,2014-11-20 00:00:00.0000000,0
966,Comme un Garçon - 2015 Remaster,NULL,album,2015-06-08 00:00:00.0000000,0
9660,Pilot of the Airwaves,NULL,compilation,2013-09-20 00:00:00.0000000,0
9661,8 Years of Amazone (Compilation 2005-2013),NULL,compilation,2013-03-27 00:00:00.0000000,0
9662,My Orca,NULL,album,2010-01-01 00:00:00.0000000,0
9663,"80s Hitbox, Vol. 2",NULL,compilation,2012-09-28 00:00:00.0000000,2
9664,Geeked Up,NULL,album,2017-06-15 00:00:00.0000000,0
9665,Low Profile Mix,NULL,album,2013-03-08 00:00:00.0000000,0
9666,Take A Chance On Me,NULL,compilation,2008-01-01 00:00:00.0000000,0
9667,My Girl Is Just Enough Woman For Me,NULL,album,2011-01-01 00:00:00.0000000,0
9668,Good Tidings to You - Christmas with the Family,NULL,compilation,2016-11-18 00:00:00.0000000,0
9669,Bongo Rock,NULL,album,2008-06-18 00:00:00.0000000,0
967,Tao of Healing Zen Peace,NULL,compilation,2016-06-07 00:00:00.0000000,0
9670,Die Unruhe Extended,NULL,album,2004-01-01 00:00:00.0000000,14
9671,Anybody Seen My Baby? - Armand's Rolling Steelo Mix,NULL,compilation,2011-04-26 00:00:00.0000000,0
9672,Intro,NULL,album,2005-10-25 00:00:00.0000000,0
9673,Salvacion Incomparable,NULL,album,2009-06-10 00:00:00.0000000,0
9674,I Saw Sellasie (feat. Lebanculah),NULL,compilation,2006-12-19 00:00:00.0000000,0
9675,#Gemstoned,NULL,single,2018-02-10 00:00:00.0000000,0
9676,Later That Night - Single,NULL,single,2013-01-01 00:00:00.0000000,0
9677,Mashed Rock Mixes,NULL,album,2009-07-06 00:00:00.0000000,0
9678,Zünde eine Kerze an,NULL,single,2020-04-17 00:00:00.0000000,9
9679,Weak Link,NULL,album,2016-02-12 00:00:00.0000000,0
968,Living Half to Death,NULL,album,2017-02-24 00:00:00.0000000,0
9680,Perfect,NULL,album,2013-01-01 00:00:00.0000000,0
9681,It's Alright / Amen - Live,NULL,compilation,2006-01-01 00:00:00.0000000,0
9682,Searching Soulz,NULL,single,2011-04-03 00:00:00.0000000,0
9683,Oldcore VIP,NULL,single,2012-11-12 00:00:00.0000000,0
9684,"Rhapsody on a Theme of Paganini, Op. 43: XXIII. Variation 21: Un poco più vivo",NULL,album,2010-01-26 00:00:00.0000000,0
9685,28 Big Ones,NULL,album,2005-01-01 00:00:00.0000000,23
9686,Linval Thompson & Friends: Rockers From Channel One,NULL,compilation,2003-01-01 00:00:00.0000000,0
9687,You're Gone But I'm Left,NULL,compilation,2010-08-30 00:00:00.0000000,0
9688,Original Friend,NULL,album,2010-11-23 00:00:00.0000000,0
9689,Sonata-Fantasie No. 1,NULL,album,2015-01-01 00:00:00.0000000,0
969,Are You Blue Or Are You Blind? - Mark Radcliffe Radio1 '95 - Trans. 22.5.95,NULL,album,2009-01-01 00:00:00.0000000,0
9690,Uno Rosa,NULL,single,2020-02-13 00:00:00.0000000,2
9691,Yürüyorum Dikenlerin Üstünde,NULL,single,2020-10-23 00:00:00.0000000,36
9692,Noc Bez Anioła (Ti Amo),NULL,compilation,2009-01-01 00:00:00.0000000,0
9693,ماخبيش عليك,NULL,album,2005-01-01 00:00:00.0000000,0
9694,Ela Foi Minha - Reggaton remix 2007,NULL,album,2009-11-13 00:00:00.0000000,0
9695,He Swallowed Rays Ff the Sun,NULL,album,2011-11-01 00:00:00.0000000,0
9696,Odomson,NULL,compilation,2003-01-28 00:00:00.0000000,0
9697,Logo Dans Le Ciel,NULL,album,2009-02-16 00:00:00.0000000,0
9698,"Cello Concerto in B minor, Op.104: 1. Allegro",NULL,album,2003-01-01 00:00:00.0000000,0
9699,The River: Writing in Water,NULL,album,2008-06-24 00:00:00.0000000,0
97,Deep Down,NULL,album,2011-09-03 00:00:00.0000000,0
970,JUGGERNAUT (feat. Lil Uzi Vert & Pharrell Williams),NULL,album,2021-06-25 00:00:00.0000000,0
9700,Open Your Eyes,NULL,album,2012-11-30 00:00:00.0000000,0
9701,Dragonfly,NULL,album,2012-02-14 00:00:00.0000000,0
9702,Spirited Away the Name of Life,NULL,album,2015-02-04 00:00:00.0000000,0
9703,Warm Candle Light (Meditation at Home),NULL,album,2014-09-29 00:00:00.0000000,0
9704,Ando Suelto,NULL,album,2003-08-15 00:00:00.0000000,0
9705,Toxic vs. Shut up and Let Me Go,NULL,album,2015-04-16 00:00:00.0000000,0
9706,Incoming / Aftermath,NULL,album,2005-09-06 00:00:00.0000000,0
9707,プレゼント Originally Performed By SEKAI NO OWARI (オルゴール),NULL,album,2015-12-09 00:00:00.0000000,0
9708,I Get It In,NULL,album,2009-01-01 00:00:00.0000000,0
9709,"I Believe in a Thing Called Love (12"" Almighty Anthem Mix)",NULL,album,2008-01-01 00:00:00.0000000,0
971,Un Minuto Cincuenta para una Mentirosa,NULL,album,2011-02-10 00:00:00.0000000,0
9710,Lovelines,NULL,album,2008-11-11 00:00:00.0000000,0
9711,Imam,NULL,album,1979-01-01 00:00:00.0000000,0
9712,Everybody's Friend,NULL,album,1982-01-01 00:00:00.0000000,0
9713,Pildoras,NULL,single,2013-06-05 00:00:00.0000000,1
9714,Philadelphia Lawyer,NULL,album,2009-01-01 00:00:00.0000000,0
9715,あいつが死んだ晩,NULL,album,1978-09-05 00:00:00.0000000,30
9716,Isn't It?,NULL,compilation,2013-01-01 00:00:00.0000000,0
9717,En càmera lenta,NULL,album,2014-10-14 00:00:00.0000000,0
9718,Apron (The Rhythm Remix),NULL,single,2014-07-11 00:00:00.0000000,0
9719,The Chief,NULL,album,2015-11-27 00:00:00.0000000,0
972,Lovin You,NULL,compilation,2017-02-10 00:00:00.0000000,0
9720,Bilou,NULL,compilation,2011-11-22 00:00:00.0000000,0
9721,Touch the Sky (Live),NULL,album,2016-11-23 00:00:00.0000000,0
9722,Gardening,NULL,album,2016-03-25 00:00:00.0000000,0
9723,Улыбаясь,NULL,album,2014-04-28 00:00:00.0000000,0
9724,Coming Down,NULL,album,2017-10-13 00:00:00.0000000,0
9725,The Killing Moon,NULL,album,2011-09-30 00:00:00.0000000,0
9726,Senor Salsa,NULL,compilation,2005-06-29 00:00:00.0000000,0
9727,Live Mix 2,NULL,album,2005-01-01 00:00:00.0000000,33
9728,Reverse Circumcision,NULL,album,2021-01-29 00:00:00.0000000,29
9729,100,NULL,compilation,2008-06-06 00:00:00.0000000,0
973,Marcus Mouya - Gloom (Remixes),NULL,single,2013-09-20 00:00:00.0000000,6
9730,My Christmas Valentine,NULL,compilation,2017-03-20 00:00:00.0000000,0
9731,My Old Man's A Dustman,NULL,album,2012-12-10 00:00:00.0000000,0
9732,The Scattering,NULL,album,2004-01-01 00:00:00.0000000,16
9733,Abîme,NULL,album,2013-05-27 00:00:00.0000000,0
9734,My Lighthouse,NULL,compilation,1996-01-01 00:00:00.0000000,0
9735,El Arrollo que Murmura,NULL,album,2010-01-27 00:00:00.0000000,0
9736,Cross My Heart,NULL,compilation,2007-12-17 00:00:00.0000000,0
9737,Grant Hart,NULL,album,1996-01-01 00:00:00.0000000,0
9738,Still My Dream,NULL,album,2016-06-10 00:00:00.0000000,0
9739,Dragula,NULL,album,2014-10-01 00:00:00.0000000,0
974,Vaya con Dios Golondrinas,NULL,album,2007-01-01 00:00:00.0000000,0
9740,Pratear,NULL,album,2009-01-14 00:00:00.0000000,0
9741,Stuck in This Rut,NULL,album,2011-10-08 00:00:00.0000000,0
9742,Resurgere - Void Camp Remix,NULL,compilation,2011-10-21 00:00:00.0000000,0
9743,Mi Querido Sabio (with Salomon Robles),NULL,album,2003-10-30 00:00:00.0000000,0
9744,Slow mo,NULL,album,2016-11-25 00:00:00.0000000,0
9745,Liftoff,NULL,single,2021-03-18 00:00:00.0000000,40
9746,My Latest Sob Story: 2011-2016,NULL,album,2017-04-29 00:00:00.0000000,0
9747,I'm In Heaven - Karaoke Version In the Style of Jason Nevins,NULL,album,2010-01-01 00:00:00.0000000,0
9748,Save Yourself,NULL,album,2015-12-09 00:00:00.0000000,0
9749,Darby the Driver / Humors of Ballingarry,NULL,album,2006-03-15 00:00:00.0000000,0
975,Clair De Lune (as heard on Twilight),NULL,compilation,2009-03-01 00:00:00.0000000,0
9750,Last Present,NULL,album,1997-01-01 00:00:00.0000000,0
9751,Tuesday Afternoon - BBC Session - Afternoon Pop Show 7/10/68,NULL,album,2007-01-01 00:00:00.0000000,0
9752,"Original Steyer Tänze, Op. 33: IV. Tanz No. 3",NULL,album,2014-06-06 00:00:00.0000000,0
9753,Queen of California (feat. W.G. Snuffy Walden),NULL,album,2013-10-27 00:00:00.0000000,0
9754,A Short Story,NULL,album,1999-01-01 00:00:00.0000000,0
9755,Double Glock (Live),NULL,compilation,2012-02-01 00:00:00.0000000,0
9756,Legend of Valor,NULL,album,2014-06-06 00:00:00.0000000,0
9757,"Préludes, Premier livre, L. 117: No. 8, La fille aux cheveux de lin",NULL,album,1999-10-15 00:00:00.0000000,0
9758,My Girl is a Dime,NULL,album,2012-07-17 00:00:00.0000000,0
9759,Ride With US,NULL,album,2003-01-01 00:00:00.0000000,0
976,Coffee Waltz,NULL,album,2009-09-09 00:00:00.0000000,0
9760,Candlelight White (feat. Young Midas & Poetyk),NULL,album,2015-01-07 00:00:00.0000000,0
9761,Reconstructing More Science,NULL,album,2011-01-01 00:00:00.0000000,0
9762,Dandelion Seeds,NULL,album,1998-08-25 00:00:00.0000000,10
9763,Let's Get Sick feat. Mitch Manker,NULL,album,2008-08-05 00:00:00.0000000,0
9764,Body of the Bird,NULL,album,2007-01-01 00:00:00.0000000,0
9765,En mi habitación,NULL,album,2015-05-08 00:00:00.0000000,0
9766,Evening Forest Rain,NULL,album,2017-02-19 00:00:00.0000000,0
9767,Rude Cruz,NULL,album,2011-01-01 00:00:00.0000000,0
9768,To the Streets,NULL,single,2020-03-05 00:00:00.0000000,7
9769,Take Care of Me - Album Version (Edited),NULL,album,2002-01-01 00:00:00.0000000,0
977,Merry's Story,NULL,album,2016-11-04 00:00:00.0000000,0
9770,Santa Maria de la mer,NULL,compilation,2014-10-06 00:00:00.0000000,0
9771,Invocation To Lord Vishnu,NULL,compilation,2011-01-01 00:00:00.0000000,0
9772,More,NULL,album,2014-10-10 00:00:00.0000000,0
9773,James Madison My Jo,NULL,album,2012-11-23 00:00:00.0000000,0
9774,Lodi,NULL,album,2008-01-17 00:00:00.0000000,0
9775,Iceberg,NULL,album,2007-05-15 00:00:00.0000000,0
9776,A Burning Will,NULL,album,2013-10-29 00:00:00.0000000,0
9777,Not In Love,NULL,album,2010-09-07 00:00:00.0000000,0
9778,Junto a Mi,NULL,album,2015-12-04 00:00:00.0000000,0
9779,Prometiste Volver,NULL,album,2016-12-23 00:00:00.0000000,0
978,"Sinfonietta, JW VI/18: V. Andante con moto",NULL,album,2011-10-04 00:00:00.0000000,0
9780,Maakoul el Gharam,NULL,compilation,2016-07-03 00:00:00.0000000,0
9781,We All Have Heart,NULL,single,2012-04-01 00:00:00.0000000,4
9782,Dubbing My Ting - Original,NULL,compilation,2006-06-12 00:00:00.0000000,0
9783,Get Yo Handz Up,NULL,single,2020-10-15 00:00:00.0000000,26
9784,Gun Court In Red,NULL,album,2012-11-16 00:00:00.0000000,0
9785,Miss You Originally Performed By (Gabrielle Aplin) - Karaoke Version,NULL,album,2017-02-02 00:00:00.0000000,0
9786,Katie,NULL,single,2017-01-01 00:00:00.0000000,0
9787,Zakhm Jo Paye,NULL,album,1986-01-01 00:00:00.0000000,0
9788,4u,NULL,compilation,1995-03-15 00:00:00.0000000,0
9789,Where Do You Go - Frankox Remix,NULL,album,2012-09-18 00:00:00.0000000,0
979,Restless Song / Halcyon's Coffin 동요 / 할시온의 관,NULL,single,2019-12-30 00:00:00.0000000,35
9790,"Look What They've Done To My Song, Ma",NULL,album,2011-11-15 00:00:00.0000000,0
9791,Always,NULL,album,2016-10-04 00:00:00.0000000,0
9792,Sweetie Pie,NULL,compilation,2013-11-14 00:00:00.0000000,0
9793,Julia (Irresistible Force Global Chillage remix),NULL,compilation,2011-11-25 00:00:00.0000000,0
9794,Pagliacci: Prologue,NULL,compilation,2010-07-04 00:00:00.0000000,0
9795,Scènes d'enfants: I. Cris dans la rue,NULL,album,2009-01-01 00:00:00.0000000,0
9796,Achtung,NULL,album,2012-04-02 00:00:00.0000000,0
9797,Water Beats Rock,NULL,album,2017-10-01 00:00:00.0000000,0
9798,A State Of Trance Interview [ASOT 600] - Is Mexico Ready?,NULL,album,2013-02-14 00:00:00.0000000,0
9799,Ivdu Et Hashem B'simcha,NULL,album,2004-10-20 00:00:00.0000000,0
98,"Glory, Glory - Instrumental",NULL,album,1999-01-01 00:00:00.0000000,0
980,Nothing But The Blood/Standing On The Promises,NULL,album,2003-01-01 00:00:00.0000000,0
9800,Sexy Ways (04-24-54),NULL,album,2005-01-01 00:00:00.0000000,0
9801,My Commitment,NULL,album,1997-09-30 00:00:00.0000000,0
9802,I Fall Out,NULL,album,2005-11-01 00:00:00.0000000,0
9803,Mil caminos - En vivo,NULL,album,2001-10-08 00:00:00.0000000,0
9804,The Alphabet Song,NULL,album,2009-04-27 00:00:00.0000000,0
9805,Doctor Jones (Karaoke Version) - Originally Performed By Aqua,NULL,album,2013-01-01 00:00:00.0000000,0
9806,Systems Down,NULL,album,2016-09-19 00:00:00.0000000,0
9807,Let It Go,NULL,album,2013-02-26 00:00:00.0000000,0
9808,Slow and Easy Fart,NULL,album,2015-09-03 00:00:00.0000000,0
9809,Hit n'heat (feat. Lyrical Son),NULL,album,2014-07-27 00:00:00.0000000,0
981,"Das Wohltemperierte Klavier: Book 2, BWV 870-893: Prelude in A minor BWV 889",NULL,album,2008-01-01 00:00:00.0000000,0
9810,Gonna Be Ready,NULL,album,2011-08-30 00:00:00.0000000,0
9811,Never Dead (Background) [feat. Matt Haick],NULL,album,2017-03-24 00:00:00.0000000,0
9812,Los Niños No Mueren,NULL,album,2008-01-01 00:00:00.0000000,0
9813,Forever Sean,NULL,compilation,2016-09-09 00:00:00.0000000,0
9814,We'll Whistle So,NULL,album,2014-01-01 00:00:00.0000000,0
9815,"Liszt / Arr Liszt: Réminiscences de Don Juan, S. 656: I. Grave (Arr. Liszt for 2 Pianos) [Live]",NULL,album,2010-02-08 00:00:00.0000000,0
9816,Celebration,NULL,single,2015-04-25 00:00:00.0000000,0
9817,Doña Doña,NULL,album,2006-01-01 00:00:00.0000000,0
9818,The Antidote,NULL,single,2016-09-19 00:00:00.0000000,3
9819,"Folk Songs of the Four Seasons, Spring: The Lark in the Morning",NULL,album,2009-07-27 00:00:00.0000000,0
982,Chillout Groove,NULL,album,2013-04-30 00:00:00.0000000,0
9820,Spring Music,NULL,album,2014-09-13 00:00:00.0000000,0
9821,T'as gaché ta vie,NULL,album,1998-01-01 00:00:00.0000000,0
9822,Gotta Get My Hands On Some (Money),NULL,compilation,1995-01-01 00:00:00.0000000,0
9823,Salsa con Sentido,NULL,album,2012-09-10 00:00:00.0000000,2
9824,"The Magic Flute, K. 620: Act I - ""Dies Bildnis ist bezaubernd schön""",NULL,album,1964-01-01 00:00:00.0000000,0
9825,Off White,NULL,single,2020-05-29 00:00:00.0000000,23
9826,U Got It Bad,NULL,album,2013-10-10 00:00:00.0000000,0
9827,Rossiyskie bardy: Ljudi idut po svetu,NULL,album,2008-01-01 00:00:00.0000000,10
9828,Boondocks,NULL,album,2014-03-04 00:00:00.0000000,0
9829,Lone Hustler,NULL,single,2021-03-07 00:00:00.0000000,0
983,Μυστικές Χορευτικές Κινήσεις,NULL,album,2018-10-28 00:00:00.0000000,25
9830,Go Your Own Way,NULL,album,2015-08-31 00:00:00.0000000,0
9831,NERVOUS,NULL,single,2019-03-07 00:00:00.0000000,34
9832,Rainforest Canticles: I. Morning,NULL,album,2010-02-01 00:00:00.0000000,0
9833,Er tifoso,NULL,compilation,2011-02-16 00:00:00.0000000,0
9834,Touchdown,NULL,compilation,2007-06-22 00:00:00.0000000,0
9835,Скит (Окна),NULL,album,2013-02-26 00:00:00.0000000,0
9836,Joy Built Of Faith,NULL,single,2014-04-22 00:00:00.0000000,0
9837,Trophy,NULL,album,2005-06-28 00:00:00.0000000,10
9838,Weber: Works for Clarinet (Complete),NULL,album,2007-01-01 00:00:00.0000000,5
9839,LePere De La Victoire,NULL,album,2006-11-15 00:00:00.0000000,0
984,Block Story,NULL,album,2013-10-29 00:00:00.0000000,0
9840,Derda,NULL,album,2013-09-24 00:00:00.0000000,0
9841,It Sure Does Get Lonely Out Here In The Boondocks. Thank God For Cock.,NULL,album,2007-01-01 00:00:00.0000000,0
9842,Nassam Aleina El Hawa,NULL,compilation,2008-12-04 00:00:00.0000000,0
9843,Loraine Alterman Interviews Marvin Gaye,NULL,compilation,2006-01-01 00:00:00.0000000,0
9844,Silverface,NULL,album,2015-09-28 00:00:00.0000000,0
9845,Earth Air Water Trees,NULL,album,2002-01-01 00:00:00.0000000,0
9846,Thokar,NULL,album,2015-01-01 00:00:00.0000000,25
9847,SKULL WORLD VOL.2 (Special Edition),NULL,album,2017-04-05 00:00:00.0000000,0
9848,Disconnected,NULL,album,2013-04-20 00:00:00.0000000,0
9849,Slowly - Radio Slave Remix Version 1,NULL,single,2016-12-09 00:00:00.0000000,0
985,Sister,NULL,compilation,2004-01-01 00:00:00.0000000,0
9850,"Shuffle Off To Buffalo (from ""42nd Street"")",NULL,compilation,2011-06-01 00:00:00.0000000,0
9851,Not Over You,NULL,album,2017-03-03 00:00:00.0000000,0
9852,Hospital Trolley with Surgeon Tools Rattling Version 2,NULL,album,2016-02-27 00:00:00.0000000,0
9853,Тёща,NULL,album,2014-07-26 00:00:00.0000000,0
9854,What Lingers,NULL,single,2015-11-16 00:00:00.0000000,0
9855,Send in the Clowns (A Little Night Music),NULL,album,2015-05-05 00:00:00.0000000,0
9856,Don't Give It Up,NULL,compilation,2012-01-09 00:00:00.0000000,0
9857,Bulto Ah Ah Ah,NULL,album,2016-08-17 00:00:00.0000000,0
9858,Days Of Wine And Roses,NULL,album,1988-01-01 00:00:00.0000000,0
9859,Couldn't Last A Moment,NULL,album,2007-10-23 00:00:00.0000000,0
986,L'ange du meridien,NULL,album,2013-02-23 00:00:00.0000000,0
9860,Faux Cul (feat. Lamuzgueule),NULL,compilation,2014-02-17 00:00:00.0000000,0
9861,Sorpresa de Shangai,NULL,album,1993-04-12 00:00:00.0000000,0
9862,The Look You Gave,NULL,single,2017-03-18 00:00:00.0000000,0
9863,Full View,NULL,album,1967-01-01 00:00:00.0000000,0
9864,Saskafornia Dreaming,NULL,album,2017-08-11 00:00:00.0000000,0
9865,"Turn, Turn, Turn",NULL,album,1986-01-01 00:00:00.0000000,0
9866,Chuva de Verão,NULL,album,2014-10-24 00:00:00.0000000,0
9867,La pastora,NULL,album,2010-12-17 00:00:00.0000000,0
9868,Shapes,NULL,compilation,2017-03-20 00:00:00.0000000,0
9869,Lakota Ghost,NULL,album,2001-09-11 00:00:00.0000000,0
987,Pórtate Mal Conmigo,NULL,album,2015-10-09 00:00:00.0000000,0
9870,For Once in My Life,NULL,album,1998-09-07 00:00:00.0000000,0
9871,Inferno,NULL,album,2017-01-03 00:00:00.0000000,0
9872,Dulcimer Heritage,NULL,album,1983-01-01 00:00:00.0000000,0
9873,Attention K-Mart Choppers B5,NULL,album,2017-06-02 00:00:00.0000000,0
9874,Children Of The Corn,NULL,album,2010-10-14 00:00:00.0000000,0
9875,Cherryblossom,NULL,album,2017-11-03 00:00:00.0000000,0
9876,Beauty and Grace,NULL,compilation,2013-08-30 00:00:00.0000000,0
9877,Know That Cash Rules,NULL,album,2012-08-29 00:00:00.0000000,0
9878,"Les Huguenots: XII. Act I, Suite du final - Trop de mérite aussi quelque fois importune - Live",NULL,album,2010-08-23 00:00:00.0000000,0
9879,Songs Of Christmas,NULL,compilation,2013-01-01 00:00:00.0000000,2
988,Crayola Doesn't Make a Color for Your Eyes,NULL,album,2007-01-09 00:00:00.0000000,0
9880,"For He's a Jolly Good Fellow - Monument single 1048B, 1968",NULL,album,1968-01-01 00:00:00.0000000,0
9881,Mansion On the Hill,NULL,album,2002-01-01 00:00:00.0000000,0
9882,Design For Life,NULL,album,2017-06-23 00:00:00.0000000,0
9883,Light of Hope,NULL,album,2014-09-19 00:00:00.0000000,0
9884,Lakutshona Llanga,NULL,album,2010-04-06 00:00:00.0000000,0
9885,Mason Lively,NULL,album,2021-03-19 00:00:00.0000000,38
9886,Soca Soca - Ao Vivo,NULL,album,2015-01-20 00:00:00.0000000,0
9887,Tareco N. 1 (Ao Vivo),NULL,album,2003-01-01 00:00:00.0000000,0
9888,Sweet Surrender - LTN 'Sunrise' Remix,NULL,single,2016-05-30 00:00:00.0000000,0
9889,One More Bridge To Cross,NULL,compilation,2009-01-01 00:00:00.0000000,0
989,Cante de selva,NULL,album,2007-09-17 00:00:00.0000000,0
9890,Love Story,NULL,compilation,2012-01-01 00:00:00.0000000,0
9891,Little Drummer Boy,NULL,album,2013-11-11 00:00:00.0000000,0
9892,A Brand New Hurt,NULL,album,2009-01-01 00:00:00.0000000,0
9893,Cuerpo de sirena,NULL,album,2016-11-30 00:00:00.0000000,0
9894,Dxam ess moment,NULL,album,2010-03-05 00:00:00.0000000,0
9895,Born To Be Bad,NULL,album,2015-03-12 00:00:00.0000000,26
9896,More (II) (Great Stars),NULL,album,2012-05-21 00:00:00.0000000,0
9897,Mood Ring,NULL,album,2001-01-01 00:00:00.0000000,0
9898,Electric Shock,NULL,album,2015-10-17 00:00:00.0000000,0
9899,Under The Sun,NULL,album,1987-01-01 00:00:00.0000000,0
99,Speedway,NULL,single,2013-03-03 00:00:00.0000000,3
990,Marbles,NULL,compilation,2008-07-11 00:00:00.0000000,0
9900,Spread Free Like A Butterfly,NULL,album,2010-01-14 00:00:00.0000000,0
9901,Al Final - Spanish Version,NULL,compilation,2009-05-26 00:00:00.0000000,0
9902,BingBingBing (Oneway) (inst),NULL,single,2014-08-21 00:00:00.0000000,0
9903,Secret Dream,NULL,album,2017-05-11 00:00:00.0000000,0
9904,Seven Rings,NULL,album,2017-01-01 00:00:00.0000000,0
9905,Yeah Right (feat. Stik Figa & Cuts By DJ J Br05ki),NULL,album,2012-05-15 00:00:00.0000000,0
9906,The Spy - Boot Yer Butt - The Doors Bootlegs LP Version,NULL,compilation,2006-11-14 00:00:00.0000000,0
9907,Among The Few,NULL,album,2006-05-05 00:00:00.0000000,0
9908,Shore Thing,NULL,album,2007-06-20 00:00:00.0000000,0
9909,Ain't No Sunshine,NULL,compilation,2009-02-14 00:00:00.0000000,0
991,O Me Quieres o Me Dejas,NULL,album,1998-03-24 00:00:00.0000000,0
9910,Are You Hearing (What I Hear)?,NULL,album,1982-01-01 00:00:00.0000000,0
9911,What Is Right?,NULL,album,1987-09-01 00:00:00.0000000,0
9912,Reasons,NULL,album,2014-07-29 00:00:00.0000000,0
9913,La Valla (Banda Sonora Original de la Serie),NULL,album,2020-09-28 00:00:00.0000000,30
9914,"Attack, Attack, Attack",NULL,compilation,2013-05-20 00:00:00.0000000,0
9915,Champagne and Wine,NULL,album,2012-03-26 00:00:00.0000000,0
9916,Like Somebody Else - Omauha Remix,NULL,single,2013-07-10 00:00:00.0000000,0
9917,Towers of London,NULL,album,2007-05-09 00:00:00.0000000,0
9918,The Devil in You,NULL,album,2014-10-10 00:00:00.0000000,0
9919,The Harvester Returns,NULL,album,2009-05-15 00:00:00.0000000,0
992,Me Tiene Loco,NULL,album,2015-04-15 00:00:00.0000000,0
9920,Duel At Dawn,NULL,album,2013-04-23 00:00:00.0000000,0
9921,Let It Rain,NULL,album,2007-09-11 00:00:00.0000000,0
9922,Tienes Ganas,NULL,album,2014-02-18 00:00:00.0000000,0
9923,Спасите наши души,NULL,album,2004-06-01 00:00:00.0000000,0
9924,Emergency (feat. Itchy Ron),NULL,album,2010-06-15 00:00:00.0000000,0
9925,Feel the Pushing - Club Mix,NULL,single,2010-05-12 00:00:00.0000000,0
9926,Call Waiting - Unmixed,NULL,compilation,2009-06-05 00:00:00.0000000,0
9927,Driving [Driving Miss Daisy],NULL,album,2001-01-01 00:00:00.0000000,0
9928,Here Comes That Rainbow Again,NULL,album,2016-06-10 00:00:00.0000000,0
9929,"Violin Sonata No. 1 in F Major, Op. 8: II. Allegretto quasi andantino",NULL,album,2015-10-02 00:00:00.0000000,0
993,Electronic Playground,NULL,compilation,2011-08-25 00:00:00.0000000,1
9930,Held (Dauwd Remix),NULL,single,2015-04-27 00:00:00.0000000,0
9931,John Williams - Piano,NULL,compilation,2009-03-16 00:00:00.0000000,10
9932,Dikke Trienne,NULL,single,2015-03-31 00:00:00.0000000,1
9933,Joy to the World,NULL,album,2017-10-06 00:00:00.0000000,0
9934,Lynn's Habit,NULL,compilation,1998-01-01 00:00:00.0000000,0
9935,El Chubasco,NULL,album,2010-09-17 00:00:00.0000000,0
9936,DJ Dan & Friends,NULL,album,2016-04-04 00:00:00.0000000,0
9937,Thanks A Lot,NULL,compilation,2014-06-30 00:00:00.0000000,0
9938,Una En Un Millón,NULL,album,2009-01-01 00:00:00.0000000,0
9939,Oliver! (1994 London Palladium Cast Recording),NULL,album,1995-03-20 00:00:00.0000000,13
994,What a Bagdad had,NULL,album,2001-01-01 00:00:00.0000000,0
9940,Totenlied,NULL,album,2000-01-01 00:00:00.0000000,0
9941,Supreme Warfare - Original Mix,NULL,album,2016-10-17 00:00:00.0000000,0
9942,Snow Fields,NULL,album,2014-02-28 00:00:00.0000000,0
9943,The Magnificent Voice Of Eileen Farrell,NULL,album,1964-01-01 00:00:00.0000000,3
9944,Scarface N***a - Clean Accapella,NULL,single,2010-12-14 00:00:00.0000000,0
9945,Jam with Sam,NULL,album,1991-01-01 00:00:00.0000000,0
9946,Jano (feat. King Louie),NULL,album,2017-05-19 00:00:00.0000000,0
9947,Haunting Drone Sounds / Eerie Atmospheres 26,NULL,album,2010-09-01 00:00:00.0000000,0
9948,"Prince Igor, Act II: Vladimir's Recitetive and Cavatina ""Медленно день угасал""",NULL,album,2001-01-01 00:00:00.0000000,0
9949,Ella Es,NULL,album,1994-01-01 00:00:00.0000000,0
995,Loungin',NULL,compilation,2018-04-25 00:00:00.0000000,0
9950,Karma - Vince Remix,NULL,single,2016-09-23 00:00:00.0000000,0
9951,Сонгы тон,NULL,album,2004-01-01 00:00:00.0000000,8
9952,"Hold On Loosely - Live - Nassau Coliseum Uniondale, NY",NULL,album,2010-01-01 00:00:00.0000000,0
9953,Dig Deep Enough,NULL,album,2013-07-23 00:00:00.0000000,0
9954,Resolution Blues - Single Version,NULL,album,1987-01-01 00:00:00.0000000,0
9955,Left Hand Free,NULL,compilation,2015-08-25 00:00:00.0000000,0
9956,Los Sufrimientos,NULL,album,2005-01-01 00:00:00.0000000,0
9957,Run Run Run (Originally Performed by Kelly Clarkson & John Legend) [Instrumental Version],NULL,single,2015-03-03 00:00:00.0000000,0
9958,Date Night,NULL,album,2012-10-26 00:00:00.0000000,0
9959,Firestarter,NULL,compilation,2014-02-26 00:00:00.0000000,0
996,Evige Gud,NULL,album,2006-07-23 00:00:00.0000000,0
9960,The Day We Made God Cry,NULL,album,2005-01-01 00:00:00.0000000,0
9961,Twilight in Tankwa,NULL,single,2017-04-21 00:00:00.0000000,34
9962,El Chillo,NULL,compilation,2005-06-29 00:00:00.0000000,0
9963,I Love You (live Speakeasy 77),NULL,compilation,1999-01-01 00:00:00.0000000,0
9964,Good Days,NULL,single,2020-02-07 00:00:00.0000000,39
9965,Interludio (feat. Don Killa),NULL,album,2011-10-08 00:00:00.0000000,0
9966,Pranayama: Conscious Breathing,NULL,album,2004-05-11 00:00:00.0000000,0
9967,Spin Class Now,NULL,album,2009-06-01 00:00:00.0000000,3
9968,Visions,NULL,album,2007-09-17 00:00:00.0000000,0
9969,Les orgues de barbarie,NULL,compilation,2010-06-13 00:00:00.0000000,0
997,Transcend,NULL,album,2014-04-15 00:00:00.0000000,0
9970,"Porgy and Bess, Act I: Summertime",NULL,compilation,2011-04-01 00:00:00.0000000,0
9971,Cake - Workout Mix,NULL,album,2017-05-15 00:00:00.0000000,0
9972,Any Other Time,NULL,album,1963-01-01 00:00:00.0000000,0
9973,Life in Circles,NULL,single,2016-05-30 00:00:00.0000000,0
9974,Estranha Forma de Vida,NULL,album,2012-07-09 00:00:00.0000000,0
9975,Brand New Day,NULL,album,2010-01-01 00:00:00.0000000,0
9976,Me & My Friends (Instrumental),NULL,album,2006-03-20 00:00:00.0000000,0
9977,The Lovers,NULL,album,2013-10-22 00:00:00.0000000,0
9978,Music to Be Murdered By,NULL,compilation,2013-07-26 00:00:00.0000000,0
9979,De Kalb Blues,NULL,compilation,2002-01-01 00:00:00.0000000,0
998,Slime EP,NULL,single,2015-08-11 00:00:00.0000000,9
9980,Singet frisch und wohlgemut,NULL,album,1981-01-01 00:00:00.0000000,0
9981,Isle Of Dogs,NULL,single,2019-03-22 00:00:00.0000000,1
9982,Shades Ahead,NULL,album,2013-02-10 00:00:00.0000000,0
9983,Glamorous - Power Remix,NULL,album,2010-05-09 00:00:00.0000000,0
9984,Whoa!,NULL,single,2020-12-04 00:00:00.0000000,17
9985,The Early Releases,NULL,compilation,2010-10-01 00:00:00.0000000,5
9986,Acid Rain - Original Mix,NULL,album,2011-05-03 00:00:00.0000000,0
9987,Which Flavor?,NULL,album,2013-06-14 00:00:00.0000000,0
9988,"Kizomba Mega Hits, Vol. 2",NULL,compilation,2014-07-05 00:00:00.0000000,18
9989,I Found Someone,NULL,compilation,2006-01-01 00:00:00.0000000,0
999,Howling Wind with Creatures,NULL,album,2012-05-30 00:00:00.0000000,0
9990,"Nocturne No. 8 in D-Flat Major, Op. 27, No. 2",NULL,album,1983-01-01 00:00:00.0000000,0
9991,2020,NULL,album,2020-04-10 00:00:00.0000000,33
9992,Lost Trip,NULL,album,2001-10-09 00:00:00.0000000,0
9993,Psch,NULL,album,2007-01-01 00:00:00.0000000,0
9994,Mouna,NULL,album,2012-08-28 00:00:00.0000000,0
9995,Lose Yourself,NULL,compilation,2017-02-05 00:00:00.0000000,0
