album_id,track_id
2962,15176
2962,4593
2962,7891
2962,12702
2962,9909
2962,18746
2962,5605
2962,1046
2962,14693
2962,7094
2962,18060
2962,13465
2962,18602
2962,9693
2658,15316
2658,9173
2658,7477
2658,17607
2658,6558
2658,18997
2658,11269
2658,6096
2658,16652
2658,18845
2658,16014
2658,8337
2982,13226
2982,19882
2982,20000
2982,17262
2982,11388
2982,1371
2982,15226
2982,8703
2982,16576
2982,5320
1227,13637
1227,3101
1227,12549
1227,15838
1227,2084
1227,10665
1227,3119
1227,8345
1227,1134
1227,15203
1227,6179
1227,6141
8349,17998
8349,3422
8349,15962
8349,5086
8349,9356
8349,5801
8349,14966
8349,15645
8349,3289
8349,1686
8349,19673
8349,13618
8349,8537
8349,9963
8349,17164
8349,4273
8349,9980
8349,8044
8349,10649
8349,444
8349,19507
8349,2222
8349,5811
8349,5707
8349,10989
8349,6674
3033,13443
3033,14374
3033,9841
3033,18984
3033,5889
3033,6808
3033,1248
3033,9322
3033,2304
3033,10414
3033,6637
3033,7941
3033,19035
3033,2837
3033,6049
3033,4049
3033,17326
3033,13659
3033,4334
3033,5947
3033,6083
1224,2905
1224,5500
1224,15199
1224,4547
1224,271
1224,11627
1224,12793
1224,18358
1224,10362
1224,2736
1224,10501
1224,12752
1224,12343
2482,6369
2482,2428
2482,1867
2482,12128
2482,12937
1939,15985
1939,18283
1939,1066
1939,13241
1939,10314
1939,4860
1939,11562
1939,7551
1939,13725
1939,13298
1939,12893
1939,526
1939,15560
3606,3895
873,3588
873,2770
873,1354
873,12965
873,18314
873,10528
873,16836
873,1681
873,17318
873,606
873,8061
873,18441
2681,14210
2681,19896
2681,15960
2681,1122
2681,19733
2681,6437
2681,12907
2681,11691
2681,19747
2681,12580
2681,1793
2681,8782
2681,16942
2681,7309
2681,7648
2681,6728
2681,10215
2681,19195
2681,12591
2681,10820
2681,4829
2681,6110
1516,260
1516,1826
1516,14133
1516,12271
1516,19722
1516,19545
5666,18016
5666,448
5666,1658
5666,6448
5666,14002
5666,17429
5666,3788
5666,2308
8469,14748
3600,14254
3600,1291
3600,10533
3600,19670
3600,18803
3600,904
3600,3020
3600,977
3600,6689
3600,14403
3600,8864
4474,15324
4474,10263
4474,3694
4474,7083
4474,1138
4474,9007
4474,17331
4474,17434
4474,16400
4474,8340
4474,19604
7590,9828
7590,334
7590,284
7590,230
7590,928
7590,6330
7590,6876
7590,14029
7590,1519
7590,11709
7590,15893
7590,1565
7590,1435
7590,6673
7590,4331
7590,8392
7590,9076
2783,12041
2783,13813
2783,9259
2783,4383
2783,18352
2783,14894
2783,5446
2783,11407
2783,8050
9608,12667
9608,12055
9608,8937
9608,17445
9608,19023
9608,10473
9608,8859
9608,19277
9608,12273
9608,14926
9608,12773
9608,8024
9608,17156
9608,17537
9608,8396
3729,10236
3729,5021
3729,17271
3729,18266
3729,18581
3729,12761
3729,1858
3729,2743
3729,2259
3729,19262
3729,11669
3729,9920
3729,1436
3729,13919
3729,12507
3729,4270
3729,16078
3729,18978
8144,12689
8144,382
8144,15829
8144,3866
8144,4503
8144,4342
8144,605
8144,1945
8144,7296
8144,695
8144,6627
8144,12530
8144,2621
3736,17178
3736,2852
3736,16243
4346,14953
4346,9315
4346,10941
4346,17629
4346,8318
4346,7191
4346,19017
4346,6776
4346,9491
4346,9544
4346,10852
4346,10269
4346,13486
4346,12190
4346,13890
4346,15023
4346,4523
4346,14018
4346,629
4346,7451
4346,13158
4346,12485
4346,10878
4346,7204
4346,869
4346,6703
4346,15861
4346,6733
4346,6757
4346,4176
4346,15238
4346,19892
3403,9251
503,16511
503,8625
503,6300
503,17489
503,13459
503,16676
503,4214
503,7266
503,5229
503,15832
6404,9463
7770,7768
7770,17276
7770,15447
7770,17812
7770,13350
7770,17857
7770,5152
7770,1140
7770,19712
7770,1654
7770,11984
7770,1268
7770,11827
7770,9717
7770,9311
7770,5164
7770,16372
7770,18450
7770,12717
7770,16914
7770,14536
7770,16542
7770,14689
7770,4855
7770,9928
7770,10112
7770,4179
7770,1421
7770,8038
7770,16390
7770,9093
7770,5097
7770,5082
7770,1044
7770,7599
7770,5433
7770,1251
7770,5925
7770,14384
7770,19222
7770,3966
7770,15207
7770,2481
7770,18106
7770,8816
2334,1166
2334,7583
2334,18968
2334,17451
2334,8448
2334,10834
2334,17046
2334,9154
2334,2369
2334,18299
2334,3111
2334,6185
2334,7054
8737,6724
8737,980
8737,11983
8737,1648
8737,17413
8737,12366
8737,5628
8737,8058
8737,4036
5673,7776
5673,9135
5673,15875
5673,9040
5673,7750
5673,17858
5673,14078
5673,15971
5673,12781
5673,5526
5673,4576
5673,9460
5673,13989
5673,13739
5673,8553
5673,17655
5673,16444
5673,13247
5673,6865
5673,12078
5673,12060
5673,16394
5673,11343
5673,107
5673,9324
5673,20164
5549,17312
5549,11697
5549,45
5549,12845
5549,434
5549,16973
5549,14066
5549,1622
5549,7055
5549,13758
5549,1459
5549,780
1045,5442
7892,18071
801,11141
801,18292
801,2967
801,18761
801,12313
801,16601
801,17905
801,15408
801,3874
801,10054
801,1933
1498,10603
1498,4091
1498,9334
1498,3457
1498,17159
1498,12363
1498,3539
1498,9711
1498,208
1498,18120
1498,15595
1498,15553
1498,13738
1498,4847
1498,17512
1498,43
1498,16221
1498,13209
1498,3045
5657,9321
5657,4379
5657,9169
5657,13648
5657,14296
5657,9447
5657,19567
5657,1476
1342,18046
1342,6715
1342,10334
1342,11667
1342,15738
1342,879
1342,15618
9516,10817
9516,16299
9516,7732
9516,16691
9516,727
9516,14513
9516,12536
9516,889
9516,15301
9516,7285
9516,13945
9516,14635
3127,10152
3127,10270
3127,9495
3127,17238
3127,10813
3127,14626
3127,9642
3127,11903
3127,2356
6366,8547
6366,18924
6366,9628
6366,12610
6366,13509
6366,19055
6366,14666
6366,5373
6366,15142
6366,18531
6366,11695
6366,2403
6366,3562
6366,12026
6366,2742
781,13187
781,13339
781,10973
781,12927
781,971
781,896
781,18912
781,15766
781,16515
781,7087
3321,12698
3321,12933
3321,2549
3321,8613
3321,7801
3321,9854
3321,16109
3321,8284
3321,3689
3321,13953
3321,11234
3321,9467
9746,4344
9746,5720
9746,19306
9746,13024
9746,9867
9746,17277
9746,10476
9746,397
9746,1661
9746,3248
9269,5840
9269,16621
9269,7510
9269,17374
9269,15397
9269,9136
9269,7455
6677,1628
6677,5719
6558,14177
6558,1197
6558,14247
6558,1680
6558,14772
6558,15687
6558,4259
6558,7305
6558,2713
6558,19728
8159,3191
8159,6664
8159,3133
8159,12855
8159,9728
8159,315
8159,10553
8159,16346
8159,469
8159,2430
8159,11288
8159,4389
6358,3956
6358,11828
6358,18469
6358,10496
6358,10331
6358,9448
6358,1913
6358,12800
6358,4737
6358,10555
4772,5951
4772,9245
4772,17024
4772,4131
4772,12771
4772,15844
4772,16252
4772,13414
4772,12183
4772,14476
4772,17769
4772,16783
4772,7407
4772,12581
4772,8177
4772,17876
4772,10739
4772,19069
4772,13114
4772,19355
4772,13824
4772,9727
4772,2155
4772,10583
4772,3180
7960,7929
7960,2052
7960,17286
7960,16245
7960,590
7960,1458
7960,9529
7960,18457
7960,17897
7960,12254
7960,8090
7960,16185
7960,7782
7960,912
7960,17289
7960,19211
7960,765
7960,14348
6478,17472
6478,12577
6478,7698
6478,4489
6478,6962
6478,19679
6478,2677
6478,11819
6478,14414
6478,19686
6478,7979
6478,10407
6987,10259
6987,15291
6987,9492
6987,10634
3084,19098
154,19756
154,18043
154,19024
154,13793
154,16271
154,5884
154,11989
154,10579
154,718
154,19932
6540,3053
6540,13918
6540,1076
6540,17256
6540,12769
6540,18401
6540,4227
6540,13042
6540,14120
6540,1356
6540,9462
6540,15394
6540,15651
6540,11166
6540,2631
6540,12842
6540,16091
1340,2638
1340,13935
1340,4009
1340,13668
1340,1187
1340,412
1340,1205
1340,1024
1340,16688
1340,6553
9661,2420
9661,14198
9661,6011
9661,8904
9661,139
9661,16094
9661,3030
9661,19420
9661,15005
9661,16223
9661,11312
9661,8521
9661,5441
9661,15407
9661,14837
9661,4016
9661,4307
9661,8568
9661,14000
9661,11132
9661,4967
9661,2290
9661,16733
9661,8542
9661,18508
9661,7318
9661,15988
9661,5993
9661,16244
9661,17488
5453,844
5453,1541
5453,4859
5453,9784
5453,8419
5453,14565
467,9832
467,11872
467,14833
467,5955
467,2190
467,1107
467,12848
467,5403
467,14402
467,13001
467,11001
467,10752
467,10036
467,7845
467,9369
467,19656
467,17777
467,6054
467,1744
467,19337
8340,4162
8340,18569
8340,11127
8340,12083
8340,14848
8340,2869
8340,12959
8340,916
8340,7366
8340,9287
8340,10143
8340,1369
8340,19853
7507,7157
7507,14747
7507,927
7507,13000
8589,3406
8589,5574
8589,4753
8589,17250
8589,2940
8589,17053
8589,1807
8589,16092
8589,16618
8589,14681
8311,6729
8311,11591
8311,15719
8311,1645
8311,13080
8311,17203
8311,8541
8311,1626
8311,17700
8311,2236
8311,6736
8311,12420
8311,7282
8311,6952
3946,12089
3946,10554
3946,4907
3946,486
3946,11456
3946,18808
3946,507
3946,2604
3946,344
3946,2522
3946,7134
3946,17804
3946,11097
3946,3978
3946,5776
3946,7091
7970,14743
7970,1370
7970,897
7970,17436
7970,13685
7970,18758
7970,9005
7970,16199
7970,4676
7970,7520
7443,9614
7443,9207
7443,16769
7443,11397
7443,4239
7443,18068
7443,8162
7443,13493
7443,11529
7443,527
7443,15497
7443,10325
7443,7637
7443,374
7443,10576
7443,3938
7702,18687
7702,13148
7702,12235
7702,12705
7702,18302
7702,13808
7702,10633
7702,6668
7702,14445
7702,5331
7702,14730
7702,19341
7702,18805
7702,7462
7702,246
6407,19088
6407,10278
6407,8552
6407,17202
6407,8964
6407,8643
6407,9035
6407,13706
6407,14431
6407,17044
6407,389
6407,1843
6407,17168
6407,4915
6407,9091
6407,1707
6407,5030
6407,2980
4762,5391
9028,10363
9028,2704
9028,19237
761,14577
761,6280
761,7534
761,5815
761,11149
761,4446
761,1642
761,8230
761,6201
761,2553
3937,16297
3937,14217
3937,13349
3937,7625
3937,7975
3937,5621
3937,14093
3937,2470
3937,15870
3937,9444
3937,13452
2709,13252
2709,8520
2709,17360
2709,17471
2709,6763
2709,8560
2709,18272
2709,17459
2709,4920
2709,7229
2709,10879
7251,10281
7251,9333
7251,8701
7251,7160
7251,13051
7251,18228
7251,17539
7251,231
7251,10893
7251,19729
7251,258
7251,19106
7251,17936
7251,14195
7251,14178
7251,15047
7251,4796
7251,17822
7251,8106
7251,5929
7251,3321
7251,7494
7251,12017
7251,1515
7251,15539
7251,1111
7251,15825
7251,2115
7251,10621
7251,7436
7251,13891
7251,19928
7251,3452
7251,9912
7251,2865
7251,7264
7251,15751
7251,6089
7251,10034
7251,5799
7251,17584
7251,4149
7251,10950
7251,4821
7251,10748
7251,4545
7251,11319
7251,8693
7251,13662
7251,3744
6588,2752
6588,16204
6588,7029
6588,14678
6588,19062
6588,937
6588,11823
5630,9374
5630,10277
5630,13205
5630,19950
5630,15085
5630,12921
5630,15270
5630,14616
5630,2636
5630,5596
5630,3831
5630,3332
5630,10913
5630,13554
5630,9493
5630,1720
5630,2419
5630,12102
5630,13832
3302,5868
4464,19166
7614,16750
7614,16934
8158,9748
8158,18208
8158,747
8158,18780
8158,6258
8158,19635
8158,17716
8158,19634
9402,18006
9402,7438
9402,4934
9402,12266
9402,498
9402,13313
9402,7478
9402,18756
9402,17150
9402,5601
3099,11549
3099,9449
3099,16555
3099,1393
3099,16476
3099,10844
3099,19350
3099,16159
3099,19858
3099,14312
3099,2359
73,4189
73,6785
73,968
73,3679
73,13753
73,9485
73,14828
73,8441
73,13931
73,8022
73,16917
73,15441
1287,1644
1287,5282
1287,13877
1287,78
1287,2387
1287,18124
1287,3888
1287,14834
1287,5564
1287,16816
1287,18791
1287,8820
1287,12920
1287,145
1287,15068
1287,19266
1287,13829
1287,6029
1287,11197
1287,16357
1287,17096
1287,12120
3863,14233
3863,15332
3863,9864
3863,17305
3863,13737
3863,8131
3863,4777
3863,6960
3863,13906
3863,5032
3863,19048
3863,14762
1570,14050
1570,12405
1570,7459
1570,6
1570,16821
1570,18241
1570,8806
1570,17198
1570,5254
1570,11856
1570,9158
1570,3593
1570,14471
1570,17050
1570,3144
1570,10539
1570,17139
1570,7920
1570,11594
1570,2365
3963,16775
3963,4019
3963,18152
3963,9263
3963,3774
3963,12951
3963,11270
3963,10252
3963,6954
3963,19293
3963,17563
3963,13703
9445,17730
9445,13381
9445,14899
9445,12688
9445,17805
9445,5479
9445,12850
9445,10995
9445,2275
9445,8927
9445,15240
9445,16773
2994,17232
7639,6748
7639,18258
7639,1410
7639,3778
7639,2157
7639,7828
7639,15192
7639,17398
2286,16862
2286,15295
2286,14732
2286,11412
2286,17696
2286,2941
2286,4064
2286,13397
2286,19849
2286,12847
2286,17387
2286,2889
6660,18193
6660,12697
6660,1132
6660,10038
6660,2769
6660,18976
6660,12161
6660,2996
6660,16876
6660,10943
6660,2465
6660,6004
6660,4846
6660,9365
6660,2434
6660,11171
168,9066
168,11508
168,15846
168,140
168,6325
168,13708
168,8270
168,12376
168,7261
168,300
168,2061
168,8332
168,19300
168,13038
168,5791
9991,15296
9991,15175
9991,6296
9991,8157
9991,600
9991,2567
9991,1651
9991,13748
9991,8995
9991,8094
9167,4852
9167,7726
9167,13243
9167,5706
9167,833
9167,14318
9167,6360
9167,4792
9167,14809
9167,7561
9167,14077
9167,9648
9167,9261
9167,11974
9167,4773
568,588
4072,14558
4072,14585
4072,20333
4072,8700
4072,2023
4072,11235
4072,5749
4072,1073
4072,8221
4072,5588
4072,5956
8932,13631
9005,3314
1636,1910
3848,9225
4026,97
4593,3448
6704,11592
6313,16309
6850,2450
6850,13087
6850,14610
6850,11344
6850,9211
6850,3168
3036,16744
3036,509
3036,13836
3036,1425
3036,10026
3036,1077
3036,13561
3036,8765
3036,9730
3036,2808
3036,2690
3036,14505
3036,5646
3036,6162
3036,2243
3036,13343
3036,15053
5054,8481
5054,17514
5054,5418
5054,3435
5054,2642
5054,13390
5054,12424
5054,2768
5054,18487
5054,2187
5054,17317
5054,8276
5054,4536
1487,100
1487,18706
3710,12279
4339,8468
4339,5190
4339,5223
4339,14636
4339,1209
4339,15381
4339,11438
4339,8928
4339,15531
4339,5013
4339,5279
4339,9080
4339,361
4339,8173
4339,16957
4339,11486
4339,19796
4339,3742
2814,11921
2814,2108
2814,3440
2814,12499
2814,14949
2814,14112
2814,9556
2814,7716
2814,7657
2814,18698
2814,16727
2814,17770
2814,16079
2814,2381
2814,3915
2814,9195
2814,9540
2814,16852
2814,11547
2814,18556
2814,10556
2814,1939
2814,6561
2814,3991
2814,19394
2814,2027
9745,15386
6348,12056
6348,386
6348,2278
6348,14081
6348,9409
6348,2824
6348,18322
6348,9795
6348,17109
6348,15983
6348,6683
6348,2882
6348,19278
6348,5600
6348,6998
6348,1878
6348,2857
6348,11054
6348,6786
1377,9671
1377,12259
1377,3093
1377,17509
1377,6916
1377,6351
1377,4586
1377,1474
9092,19841
9092,1714
9092,626
9092,5878
9092,5942
9092,8946
9092,17633
9092,7837
9092,9624
9092,3597
3720,7452
3720,907
3720,10464
3720,16887
3720,8141
3720,7074
3720,13533
3720,12787
3720,5200
3720,1110
4781,4324
4781,8379
4781,15906
4781,10830
4781,7682
4781,16699
4781,4499
4781,4400
4781,18158
4781,16839
6599,8916
6599,4181
6599,6194
6599,4330
6599,16148
6599,19821
6599,9118
6599,14143
6599,9185
6599,4929
6599,2169
5455,10499
5455,2235
5455,7580
5455,944
5455,11199
5455,15984
5455,8797
5455,19505
5455,15934
5455,9024
5455,4257
5455,811
1046,19188
1046,16464
1046,4333
1046,13512
1046,12124
1046,7766
1046,9490
1046,9281
1046,1890
1046,12300
3259,3418
7262,6884
7262,7042
7262,5807
7262,17054
7262,2530
7262,1509
7262,9116
7262,125
7262,8120
7262,8336
7262,17253
553,2867
553,1795
553,11010
553,13730
553,6758
553,4147
553,8579
553,12671
553,10127
553,3145
3053,2087
3053,18895
3053,12242
3053,6934
3053,156
3053,15519
3053,10123
3053,17634
3053,18925
6182,16662
6182,2944
6182,4810
6182,18343
7025,7809
4702,12119
4702,3931
4702,17594
4702,15888
4702,4417
4702,19813
4702,4078
4702,1967
4702,4960
4702,13033
8251,5962
8251,1919
8251,11812
8251,17638
8251,16193
8251,1690
8251,14110
8251,6679
8251,16354
8821,18611
6924,12249
6924,11750
6924,778
6924,12131
6924,7484
6924,16420
6924,10149
6924,18901
6924,5280
6924,483
6924,4802
8817,2184
2613,3853
791,10788
791,5975
791,14581
791,17142
791,4680
791,16794
791,6513
791,16840
791,10652
791,11218
791,12308
791,2789
791,11635
791,9560
791,12946
791,1970
791,9923
5494,19907
5494,8580
5494,6048
5494,5408
5494,18796
5494,15948
5494,8619
5494,3768
5494,8184
5494,15436
8222,11114
8222,11585
8222,17605
374,11582
374,376
374,3587
374,17576
374,15310
374,8409
374,4232
374,11920
374,14174
374,1012
374,4508
111,3955
111,16707
111,6186
111,15779
111,8503
111,13309
111,12086
111,7830
111,17844
1935,17363
1935,12797
1935,9786
1935,18020
1935,9067
1935,10392
1935,13581
1935,1178
1935,7546
1935,8644
1935,18942
1935,9278
1935,19787
1935,6656
1935,6152
1935,12225
1935,19627
1935,3318
1935,9902
1935,7024
1935,14880
1935,3945
1935,185
1935,16186
8449,6136
9155,3216
2980,9889
3775,16593
3775,2116
3775,5850
3775,6900
3775,6721
3775,18573
3775,4733
3775,5915
3775,3279
3775,6800
3775,8732
3775,16832
3775,12945
3775,7287
3775,7159
3775,1940
6942,4188
6942,18396
6942,1231
6942,19651
6942,8138
6942,8658
6942,4964
6942,1791
6942,2577
6942,1767
6942,17799
6942,15677
6942,2654
4911,4438
4911,17301
4911,11780
4911,9239
4911,8438
4911,563
4911,17532
4911,438
4911,18771
4911,5930
4911,4234
4911,14571
4911,19555
4911,17715
4911,9085
4911,1552
4911,13868
4911,3335
4911,808
4911,1938
4911,13940
4911,10438
4911,11475
4911,2617
4911,9776
4911,18058
3131,9984
3131,14670
3131,7427
3131,17323
3131,19311
3131,3339
3131,17947
3131,14243
3131,30
3131,9341
3131,19804
3131,1352
343,7842
343,1896
343,3903
343,14255
343,2125
343,18204
343,5018
343,14765
343,11501
343,4166
343,8260
343,5999
343,4997
343,2597
821,5729
821,19432
821,9212
821,5790
821,3650
821,4314
821,11610
821,4638
821,15685
821,8063
821,2602
821,2791
821,18026
821,466
821,12375
821,4059
821,9660
821,16880
821,5150
821,4780
821,19148
821,13408
821,6371
821,10140
821,14965
821,6545
821,678
821,1133
821,14908
821,16757
821,14356
821,17600
821,16534
821,7860
821,4908
821,7823
821,4073
821,14422
821,12117
821,12874
821,16132
2850,6456
2850,8842
7654,8898
7654,13251
7654,14905
7654,9138
7654,14057
7654,9142
7654,9947
7654,19454
7654,19554
7654,10002
7654,13462
7654,13385
7654,2318
2904,2749
2904,18175
2904,9746
2904,14541
2904,6334
2904,8444
2904,6401
2904,6104
2904,4168
2904,19025
2904,4925
2904,6247
2904,14583
2904,14083
2904,3059
2904,2017
2904,2310
2904,13538
2904,7079
2904,19392
2904,14335
2904,408
2904,7432
2904,4957
2904,15987
2904,6149
2904,818
2904,2325
2904,9672
2904,6842
2904,1109
2904,15373
2904,3282
2904,15043
2904,7576
2904,8406
2904,11467
2904,3780
2904,17970
2904,12612
2904,17494
2904,19939
2904,17201
2904,11163
2904,3170
2904,14261
2904,10457
2904,9999
2904,5591
2904,10049
2904,17931
2904,19047
2904,19137
2904,13055
2904,11294
5524,5392
5524,5304
5524,3124
5524,3636
5524,17403
5524,10596
5524,4194
5524,16643
5524,14446
5524,16736
5524,12725
2141,4174
2141,13687
2141,6936
2141,9770
8727,12952
8727,7783
8727,11214
8727,14547
8727,14109
8727,4164
8727,5743
8727,5393
8727,3319
5918,5133
5918,19609
5918,1868
5918,10658
5918,10972
5918,17087
5918,731
5047,10479
5047,14250
5047,14629
5047,17040
5047,12455
5047,5485
5047,4135
5047,5841
5047,8259
5047,17339
5047,6461
3968,9397
3968,1374
9213,17224
9213,2360
9213,3770
9213,9475
9213,13196
9213,1003
9213,436
9213,13085
9213,1697
9213,1330
9213,14417
9213,18420
9213,14788
9213,9166
9213,340
9213,20177
487,4495
487,13487
487,9408
487,9065
487,6943
487,10763
487,12063
487,19253
487,18521
487,8399
487,10515
487,6417
487,18214
487,16580
487,16326
487,15137
487,7267
487,15811
487,14415
9132,8201
9715,13120
9715,4856
9715,1327
9715,5611
9715,16110
9715,11525
9715,15083
9715,19196
9715,10430
9715,10011
2825,1348
2825,8437
2825,18752
2825,36
2825,16544
2825,7832
2825,14760
2825,19514
3025,12601
3025,6424
3025,11526
3025,17353
3025,16010
3025,17465
3025,18831
3025,8891
3025,9824
1252,18382
1252,6405
1252,8404
1252,5506
1252,5292
1252,9973
1252,17335
1252,3949
1252,4435
1252,9286
1252,1664
1252,3948
1976,10760
7369,17847
7369,1560
7369,18422
7369,16202
7369,1340
7369,10859
7369,2854
7369,9894
7369,13164
7369,7565
7369,8442
7369,11922
7000,7088
7000,11515
7000,1460
7000,14653
7000,17837
7000,13096
7000,17935
7000,17978
7000,13267
7000,8788
7000,17045
7000,3901
9691,14620
5178,17592
5178,18276
5178,3913
5178,12997
5178,14512
5178,11252
5178,7907
5178,2792
5178,1607
5178,8892
5178,9546
8056,7675
8056,10784
8056,10394
8056,5382
8056,12145
8056,15923
8056,3869
8056,14051
8056,3222
8056,665
8056,13137
8056,6899
8056,17823
8056,589
8056,2632
8056,722
8056,14287
8056,2227
8056,1021
8056,18783
8056,8498
8056,163
8056,2862
8056,9767
8056,2673
8056,4906
8056,19809
8056,13359
8056,15245
8056,16531
8056,16076
8056,15574
8056,5110
8056,6320
8056,15289
8056,5068
8056,16469
8056,4139
8056,8925
8056,5242
8056,6666
8056,15335
8056,7131
8056,10839
8056,9103
8056,3910
8056,8649
8056,16228
8056,7636
8056,18916
8056,10611
8056,3235
8056,16017
8056,10268
8056,17622
8056,4917
8056,16138
8056,19446
8056,8699
8056,6554
8056,9925
8056,16983
8056,363
8056,14142
8056,8433
8056,18989
8056,10988
8056,14956
8056,20227
8056,14942
8056,8730
8056,7453
8056,7656
8056,4354
8056,490
8056,19276
8056,2512
8056,201
8056,13295
8056,1632
8056,6041
8056,5310
8056,7313
8056,19624
8056,5717
8056,14418
8056,12033
8056,1901
8056,10233
8056,7382
8056,18654
8056,18117
8056,8705
8056,7380
8056,4116
8056,15573
8056,4784
8056,10041
8056,16800
8056,2160
8056,4325
8056,11506
8056,18162
8056,5278
8056,18035
8056,13599
8056,18742
8056,7019
8056,14576
8056,7703
8056,12522
8056,12219
8056,15836
8056,2545
8056,1684
8056,14691
8056,3490
8056,19114
8056,1937
8056,14347
8056,15370
8056,17137
8056,11142
8056,8072
8056,14167
8056,18850
8056,11016
8056,13211
8056,16864
8056,14351
8056,13415
8056,14260
8056,19231
8056,11830
8056,13273
8056,9591
8056,1855
8056,14794
8056,10194
8056,18057
8056,667
8056,8331
8056,5557
8056,3712
8056,12417
8056,9781
8056,8902
8056,4060
8056,1775
8056,7736
8056,16479
8056,15115
8056,15348
8056,11869
8056,15842
8056,12309
8056,9587
8056,16398
8056,18275
8056,7248
8056,1505
8056,5380
8056,18587
8056,15044
8056,2297
8056,9721
8056,15162
8056,3044
8056,14139
8056,4423
8056,16165
8056,19585
8056,7564
8056,10283
8056,5357
8056,273
8056,6521
8056,18892
8056,6659
8056,4744
8056,10083
8056,11295
8056,12039
7380,4836
7380,5711
7380,7924
7380,1535
7380,19228
7380,4481
7380,3882
7380,4006
7380,14648
7380,16047
9408,802
9408,1898
9408,19353
9408,1167
9408,14542
9408,4612
9408,14226
9408,12354
9408,15858
9408,525
9408,15059
9408,16510
9408,9649
9408,17849
9408,12532
9408,6293
1270,9643
1270,18520
1270,10616
1270,7249
1270,2174
1270,18852
1270,2725
1270,11593
1270,18263
1270,13151
3355,10019
9616,339
9616,12334
9616,13700
9616,14073
9616,17385
9616,18645
9616,13534
9616,4864
9616,11383
9616,704
9616,15194
9616,3420
9616,15319
9616,14964
9616,476
9616,12452
9616,9772
9616,515
4527,5284
3487,19320
3487,1206
3487,10653
3487,9526
3487,18088
3487,2216
3487,9622
3487,675
3487,13969
3487,3349
3487,5290
3487,1875
9043,18720
9043,18799
9043,18364
9043,72
9043,2307
9043,16604
9043,11247
9043,19436
9043,15781
9043,5493
9043,12109
9043,9438
9043,337
9043,5377
9043,7110
9043,10316
9043,13902
9043,17932
9043,11494
9043,10928
9043,446
9043,12687
9043,8361
9043,5269
2202,15705
2202,19901
2202,3500
2202,18171
2202,18497
2202,2807
2202,12135
2202,3649
2202,7147
2202,3723
2202,16305
2202,1746
2202,6159
2202,15056
2202,209
399,4451
399,9433
6568,7707
6568,6917
6568,3927
6568,10833
6568,9708
6568,381
6568,17614
6568,12925
6568,4200
6568,11776
6568,17502
6568,12338
1505,16156
5367,3968
9113,4620
9113,9096
9113,1871
9113,15379
9113,3889
8197,8549
8197,6557
8197,1465
8197,14970
8197,18994
8197,8975
8197,12511
8197,14199
8197,10534
8197,13354
8197,12575
8197,19224
8197,5838
8197,3559
8197,15312
8197,20490
8197,14492
8197,15177
8197,8666
8197,1734
8197,9821
8197,11063
5354,9815
5354,18113
5354,4522
5354,5219
5354,14569
5354,2700
5354,14506
5354,14789
5354,18114
5354,14173
5354,2965
5354,13958
5354,3419
5354,15739
5354,3657
5354,6946
5354,12144
5354,16072
5354,9936
5354,18316
5354,6912
5354,14118
5354,12332
5354,17075
5354,12458
5354,1517
5354,4353
5354,3994
5354,10040
5354,18148
5354,14013
5354,19711
5354,12609
5354,16142
5354,11998
5354,11405
5354,18928
1142,6203
1142,12146
1142,10787
1142,3174
1142,1295
1142,13605
1142,10874
1142,12638
1142,6342
1142,13883
1142,16470
1142,15248
1142,2362
1142,16448
1142,197
1142,15453
1142,10944
1142,1912
1142,2541
1142,12941
1142,5552
1142,18665
1142,7548
1142,6963
1142,12484
1142,19291
1142,18689
1142,1423
1142,16368
1142,5169
1142,14767
1142,2410
1142,10705
1142,14060
1142,19415
1142,16106
1142,2780
1142,20464
1142,2194
1142,14483
1142,3110
1142,19703
1142,536
1142,19190
1142,6115
1142,11746
5435,2476
5435,14390
5435,13479
5435,2043
5435,8104
5435,12749
5435,9534
5435,11521
5435,5470
5435,4439
5435,8735
5435,4456
5435,13569
5435,738
5435,14769
5435,7618
5435,10084
5435,596
5435,2532
5435,9385
3061,19718
3061,3403
3061,2072
3061,7410
3061,4696
9981,14546
9270,15222
9270,177
9270,12007
9270,15328
9270,3361
9270,3342
4455,6213
4455,2674
4455,3404
6702,6501
6702,10684
6702,3221
6702,15681
6702,4251
6702,1727
6702,1585
6702,2994
6702,7505
6702,16625
6702,16786
6702,14535
6702,16459
5943,6935
4335,13923
4335,2449
4335,11672
4335,12659
4335,14671
4335,782
4335,17505
4335,12586
4335,14704
4335,7718
4335,17632
4335,13
4335,17058
4335,6226
5353,4229
5353,6093
5353,14274
5353,7780
5353,13670
5353,154
5353,11942
5353,14117
5353,8915
5353,3818
5353,1018
5353,3860
5082,19848
5082,16504
5082,19424
5082,4876
5082,3483
5082,14292
5082,61
5082,14245
5082,12404
5082,12835
5082,16108
5082,15259
7665,8006
4427,12126
4427,13324
4427,3234
4427,11144
4427,18471
4427,11318
4427,3098
4427,13259
8042,7294
8042,13244
8042,5271
8042,10138
8042,2660
8042,5856
8042,19002
6398,8600
6398,15700
6398,16270
6398,7155
6398,29
6398,5456
6398,15100
6398,8132
6398,6970
6398,16745
6398,9441
6398,3989
6398,15730
6398,8515
6398,6364
6398,9774
6398,18146
6398,11884
6398,8545
6398,8840
6398,19155
6398,7542
6398,15292
6398,17880
205,16835
205,4490
205,6882
205,2974
205,18448
205,12861
4142,12296
4142,17524
4142,14138
4142,5122
4142,12093
4142,5483
4142,3108
4142,14902
4142,9831
4142,6234
4142,6252
4142,9277
4142,5477
4142,12940
4142,13043
4577,3847
4577,16868
4577,5837
4577,17098
4577,10715
4577,13682
4577,4414
5711,16472
191,14420
191,5472
191,13260
191,2539
191,15482
191,16279
191,13328
191,5661
191,8161
191,2045
191,11011
191,8827
191,5880
191,14544
191,12497
191,5240
191,7069
191,19215
191,5845
191,3607
191,11621
191,19347
191,15016
191,12929
3137,4673
3137,6432
3137,10222
3137,13496
3137,7798
3137,11927
3137,19359
3137,4002
3137,10612
3137,12064
3137,12906
3137,1398
3137,2039
3137,6714
3137,17430
6062,3803
6062,19225
6062,17265
6062,9749
6062,10631
6062,10689
6062,19726
6062,16819
6062,10065
6062,3262
6062,2002
6062,12936
6062,5439
6062,18245
1271,15949
1271,16379
1271,736
1271,17270
1271,3565
1271,13221
1271,6413
1271,3594
1271,9181
1271,5582
1271,2555
1271,13474
4240,7400
4240,2478
4240,18186
4240,6856
4240,155
4240,15760
4240,11757
4240,1749
4240,1533
4240,3451
4240,544
4240,17064
4240,13603
850,2413
850,8516
850,573
850,18870
850,15581
850,15086
850,7396
850,17012
850,5829
850,6425
850,19118
850,5294
850,2836
850,17550
850,2062
6731,17712
6731,9562
6731,17254
6731,17135
6731,12187
6731,586
6731,7031
6731,20399
6731,11183
6731,11030
6731,11913
6731,11043
6731,19948
1106,13689
1106,6015
1106,13095
1106,5899
1106,13990
1106,15275
1106,13933
1106,14469
1106,19663
1047,17819
1047,8467
1047,8563
1047,12182
1047,6818
4215,3820
4215,4202
4215,13016
4215,3035
4215,8027
4215,7142
4215,10648
4215,3939
4215,7466
4215,774
4215,11701
4215,10625
4215,3686
4215,4462
4215,14950
4215,5488
4215,2438
4215,15362
4215,2535
4215,17123
4215,2102
4215,3388
4215,16930
4215,11507
4215,11952
4215,17165
4215,17780
4215,16066
4215,9215
4215,3454
389,17017
389,18592
389,15522
389,11211
667,6354
3445,16814
3445,4329
3445,16273
3445,3322
3445,2887
3445,4296
3445,1375
3445,19038
3445,926
3445,17856
3445,7569
3445,7587
7453,10035
7453,10289
7453,4479
7453,18516
7453,8960
7453,13907
7453,2500
7453,12990
7453,10295
7453,5332
6325,8204
6325,12932
6325,6928
6325,1380
6325,12304
6325,15940
6325,10203
6325,5035
6325,3067
6325,16226
6325,6098
6325,921
6325,18967
6325,4639
6325,1745
3198,3943
3198,14449
3198,10387
3198,18608
3198,15819
3198,11774
3198,278
3198,719
3198,17211
3198,12258
3198,14219
3198,10303
3198,6313
3198,3936
3198,12125
3198,12364
3198,2165
3198,11663
3198,14327
3198,15418
3198,1513
3198,8463
3198,3486
3198,6584
3198,1114
3198,1712
3198,13440
3198,9508
3198,7808
3198,18541
6713,11628
6713,13330
6713,4513
6713,14168
6713,11
2678,16216
2662,4794
2662,8919
2662,19918
2662,8876
2662,2950
2662,1104
2662,3700
2662,8500
2662,7942
2662,3304
2662,8472
2662,18355
2662,11108
8662,19191
8662,752
8662,15914
8662,7708
8662,10819
8662,17718
8662,11767
8662,2026
8662,8455
8662,14985
8662,15271
8662,6402
8662,14493
8662,17725
8662,12045
8662,266
8662,2917
8662,3277
3423,12352
3423,7108
3423,831
3423,8292
3423,1052
3423,1659
3423,18514
3423,18256
3423,5159
3423,19736
3423,10626
9286,13308
9286,12827
9286,17903
9286,18729
6693,18121
6693,13249
6693,11895
6693,19361
6693,1457
6693,3323
8434,4074
8434,10700
8434,4269
8434,7315
8434,9825
8434,9760
8434,5571
4396,10861
4396,8266
4396,5630
4396,1979
4396,8012
4396,15046
4396,7541
4396,18264
4396,3142
6108,2260
6108,18395
6108,8760
6108,10640
6108,18971
6108,8076
6108,12862
7881,8511
7881,9399
7881,3003
7881,4894
7881,12733
7881,14175
7881,94
533,101
533,16831
533,15904
533,15429
533,10320
533,10010
533,2847
533,13755
533,19485
533,2520
533,764
533,11175
6941,813
6941,17867
6941,2613
6941,15883
6941,10015
6941,15019
6941,15693
6941,3054
6941,6752
6941,3855
6941,17983
7492,3557
7492,16423
7492,531
7492,7900
7492,1951
7492,8716
7492,13946
7492,6140
7492,19861
7492,2092
394,14612
394,9137
394,3554
394,6807
394,4463
394,16622
394,18365
394,9878
394,18273
394,16777
394,6904
7436,12054
7436,16162
7436,2635
7436,10540
7436,16283
7436,19922
7436,16336
7436,16466
7436,7883
7436,19467
7436,12052
7436,9904
7436,4999
7436,4981
7436,14115
7436,2154
7436,12483
7436,5755
7436,19066
7436,8986
7436,18621
7436,5171
7436,19727
7436,11496
8819,668
8819,10914
8819,3151
8819,5545
8819,18096
8819,700
8819,15326
8819,17112
8819,854
8819,14723
8819,17380
8819,3604
8819,9994
8819,2046
8819,12415
8819,17574
8819,7258
8819,8203
8819,11236
8819,15570
8819,17447
8819,15323
8819,11221
8819,9780
8819,19672
8819,4198
8819,6581
8819,18337
8819,12220
8819,1185
8819,4350
8819,19464
8819,18749
8819,7639
8819,4979
8819,739
8819,17784
8819,14586
8819,9513
8819,2568
8819,14104
8819,17732
8819,3496
8819,6495
8819,19159
8819,17695
8819,8959
8819,19042
8819,15352
8819,7032
5933,8847
5933,1603
5933,6959
5933,8096
5933,9176
5933,7262
5933,16441
5933,1747
5933,11694
7719,8610
1282,17062
1282,6788
1282,16909
1282,3697
1282,2702
1282,9690
1282,10949
1282,5626
1282,16285
1282,1484
1363,10675
1363,19877
1363,14043
1363,15496
1363,11739
1363,11447
1363,16579
1363,17242
1363,326
1363,2124
1363,18819
1363,19043
1363,1322
1363,1954
1363,6599
1363,16107
3287,17310
3287,8171
3287,5748
3287,11831
3287,16021
3287,16920
3287,17
3287,13726
3287,4948
3287,18977
3287,8874
3287,19201
3287,10051
3287,2920
2101,6602
8339,1113
8339,3
8339,19367
8339,6995
8339,4455
8339,5958
8339,8830
8339,13597
8339,8747
8339,11791
8339,6991
8321,1857
8321,10886
8321,6260
8321,4736
8321,14555
8321,3541
8321,18744
8321,18170
8321,3812
8321,1049
8438,581
4951,2946
4951,13444
4951,9497
4951,2355
4951,1078
4951,18613
4951,7519
4951,13401
4826,4047
4826,15857
4826,15690
4826,4587
4826,16866
4826,5323
4826,4151
4826,7530
4826,3408
4826,6217
4826,6018
4826,10979
4826,18680
9567,8212
9567,4551
9567,11578
9567,17411
9567,4454
9567,4615
9567,1571
9567,19817
9567,8685
9567,11473
9567,925
3000,9695
3000,16630
3000,16189
3000,6720
3000,1914
3000,1730
3000,4175
3000,16103
3000,2321
3000,9042
3000,13672
3000,9997
3000,8838
3000,7205
3000,14584
5981,13102
5981,17523
5981,17957
5981,5910
5981,7460
8344,4505
8344,19618
8344,9698
8344,6245
8344,15120
8344,18877
8344,1266
1446,15278
1446,9861
1446,15103
1446,19887
1446,8933
1446,1043
1446,17506
1446,3586
5414,14924
5414,5641
5414,8950
5414,2374
5414,17977
5414,6387
5414,4851
5414,6166
5414,7237
5414,1848
5414,8803
5414,14407
5414,1997
5414,17272
3278,112
7714,2979
7714,6992
8958,17020
8958,6199
8958,7603
8958,3508
8958,1602
8958,10291
8958,120
8958,2041
8958,7495
117,4735
117,5813
117,18979
117,19931
117,4938
117,6869
117,12115
117,18104
117,4993
117,11778
117,8243
117,14845
117,792
117,3745
117,6236
117,8698
117,16896
117,8719
117,19805
117,18447
7087,9045
7087,12500
7087,5519
9394,18194
9394,10380
9394,16512
9394,5862
9394,3708
9394,12942
9394,8989
9394,18757
9394,5635
9394,13441
4149,234
4149,10106
4149,11300
4149,133
4149,15976
4149,12297
4149,4173
4149,114
4149,7535
4149,1131
4149,13894
4149,16897
4149,13549
4149,12382
4149,13464
4149,8697
3663,5436
3663,12112
3663,9568
3663,7487
3663,3065
3663,5604
3663,8749
3663,5460
3663,15273
3663,1394
3663,19823
3663,17026
3663,1708
3663,11910
1260,16772
1260,11488
1260,18305
1260,18632
1260,2494
1260,15430
1260,11700
1260,7447
1260,10529
1260,6014
1260,8822
5373,1300
5373,6117
5373,12027
5373,11323
5373,3898
5373,11688
5373,2991
5373,14933
5373,12210
5373,6699
5373,11510
5373,17059
5373,2744
5373,18635
5373,1445
5373,10439
5373,15679
5373,7144
5373,17151
5373,15423
5373,2324
2938,10588
2938,18488
2938,6259
2938,14404
2938,15712
2938,2183
2938,1254
2938,13473
2938,12432
2938,18329
2938,5785
4099,3467
4099,16451
4099,13563
4099,13184
4099,7944
4099,11886
4099,3246
4099,4068
4099,18398
4099,16591
2939,7686
2939,2397
2939,19187
2939,1598
2939,8136
2161,9783
2161,7577
2161,6563
2161,2075
2161,9844
2161,19857
2161,7311
2161,18810
2161,15020
2161,1408
2161,10939
2161,1168
2161,8734
2161,19870
2161,435
2161,5065
2161,17942
636,8060
871,12240
871,18069
871,222
4034,427
4034,13809
4034,11363
4034,19202
4034,15443
4034,5343
4034,12475
4034,264
4034,4699
4034,464
5108,19837
4145,19506
4145,19874
9452,3434
3622,1823
3622,17225
3622,5536
3622,7020
3622,11165
3622,14885
3622,10800
3622,6497
3622,17240
3622,16965
6926,5510
6926,10462
6926,12675
6926,5991
6926,10187
6926,11723
6926,15957
6926,19878
6926,820
6926,2031
6926,17673
7845,5222
7845,13954
7845,3695
7845,18586
7845,18663
7845,255
7845,9877
7845,10727
7845,2973
7845,11835
7845,16150
2276,14003
2276,10068
2276,10470
2276,4302
2276,14207
2276,9254
2276,3567
2276,962
2276,3165
2276,12864
2276,10286
2276,6804
2276,13624
2276,3037
5979,4605
5979,1837
5979,9190
5979,13530
5979,19375
5979,11613
5979,6327
5979,5568
5979,6123
8451,5154
9425,5767
2301,15696
2301,2575
2301,4137
2301,19226
2301,18387
2301,17877
2301,3432
2301,17285
2301,17642
2301,17243
2301,19136
2301,13305
2301,6487
2301,13535
2255,1839
2255,15535
2255,7231
8526,5225
8526,19453
8526,3456
8526,3197
8526,11551
8526,12708
8526,19322
8526,5796
8526,4936
8526,14342
8526,16461
8526,3661
8526,6350
8526,784
8526,12644
8526,318
8526,14832
8526,11481
8526,12451
8526,12322
5564,11045
5564,237
5564,16413
5564,2176
5564,510
5564,7581
5564,9068
5564,14990
5564,7553
5564,19173
5564,1373
5564,7354
5564,4935
979,8107
979,7954
6384,2199
2843,13697
2843,11736
498,17019
9885,18408
9885,963
9885,17264
9885,13368
9885,11938
9885,18703
9885,3960
9885,3488
9885,10164
9885,2446
9885,15725
6665,2219
6665,6045
6665,12011
6665,19835
6665,19149
6665,13701
6665,9242
6665,6228
6665,5616
6665,9541
1955,1034
1955,11107
1955,15125
1955,14650
1955,15134
1955,17047
1955,16856
1955,14876
1955,10313
1955,16325
1955,17464
1955,15239
1955,16229
1955,6537
1955,11821
1955,13206
1955,18287
1955,15221
1955,13495
1955,1892
1955,12974
1955,7300
1955,14388
1955,5703
1955,14564
1955,8319
1955,20242
1955,6394
1955,12301
1955,11981
321,8659
321,14698
321,16798
321,15579
321,18202
321,6400
321,3401
321,15933
321,14494
3177,12257
3177,421
3177,2547
3177,1946
3177,5405
3177,16974
3177,10287
3177,8906
3177,4024
3382,11341
3382,3940
3382,17124
3382,14867
3382,19115
3382,1567
3382,11890
3382,5309
3382,4240
3382,603
3382,19012
3382,3049
3382,17824
3382,16143
3382,18244
6669,15600
6669,5629
6669,9933
6669,13720
6669,14305
6669,17611
6669,8683
6669,16163
6669,2543
6669,16605
6669,7710
6669,5926
8242,10451
494,15243
494,9519
494,3264
494,11662
494,814
494,8082
494,470
494,1157
494,19356
494,14202
494,6148
494,12623
1096,15898
1096,11106
1096,7602
1096,9006
1096,13661
1096,14668
1096,4470
1096,13665
8931,1615
8931,90
8931,5978
8931,18079
8931,7174
8931,6270
8931,15774
8931,7943
8931,387
8931,15742
8931,10870
8931,190
8931,11009
8931,14241
6764,2831
6764,2582
6764,14212
6764,9895
6764,13228
6764,1011
6764,3201
6764,19327
6764,19782
6764,9393
2489,14084
2489,7966
2489,17227
2489,2986
2489,11604
2489,7815
2489,7816
8045,5870
8045,12379
8045,5680
8045,5936
8045,6512
8045,4870
8045,8893
8045,17138
8045,11615
8045,1224
8045,18189
8045,4391
8045,391
7227,8706
7837,8886
7837,8
7837,3892
7837,14557
7837,1872
7837,1593
7837,502
7837,1616
7837,14551
7837,9206
7837,16316
7837,14164
7837,7035
7837,7970
5251,16260
5251,11966
5251,16383
5251,12901
5251,16663
5251,7746
5251,15841
5251,17274
5251,1667
5251,7524
492,14340
1852,3051
1852,4431
1852,11228
1852,15800
1852,3614
1852,10466
1852,10220
1852,4656
1852,13825
1852,4624
1852,11749
1852,947
1852,12740
1852,10720
1852,7117
1852,4053
1579,15995
1579,14148
1579,9160
1579,327
1579,16969
1579,18112
1579,18270
1579,7814
1579,7794
6544,19272
6544,1554
6544,857
6544,7930
6544,9558
6544,17683
6544,10756
956,5992
956,1442
956,11434
956,11590
956,5245
956,11807
956,4013
956,18184
956,9064
956,12411
956,6802
956,5089
956,11209
956,19881
1372,1084
1372,4798
1372,6749
1372,6024
1372,8773
1372,13395
1372,13128
1372,18183
6682,5554
6682,11306
6682,19845
6682,12801
6682,19207
6682,16742
6682,8711
6682,17521
6682,15140
6682,13847
6682,5677
6682,6631
6682,2150
58,4096
58,6265
58,4207
58,11429
58,1759
58,1788
58,9876
58,2401
58,7632
58,18018
58,8894
58,15277
58,14463
58,16166
58,14059
58,131
58,16402
58,7165
2883,3243
2883,18014
2883,17928
2883,10618
2883,4776
2883,13898
2883,13879
2883,15080
2883,5037
2883,13374
8111,3241
108,19543
108,4155
3615,10229
3615,2843
3615,2076
3615,14103
3615,7697
3615,37
1172,12057
1172,16446
1172,12374
1172,12437
1172,7829
1172,6576
1172,282
1172,16381
1172,2482
1172,5609
1172,2949
1172,6391
1172,17344
1172,14323
1172,11204
1172,17005
1298,9536
1298,14779
1298,18397
1298,18731
1298,17088
1298,9757
1298,9213
1298,5808
1298,18274
1298,14472
1298,15612
1298,12223
1298,13407
1298,4844
1298,8429
1298,17990
1298,5458
1298,7700
1298,14367
1298,8682
1298,19875
1298,11415
3279,9301
8744,10924
8744,19754
8744,10754
8744,11390
6606,16613
6606,18515
6606,16597
9201,8612
9201,5773
9201,17060
9201,10920
9201,17854
9201,11484
9201,10037
9201,17830
9201,706
9201,3566
9201,17904
9201,12531
9201,6241
9201,8966
1117,19819
1117,1004
1117,6547
1117,12837
1117,16517
1117,18841
209,1422
209,2799
209,16670
209,7862
209,6707
209,12660
209,13021
209,5329
209,17136
209,9835
5044,12474
5044,8572
5044,11567
5044,5822
5044,4382
5044,13789
5044,8360
5044,4959
5044,14639
5044,18048
5044,18458
5044,3979
6771,13551
6771,17787
6771,4104
6771,836
6771,5633
6771,6508
6771,14819
6771,13245
6771,15708
6771,5803
6771,7841
6771,18328
5114,10981
5114,18856
5114,1833
5114,2208
5114,16577
5114,14976
5114,7925
5114,2885
5114,211
5114,9637
5114,16153
5114,16460
5114,8772
5114,11146
5114,2047
5114,17551
5114,9682
5114,11905
5114,18468
5114,18717
5114,4406
5114,1656
6256,19526
3632,15276
3632,5016
3632,13770
3632,7474
3632,17959
3632,8592
3632,10655
3632,11715
3632,16861
3632,14037
3632,5330
7537,19639
7537,3475
7537,15649
7537,19368
7537,15627
7537,8275
7537,15528
7537,15628
7537,18715
7537,5921
7537,13393
8437,13901
4345,15200
4345,9901
4345,11808
4345,11160
4345,5674
4345,461
4345,1860
4345,10911
4345,7244
4345,17422
3193,2326
3193,14594
3193,5001
3193,13941
3193,1258
3193,15113
3193,2445
3193,2138
3193,6746
3193,5623
3193,10742
3193,5904
3193,16213
3193,6474
4510,5756
4510,320
4510,9659
4510,18224
4510,3897
4510,1733
4510,16628
4510,15805
4510,18061
4510,9062
4510,10671
4510,7373
4510,13352
4510,5830
4510,11972
4510,12236
4510,5248
4510,3009
4510,11731
4510,6906
4510,7901
4510,19059
4510,985
4510,2269
2442,5350
2442,15678
2442,796
2442,3479
2442,3429
2442,4515
2442,12576
2442,11518
1057,14573
1057,18312
1057,2444
1057,910
1057,6422
1057,8296
1057,11426
1057,1699
5440,18367
1438,18958
1438,18615
1438,11940
1438,14852
1438,3308
1438,5586
1438,14874
1438,10406
1389,15982
9825,12872
6004,16677
6004,17652
6004,19937
6004,1886
6004,5789
6004,9978
6004,6979
6004,7403
6004,5449
6004,17589
6004,3878
6004,4343
7273,4404
7273,5236
7273,10757
7273,19873
7273,16280
7273,14525
7273,4364
7273,6855
7273,4283
7273,4466
152,3410
9306,1646
7242,6519
7242,12294
7242,4027
7242,4720
7242,5806
7242,1302
7242,9962
7242,18834
7242,7339
7242,16751
7242,6620
7242,75
9675,16951
5104,12978
2466,6143
2466,8453
2466,17796
2466,14435
2466,18883
2466,11436
2065,1822
2120,6218
2120,18669
2120,15228
2120,15544
2120,11368
2120,4268
2120,18116
2120,11170
2120,16173
2120,12075
2120,10399
2120,2140
2120,7724
2120,6442
2120,10762
2120,9429
2120,19111
2120,16045
2120,15494
2120,15257
2120,2766
2120,142
2120,1531
2120,11398
7156,10607
7156,16170
7156,4124
7156,14878
7156,1520
7156,19648
7156,10537
7156,19916
7156,7036
7156,559
7156,683
7156,18846
7156,11584
248,3561
248,10557
248,460
248,3809
248,1796
248,10885
248,2688
248,17291
248,11356
248,12964
248,8835
248,3026
6780,2606
6780,17775
6780,2784
6780,8389
6780,19895
6780,16473
6780,14864
6780,19421
6780,9250
6780,16317
6780,13062
6780,4885
6780,5101
6780,8226
7092,4703
7092,9372
7092,8895
7092,15334
7092,15283
7092,2347
7092,14714
7092,3715
7092,2961
7092,14332
7092,13707
7092,9194
4480,12365
4480,5085
4480,13871
4480,10151
4480,11854
4480,785
4480,19182
4480,16324
4480,1784
4480,1694
4480,14893
4480,549
4480,9948
4480,8238
546,10725
7792,11017
7792,3696
7792,13012
7792,1311
7792,2561
7792,17476
7792,13418
7792,4900
7792,11606
7792,16949
7792,17244
7792,5283
7792,7691
7792,8288
7792,11898
5396,19112
5396,891
5396,19052
5396,15212
5396,18597
5396,32
5396,1963
2682,4857
2682,275
2682,11062
2682,699
2682,13621
2682,12648
2682,882
2682,5221
2682,13503
2682,1511
9447,9851
3450,11365
9464,7007
9464,18428
9464,18802
9464,9570
9464,9220
9464,16710
9464,7744
9464,12554
9464,419
9464,3430
9831,7646
3966,12833
3966,1999
3966,6107
3966,1036
3966,9204
3966,380
3966,4363
3966,10736
3966,8935
3966,15104
6947,10207
6253,15815
6253,15166
6253,15675
6253,11297
6253,10360
6253,17943
6253,19212
6253,16300
1627,13993
1627,19825
1627,692
1627,16198
2945,13271
4244,12396
4244,8764
4244,18145
4244,17583
4244,10292
4244,19022
2564,18177
2564,7392
2564,11777
2564,6072
2564,8538
2564,13629
2564,13791
2564,5913
2564,13716
2564,4643
2564,3113
2564,6183
2564,9842
7772,17567
7772,8034
7772,9424
7772,5409
7772,13798
7772,2934
7772,945
7772,9323
7772,10057
7772,13391
8076,3710
3262,777
3262,5260
3262,10480
3262,17009
3262,1613
3262,5482
3262,17918
3262,16241
3262,3066
3262,2802
9035,12198
9035,13203
9035,5043
9035,11435
9035,2042
9035,2373
9035,19335
9035,19096
9035,6942
9035,15601
9035,13546
9035,3625
9035,17850
9035,11733
5278,15048
1539,6175
1539,14739
1539,15055
1539,4260
1539,17728
1539,2159
1539,16669
1539,2158
1539,18693
1539,12873
6476,13122
5685,3764
5685,19633
5685,11385
5685,3563
5685,1917
5685,4230
5685,14235
5685,2951
5685,1326
5685,11816
5685,10881
5685,5098
396,478
396,13823
396,8282
396,7917
396,5138
396,18085
396,7956
396,13819
396,1000
396,18604
396,19220
396,15465
300,11721
300,18388
300,9094
300,5724
300,17013
300,7374
300,17603
300,14948
300,1244
300,18542
300,15548
300,17986
300,3817
300,16714
300,4287
300,8793
300,2984
300,10418
300,19414
300,13972
5336,6948
8896,4565
8896,15784
8896,15025
8896,19868
8896,8707
8896,12209
8896,12008
8896,17555
8896,7025
8896,19178
8896,13427
8896,10007
8896,134
8896,12814
8896,17144
1679,17496
1679,10204
1679,873
1679,6491
1679,15583
1679,5447
1679,3821
1679,1105
1679,1305
1679,16386
1679,9396
521,3283
521,12516
521,13110
521,7308
521,5476
521,10443
521,15468
7061,12408
7061,17382
7061,14897
7061,8865
6469,20014
6469,5057
6469,18219
6469,687
2565,17545
2565,11406
2565,2922
2565,8853
2565,8202
2565,664
2565,16882
2565,7761
2565,13876
2565,4841
2565,3962
2565,4303
2565,5083
2565,6692
2565,7343
2565,17187
2565,5935
2565,17893
2565,6339
2565,13842
2565,2467
2565,18726
2565,12853
9279,12678
9279,2657
9279,8631
9279,10326
9279,8479
9279,7314
9279,3220
9279,19079
9279,5034
9279,5237
9279,4607
9279,19851
9279,5492
9279,770
9279,535
9279,10264
9279,4167
9279,3783
9279,4969
9279,3341
9279,11302
9279,16513
9279,12908
9279,13204
9279,12538
9279,16981
9279,227
9279,14796
9279,8954
9279,19153
9279,8640
9279,19071
9279,18368
9279,5619
9279,18735
9279,19854
9279,12247
9279,3103
9279,17014
9279,12882
9279,6284
6475,4869
6475,3010
6475,5430
1236,8635
1236,17101
1236,17816
1236,12808
1236,2970
1236,5027
1236,1220
1236,17749
1236,10400
1236,17473
1236,6453
1236,18167
1236,10351
1236,15643
1236,10511
1236,2958
1236,14009
1236,16594
1236,14968
1236,1099
1236,12121
1236,2764
1236,12745
1236,1631
1236,20187
1236,19548
1236,6416
1236,1502
2742,17953
2742,17929
2742,15293
2742,468
2742,9180
2742,13265
2742,7870
4404,13447
4404,4682
4404,13099
4404,12137
4404,3917
4404,15964
4404,16977
4404,10254
4404,9244
4404,19742
4404,18481
9728,3709
9728,16558
9728,11876
9728,18930
9728,4537
9728,14607
9728,18103
9728,3741
9728,10205
8955,8639
8955,10137
8955,6866
8955,10018
8955,6625
8955,3813
8955,7122
8955,2078
8955,8645
8955,13792
7651,12496
7651,2020
7651,1385
7651,8285
7651,6025
7651,12680
7651,15647
7651,9871
7651,4555
7651,1935
7651,11041
7651,3545
7651,8129
7651,2666
7651,7803
7651,15672
7651,19269
7651,4026
7651,610
7651,10343
7651,3970
7651,9688
7651,11614
7651,10346
7651,7748
7651,283
7651,6069
7651,6224
7651,9524
7651,10463
7651,17069
7651,5927
7651,8810
7651,3370
7651,16333
7651,6431
7651,18985
7651,4865
7651,7908
7651,9037
7651,11517
7651,15014
7651,8055
7651,14214
7651,6717
7651,3944
7651,9896
7651,11337
7651,17182
7651,9329
7651,14916
7651,3444
7651,19027
7651,1331
7651,10737
7651,20281
7651,2544
7651,15640
7651,13693
7651,9555
7651,17778
7651,11949
7651,16854
3733,14963
3733,8585
3733,14638
3733,6085
3733,12110
3733,16178
3733,4452
3733,8495
3733,7342
3733,6440
4022,847
4022,8524
4022,11342
4022,8020
4022,18938
4022,19499
4022,13342
4022,17491
4022,18496
4022,17133
4022,9713
4154,126
9380,9811
9380,3130
9380,650
6524,19389
6524,12599
6524,6635
6524,1485
6524,5145
6524,9652
6524,3683
6524,7371
6524,18325
6524,19321
6524,17875
6524,18099
6524,16572
6524,18517
6524,6214
6524,16842
6524,19273
6524,9640
6524,13944
6524,9966
6524,14605
6524,11282
6524,4043
6524,8051
6524,1996
6524,8770
6524,15798
6524,10609
6524,17722
6524,18372
6524,5678
6524,13578
1565,6372
1565,3864
1565,5017
1565,4498
1565,10504
1565,16696
1565,19938
1565,15547
1565,11155
1565,16492
1565,11131
1565,5348
1565,17794
1565,7061
1565,14263
1565,3426
1565,6783
1565,821
1565,4664
1565,15451
1565,14303
1565,15294
1565,8297
2626,6887
7145,411
7145,2240
7145,8272
7145,18036
7145,14131
7145,7430
7145,893
7145,18192
7145,11133
7145,13505
7145,10902
7145,9405
7145,1534
7145,2070
7145,16508
2824,441
2824,1278
2824,5047
2824,11982
2824,4799
2824,13470
2824,12540
2824,13862
2824,2616
2824,10958
2824,17926
2824,14430
2824,7988
2824,19385
2824,7872
9278,11443
9278,2067
9278,19216
9278,998
9278,17887
9278,9572
9278,19792
9278,4110
9278,14560
9278,3043
9278,10199
9278,16377
9278,17747
9278,4488
9278,16615
9278,16225
2376,18553
2376,14841
2376,16911
2376,10459
2376,10300
2376,5731
2376,5041
2376,7886
2376,17412
2376,12615
1138,3791
1138,10250
1138,8062
1138,7994
1138,2715
1138,10900
1138,13885
1138,7162
1138,11286
1138,16442
1138,1009
1138,1769
1138,3891
1138,6341
1138,1443
1138,5525
8450,15991
8450,136
8450,12983
8450,2286
8450,7004
8450,1701
8450,13449
8450,8248
8450,1193
8450,7755
8450,7114
8450,3439
8726,12367
8726,13714
8726,5771
8726,7751
8726,3088
8726,7861
8726,14299
8726,4090
5976,10131
5976,5459
5976,8199
5976,6062
5976,10917
5976,4487
5976,18494
5976,18301
5976,14929
5768,3184
5768,18478
5768,9848
5768,14465
5768,7367
5768,4021
5768,8632
5768,10296
5768,5824
5768,17115
5768,4138
6992,4659
6992,5312
6992,11956
6992,16096
6992,15395
6992,15054
6992,5848
6992,5252
6992,15797
6992,14545
6992,11088
3018,7259
3018,10600
3018,582
3018,7408
3018,9788
3018,5140
3018,1171
3018,17988
3018,19128
3018,3156
3018,16514
3018,19930
3018,27
3018,9502
3018,18793
3018,9702
3018,17091
3018,9057
3018,16824
3018,1128
3018,15349
3018,18548
3018,13598
3018,1433
3018,13565
3018,5400
3018,13786
3018,3198
3018,17316
3018,9362
3018,7028
3018,1546
3018,9030
3018,18640
3018,7953
3018,15648
3018,5739
3018,5612
3018,17196
3018,4443
3018,16232
3018,1713
3018,16623
3018,3884
3018,12233
3018,16313
3018,11655
3018,9509
3018,7
3682,3089
3682,17480
3682,3018
3682,2997
3682,4281
3682,14461
3682,12768
3682,2329
3682,6910
3682,3504
3682,6368
3682,1955
3682,66
3682,10
3682,2933
3682,6134
3682,7547
3682,18584
3682,3245
3682,15667
3682,15038
3682,14406
3682,17273
3682,17293
3682,9989
3682,7958
3682,1064
3682,18983
9768,3369
8452,15318
8452,3017
8452,7070
8452,2261
8452,18748
8452,4745
8452,15124
8452,17630
8452,11896
8452,8776
8452,3126
8452,14631
8544,8519
8544,15224
8544,7326
8544,9117
8544,4911
8544,7630
8544,19435
8544,3535
8544,7146
8544,7310
8544,14479
8544,16312
8544,18733
8544,4675
8544,10976
8544,13794
8544,11533
8544,5634
8544,12812
8544,11226
3166,15688
8511,12987
8511,4888
8511,10455
8511,1555
8511,10358
8511,5836
8511,14062
8511,31
8511,11668
8511,12529
8511,7227
8511,13296
8511,19655
8511,18467
8511,6028
8511,8930
8511,14559
8511,12418
8511,2928
8511,19667
4840,13106
4840,6594
4840,5109
4840,59
4840,17952
4840,15062
4840,8228
4840,16799
4840,7778
1578,19833
1578,1400
1578,12495
1578,10945
1578,6507
1578,17216
1578,19691
1578,18215
1578,534
1578,6704
4010,673
4010,7126
4010,15237
4010,13419
4010,13634
4010,7081
4010,14853
4010,3167
4010,7668
4010,9707
4010,11915
4010,1589
4010,1518
4010,3816
4441,7595
5818,17388
2356,3602
2356,13501
2356,1399
2356,4769
2356,6198
2356,12189
2356,4177
2356,4599
2356,9357
2356,17132
2356,342
2356,18750
7750,10370
7750,6566
1355,10492
7605,16859
7605,10115
7605,15608
7605,8582
7605,19855
7605,16999
7605,12751
7605,7695
7605,2071
7605,17348
7605,4030
7605,5014
9076,16255
6324,6957
6324,17068
6324,7509
6324,1876
6324,740
6324,6146
9984,16759
4877,11389
4877,4972
733,13920
733,14329
733,7335
733,5363
733,4316
733,5184
733,12072
733,3595
733,10307
733,2094
733,3829
2491,1569
2491,10477
2491,17129
2491,17425
2491,16746
2491,5131
2491,6718
2491,15063
2491,17892
2491,11546
9682,13222
9682,13057
9682,11985
9682,7365
9682,17901
3524,3886
3524,13434
3524,10008
3524,2758
3524,9678
3524,19612
3524,516
3524,1010
3524,11071
3524,14904
3524,247
3524,4945
3524,14400
3524,17831
3524,3413
3524,10992
3524,18741
3524,15584
3524,8593
3524,3644
3524,7189
3524,18371
3524,4089
3524,14206
3524,5800
5609,3154
7028,11596
7028,6982
7028,8412
7028,11418
7028,4569
7028,17933
7028,8532
7028,10420
7028,6206
7028,4590
7028,1145
7028,17834
7028,7661
7028,6223
7028,2270
7028,19203
7028,12207
4465,10340
8759,8924
8759,1432
8759,12347
9249,9941
9249,8507
9249,3202
9249,15198
9249,4442
9249,9975
9249,3609
9249,9809
9249,17377
9249,3725
9249,3340
9249,12267
9249,11255
9249,10572
2713,16747
2713,3021
2713,11810
2713,17055
2713,1387
2713,15082
2713,4556
2713,5858
2713,2338
2713,11976
5503,15155
5503,7825
5503,17493
5503,9355
5503,18083
5503,14307
5503,9
5503,5710
5503,5371
5503,14759
5503,2745
5503,8253
5503,7118
5503,2332
4271,6319
4271,11219
4271,12260
4271,19524
4271,16655
4271,8650
4271,11929
1763,9584
5392,8777
9783,11852
4071,914
4071,1882
4071,17582
4071,10388
4071,2451
4071,1881
4071,162
4071,12867
4071,12429
4071,3064
4071,14946
4071,4892
4071,19107
4071,10552
4071,8446
4071,5300
4071,11168
4071,6386
4071,15903
4071,14632
4071,7610
4071,10364
4071,4156
5824,7240
5824,12710
5824,12373
5824,14194
5824,15233
5824,10120
5824,10497
5824,13266
5824,6389
5824,3094
5824,6492
5824,14277
5824,2983
5824,1950
5824,12476
5824,11095
5824,9119
5824,15992
5824,16315
5824,1267
5824,15420
5824,11409
5824,4746
5824,18389
5824,4112
5824,8239
5824,7097
5824,14015
5824,11493
5824,7729
5824,2148
5824,15460
5834,6903
5834,17279
5834,6710
5834,8359
5834,18626
5834,13126
5834,17870
5834,19324
5834,16637
5834,13162
5834,12265
5834,8301
5834,7702
5834,19437
5155,16753
5155,3442
5155,14807
5155,1039
5155,2884
5155,9837
5155,2417
5155,15636
5155,5112
745,1870
6413,17949
6413,7104
6413,439
6413,9275
6413,11474
6413,11541
5269,17515
5269,1723
5269,5965
5269,4184
5269,12278
5269,16535
5269,5475
5269,938
5269,6955
5269,1717
5269,2886
5269,19926
5269,16112
5269,17307
858,15597
858,5337
858,5228
858,3845
858,15759
858,13513
5759,17033
5690,5666
5690,3445
5690,16642
5690,7060
5690,15602
5690,11744
5690,12614
5690,8355
5690,13263
5690,5143
5690,9022
5690,6410
5690,7179
5690,16261
5690,775
5690,7321
5690,6522
5690,16996
5690,13034
1168,3058
1168,18445
1168,8737
1168,5094
1168,681
1168,9274
1168,17833
1168,14516
1168,8824
1168,7053
1168,11945
1168,9084
1168,6806
1168,10526
1168,17320
1168,15498
1168,12799
1168,9174
1168,15989
1168,6578
1168,11428
1168,18814
1168,1137
5837,14947
5837,19372
5837,14089
5837,3169
5837,358
5837,10947
5837,9906
5837,8686
5837,19498
5837,11573
5837,16468
5837,6003
5837,14412
2291,17568
2291,17828
2291,4113
2291,8364
2291,19879
2291,19249
1403,5645
1403,9200
1403,5266
1403,6700
1403,5264
1403,2364
1403,18480
1403,18430
1403,16412
1403,4241
1403,7765
1403,19391
9913,6450
9913,10248
9913,11588
9913,5690
9913,3822
9913,15915
9913,6061
9913,18939
9913,16327
9913,11770
9913,2504
9913,11692
9913,14426
9913,1228
9913,8306
9913,9884
9913,1449
5153,15252
5153,7685
5153,18176
5153,19605
5153,9951
5153,16018
5153,7835
5153,13524
5153,17093
5153,5213
5153,6196
5153,4256
5153,19236
5153,834
5153,745
5153,632
5153,3159
5153,17090
5153,15414
5153,5560
5153,6311
919,6314
919,8534
919,17501
919,1146
919,20303
919,10513
919,14718
919,11815
919,8009
919,4018
919,11185
919,12460
919,8431
919,1240
919,3543
919,1682
919,2526
919,3306
919,8855
919,3656
919,7156
919,1797
919,6939
919,2762
919,3879
7908,3507
7908,8277
7908,8422
7908,13013
7908,19289
7908,7981
7908,2593
7908,14231
7908,4749
7908,17400
7908,15707
7908,8128
7908,5427
7908,19238
7908,2956
7908,11660
7908,2422
7908,17407
7908,16230
7908,18822
7908,3643
7908,13767
7908,12081
7908,915
7908,19944
7908,4211
7908,17337
7908,1705
7908,17036
7908,8457
7908,13900
7908,18962
7908,18893
7908,15472
7908,14907
7908,3800
4846,7421
4846,19981
4846,2001
4846,14927
4846,16
4846,7680
4846,3622
4846,11291
4846,11964
170,12871
170,4782
170,17379
170,10339
170,18827
170,17245
170,14797
170,14159
170,14129
170,13788
64,14580
64,4868
64,2238
64,4683
64,19591
64,3590
64,754
64,11806
64,4641
64,18929
64,7169
64,15481
64,10483
64,1528
64,7295
64,11461
64,9354
64,10638
64,18033
64,6641
64,188
64,14531
64,14382
64,13058
64,824
64,18205
64,15866
64,2491
64,17889
64,11936
64,11765
64,10434
64,11871
64,7171
64,1687
64,4001
64,16569
64,2916
64,16700
64,17738
64,12163
64,1455
64,2819
64,10713
64,18234
64,10647
64,16063
64,6572
64,19358
64,15039
64,3722
64,5627
64,1402
64,16310
64,12892
64,15862
64,10206
64,6764
64,10664
64,12994
64,1756
64,16307
64,18567
64,18647
64,10695
64,474
64,7026
64,13922
64,14702
64,19632
64,16931
64,3489
64,4445
64,11254
64,11636
64,1986
64,630
64,14859
64,10412
64,7027
64,4502
64,6556
64,17686
64,2376
64,15144
64,19146
64,7112
64,6676
64,1328
64,9089
64,12897
64,18605
64,13677
64,13360
64,74
64,14134
64,11962
64,8342
64,11210
64,10581
64,14622
64,16095
64,16249
64,8477
64,7038
64,13915
64,5535
64,12955
64,4633
64,11262
64,12001
64,455
64,16217
64,4527
64,7771
64,8077
64,1405
64,8031
64,6829
64,11101
64,19697
64,11980
64,15478
64,18620
64,18598
2721,10535
7755,16849
7755,2718
7755,462
7755,10225
7755,13639
7755,7533
7755,10472
7755,17906
7755,7739
7755,16450
7755,18128
156,5303
156,2813
156,2777
156,19157
156,18070
156,2489
156,14763
156,12826
156,15961
156,17263
156,6779
156,17528
156,6630
156,6202
5229,6239
5229,2931
5229,12720
5229,8134
5229,17143
5229,15457
5229,8086
5229,12302
5229,11689
4895,346
4895,4767
4895,4467
4895,15950
4895,4609
4895,11560
4895,6999
4895,7890
8583,6835
2229,13666
2229,1214
2229,8262
2229,3646
2229,11851
2229,3476
2229,15854
2229,14776
2229,13765
2229,8993
2229,7348
2229,14552
3595,3769
983,16133
983,18591
983,203
983,18618
983,17969
983,2812
983,17355
983,16922
983,17072
2866,17951
2866,18931
2866,19193
2866,17999
2866,16251
2866,18825
2866,16250
2866,13822
2866,11539
2866,5162
2866,11156
2866,16477
2866,13967
2866,5059
3128,7501
9640,18090
9640,1317
9640,17063
9640,9870
9640,6001
9640,9496
9640,13947
9640,8948
9640,18459
9640,1338
9640,181
9640,5562
2860,18936
2860,3517
2860,9577
7426,4386
7426,11836
7426,4105
7426,10980
7426,14700
7426,20290
7426,11597
7426,17222
7426,15941
7426,4506
4312,11325
5174,7985
1301,9881
9838,19913
9838,280
9838,15357
9838,17034
9838,8294
9838,3006
9838,19885
9838,16050
9838,6220
9838,5702
9838,14179
9838,9668
9838,18203
9838,4884
9838,14294
9932,9063
9932,3363
9932,8040
9932,11345
5382,9243
5382,7067
9330,16885
9330,15731
9330,18688
9330,8244
9330,12457
9330,3301
9330,15668
9330,10915
9330,8785
9330,3162
9330,2077
9330,17948
9330,4849
9330,6285
9330,13239
9330,13023
4972,6053
4972,8083
4972,15762
4972,6094
4972,3642
4972,14737
4972,15802
4972,14336
4972,4573
4972,4520
4972,15184
4432,18271
4432,11516
4432,3090
4432,5682
4432,14592
4432,13056
4432,17606
4432,15282
4432,4380
344,14379
344,18619
344,2342
344,10597
344,12142
344,15732
344,8033
344,8235
344,7128
344,15510
344,3190
344,7797
5066,10764
5066,14190
5066,16940
5066,4669
5066,4057
5066,3730
5066,18161
5066,3815
5553,7996
4597,4848
4597,17586
4597,13630
4597,14952
4597,6762
4597,16321
4597,3502
4597,8583
4597,13572
4597,17866
4597,12652
4597,11193
4597,17618
7002,1368
7002,9421
7002,16077
7002,16436
7002,8787
7002,18392
7002,17814
7002,13834
7002,11894
7002,7730
7002,19890
7002,11530
7002,18056
7002,10471
7002,619
7002,11564
7002,2879
7002,14900
7002,13463
7002,6591
7002,17383
7002,1381
7002,3328
7002,14401
7002,11359
7002,15333
7002,19893
7002,4460
7002,6978
7002,10865
7002,10767
7002,13858
7002,15234
7002,9958
7002,2407
7002,8637
7002,7611
7002,14026
7002,3367
7002,17612
7002,3781
7002,17441
7002,2409
7002,14293
7002,7652
7002,12227
7002,4774
7002,8754
4491,11427
4491,15154
4491,5067
4491,936
4491,4042
4491,11535
4491,18404
4491,17015
4491,11859
4491,16853
4491,6208
4491,13674
4491,9990
4491,13843
4491,3207
4491,13046
4491,3702
4491,18157
4491,10575
4491,6947
4491,18776
4491,1711
4491,12798
4491,663
4491,13912
4491,18677
4491,19818
4491,9806
4491,9466
4491,14957
4491,7673
4491,9298
4491,19940
4491,5070
4491,13171
4491,6142
4491,2436
4491,15586
4491,15160
4491,6338
4491,16848
4491,16502
4491,1992
4491,16703
4491,17517
4491,10696
4491,15545
4491,7361
4491,14591
4491,15364
4491,8646
4491,10909
4491,3568
4491,19956
4491,5401
4491,5105
4491,15589
4491,5157
4491,17548
4491,11052
4491,13669
4491,12069
4491,14858
4491,8099
4491,15552
4491,18151
4491,9639
4491,16596
4491,12327
4491,1918
4491,4051
4491,16288
4491,9897
4491,12218
4491,17553
4491,14218
4491,4134
4491,672
4491,5033
4491,16869
4491,9949
4491,15881
4491,4730
4491,10484
4491,5095
4491,8841
4491,17145
4491,7833
4491,17205
4491,10994
4491,6452
4491,8488
4491,16921
4491,7810
4491,2576
4491,11616
4491,7096
4491,10525
4491,4170
4491,20604
1432,5671
1432,10670
1432,12441
1432,7306
1432,1544
1432,15590
1432,19606
1432,8926
1432,15321
1432,7959
1432,2095
1432,8833
1432,6378
1432,11279
1432,5052
7348,17859
7348,14488
7348,8942
7348,2930
7348,4408
7348,18063
7348,425
7348,18582
7348,14480
7348,14147
7348,4201
7348,18766
7348,16937
7348,9392
7348,7393
7348,16248
7348,12526
7348,1437
4948,12975
4948,11583
4948,9122
4948,18073
4948,12515
4948,17915
4948,11453
4948,18093
4948,15520
4948,14890
4948,402
4948,6544
8552,220
4106,10791
4106,9819
4106,2574
4106,6108
4106,10377
4106,5397
7307,529
7307,7356
7307,16748
7307,6896
7307,6305
7307,2968
7307,18918
7307,17865
7307,18872
7307,1583
7307,5182
7307,9406
7307,829
7307,4564
7307,2655
7307,2957
7307,17717
7307,11103
7307,13111
2424,17838
2424,15058
2424,6385
2424,17518
2424,6388
2424,9879
2424,12122
2424,14405
2424,15582
2424,6483
189,16641
189,18616
189,10061
189,8254
189,115
189,2
189,6723
189,5144
189,13017
189,13318
189,5725
189,11747
189,12435
189,560
189,10922
189,4764
189,11424
189,8073
189,10932
189,10154
189,14334
189,6377
6153,10712
6153,14358
6153,3200
6153,19342
9551,17128
9551,14562
9551,9234
9551,4702
9551,5207
9551,3509
9551,10209
9551,5781
9551,13903
9551,4101
9551,1495
9551,7596
9551,17475
9551,1715
9551,9061
9551,274
9551,1774
7657,10142
7657,14252
7657,13529
7657,4804
7657,7265
7657,15477
7657,6408
7657,15917
6564,18987
6564,16445
6564,17724
6564,10733
6564,2258
6564,8791
6564,16323
6564,5062
7583,12
7583,17358
7583,13136
7583,106
7583,9090
7583,267
7583,12686
8859,19019
8859,2170
8859,17631
8859,14257
8859,4982
8859,11490
8859,9060
8859,8819
8859,7101
8859,13287
8859,7671
8859,3134
8859,13373
6365,17731
6365,3226
6365,9483
6365,14238
6365,13804
6365,5424
6365,5708
6365,18191
6365,8305
6365,13166
6365,8415
6365,12186
4172,5046
5237,4396
9951,9820
9951,6084
9951,7141
9951,15094
9951,4015
9951,12583
9951,7411
9951,10503
9951,10118
9951,4128
9951,3326
9951,14835
898,7056
898,7937
898,3129
898,15012
898,3965
898,158
898,11605
898,5700
898,18888
898,4108
898,6582
898,6005
898,4644
898,6543
898,19789
898,1414
7971,9816
7971,8812
7971,19
7971,11755
7971,5315
7971,5622
7971,14258
7971,8436
7971,7850
7971,4415
7971,14439
7971,5196
7971,16236
7971,8977
7971,5814
7971,15905
7971,12070
2790,11395
2790,3317
2790,4690
2790,10697
2790,8007
2790,14975
2790,16418
2790,19134
2790,13517
2790,8968
2790,14085
2790,3920
2790,18334
2790,13218
169,13694
6282,6122
2901,8362
2901,8627
2901,12567
2901,14925
2901,15865
2901,11126
2901,18491
2901,9008
2901,660
2901,6844
2901,16353
2901,18419
2901,1905
2901,3782
2901,13673
2901,9012
2901,10856
2901,14477
2901,17154
2901,18612
2901,19279
2901,17557
8356,6375
8356,16731
8356,15568
8356,14457
8356,16827
8356,14663
8356,15863
8356,4946
8356,4795
8356,591
1103,513
6040,19570
6040,18280
6040,11756
6040,4341
6040,18317
6040,14752
8661,11719
8661,19583
8661,16030
3052,14425
3157,9940
3157,8474
3157,16295
3157,2619
3157,19274
3157,6380
3157,19580
3157,6210
3157,10441
3157,9638
6412,13322
6412,13807
6412,4332
6412,1017
6412,14792
6412,1874
6412,14940
6412,16694
6412,12731
5436,14822
4561,17018
4561,1610
4561,1491
4561,3357
4561,14216
4561,305
4561,15096
4561,16265
4561,8229
4561,6698
4561,11366
4561,18915
4561,12090
4561,15561
4561,18975
4561,783
4561,5328
4561,2414
4561,5454
4561,15551
4561,11241
4561,6308
4561,8648
4561,7136
4561,4953
4561,2590
124,10104
124,17405
124,4029
124,4715
124,9071
124,5976
124,4558
124,4516
124,6269
124,8021
124,18644
124,1849
124,5189
124,12922
124,15521
124,9882
124,14862
124,10868
124,11355
124,3140
124,2358
124,5055
124,10806
124,16111
124,17146
124,16075
124,15049
124,8398
124,19451
124,16671
124,14076
124,14072
124,15274
124,4424
124,5559
124,8215
124,13394
124,1158
124,2825
124,10818
124,6713
124,19934
124,15576
124,9139
124,8536
124,15813
124,18607
124,10717
124,299
124,4942
124,13609
124,20505
124,14810
124,7338
124,14301
124,117
124,15744
124,16735
124,9300
124,13232
124,12694
124,19418
124,11916
124,17560
124,7912
124,10047
124,990
124,14712
124,2502
124,8358
124,11911
124,15378
124,1894
124,18003
124,1732
124,4374
124,13065
124,13237
124,3115
124,12444
124,19781
124,19552
124,13299
124,14572
124,18740
124,354
124,17460
124,15733
124,3579
124,3670
124,1323
124,5498
124,2469
124,7175
9872,14394
9872,4222
9872,5784
9872,8736
9872,268
9872,17176
9872,1956
9872,7489
9872,14150
9872,13838
9872,7609
9872,11686
9872,16730
9872,4530
9872,14812
9872,1908
9872,19678
5935,2032
7235,14784
7235,11458
7235,11184
7235,1395
7235,17483
7235,8085
7235,3057
7235,14658
7235,15869
7235,19936
7235,1943
7235,1100
6076,2440
6076,13262
6076,17357
6076,5324
6076,2389
6076,6805
6076,4667
6076,14005
6076,16040
6076,8502
6076,13367
8618,4788
8618,15706
8618,1252
8618,16946
8618,5948
8618,16948
8618,11289
8618,11367
8618,9662
8618,6430
8618,8921
8618,3584
8618,8860
8618,12597
8618,3294
8618,19599
8618,18095
8618,10282
8618,10876
8618,11712
8618,2461
8618,9480
8618,13771
8618,9401
8618,1448
8618,12856
8618,6915
8618,10811
8618,14313
8618,18695
8618,48
8618,19659
8618,11444
8618,18081
8618,15122
8618,11603
8618,5262
2870,17706
2870,3350
2870,4285
2870,10218
2870,19102
2870,15061
7887,11042
7887,2876
7887,98
7887,8263
7887,17707
7887,7892
7887,17328
7887,5768
7887,10723
2019,511
2019,431
2019,14514
2019,14064
2019,4534
2019,5580
2019,19491
2019,19316
2019,9873
1731,5342
1731,9282
1731,11333
1731,1297
1731,5610
1731,8052
1731,11243
1731,9817
1731,11485
1731,3155
1731,4543
1731,8225
9484,2008
9484,16552
9484,11874
9484,10237
9484,19912
9484,12004
9484,10367
9484,18878
9484,15136
9484,179
9484,28
9484,11680
6360,12127
6360,13992
6360,5414
6360,17981
6360,9241
6360,9476
6360,5540
6360,7072
6360,2132
6360,1307
6360,1379
6360,16036
6578,18012
6578,6506
6578,10642
6578,817
6578,9743
6578,537
6578,1055
6578,6750
6578,17466
6578,3806
6578,10568
6578,10595
6578,6690
6578,1982
6578,11271
6578,10310
6578,16210
6578,5581
6578,15028
6578,19905
9513,9826
5219,4496
5219,2404
5219,10895
5219,16978
5219,9839
5219,691
5219,5759
5219,17126
5219,11710
5219,3871
8031,6858
8031,17832
8031,3839
8031,2995
8031,13049
8031,6030
8671,15770
3851,13405
3851,644
3851,18853
3851,13623
3851,18115
3851,10227
3851,9641
3851,9965
3851,14549
3851,9481
3851,5440
3851,10521
3851,11817
3851,988
6703,19954
6703,7219
6703,1404
6703,4375
6703,12018
6703,17161
6703,11361
1202,15156
1202,14098
1202,2896
1202,1288
1202,18476
1202,1944
1202,1512
1202,15415
1202,14771
1202,7273
1202,15638
1202,1662
1202,16065
1202,13818
1202,19662
1202,8194
1202,4143
1202,9452
1202,15484
1202,13480
1202,10906
5853,5173
5853,18891
5853,2511
5853,19795
5853,14830
5853,17530
5853,4883
5853,15610
5853,7058
5853,917
5853,16263
5853,1238
9827,15516
9827,8988
9827,2390
9827,2291
9827,7693
9827,16608
9827,19352
9827,2978
9827,10410
9827,5819
9827,10996
9827,11232
9827,348
9827,14892
9827,6281
9827,13189
9827,1409
9827,13642
9827,8768
9827,5474
9827,18795
9827,14875
9827,11489
9827,11014
9827,14276
9827,2251
9827,1116
9827,16080
9827,11118
1337,9934
1337,3019
1337,10984
1337,146
1337,13736
1337,7585
1337,11963
1337,10735
1337,3399
1337,9208
1337,9155
1337,16805
1337,19177
1337,17786
8548,473
1392,895
1392,8717
1392,10850
1392,15543
1392,11285
51,2123
51,17207
51,11865
51,11687
51,7936
51,9124
51,14290
4928,10121
4928,12077
4928,12050
4928,2024
4928,19701
4928,1089
4928,17021
4928,7875
4928,12336
4928,17746
4928,533
4928,13152
4928,7654
4368,8070
4368,4916
4368,123
4368,4039
4368,8249
4368,12385
4368,19586
4368,2709
4368,3232
4368,12700
4368,16286
4368,732
4368,12159
4368,12569
4368,5149
4368,611
3460,3631
3460,10231
3460,14766
3460,10985
3460,4299
4735,12150
5169,15530
4297,9986
4297,645
4297,9273
4297,10624
4297,19489
4297,17540
4297,13143
4297,9018
4297,11743
4297,6462
4297,11917
4297,7030
4297,15655
4297,9153
4297,6908
5094,15178
5094,1239
5094,6496
5094,15764
5094,15765
5094,5631
5094,6701
5094,3954
5094,11552
5094,17735
5094,3473
5094,5126
5094,18817
5094,9305
5094,19086
5094,17771
5094,8738
5800,4224
5800,8869
5800,2457
5800,14039
5800,11850
5800,571
5800,12116
5800,8526
5800,12398
5800,18843
528,7543
528,20460
528,18839
528,12179
528,10165
528,12152
528,8307
528,6067
528,1117
528,18716
528,5289
7581,19365
7581,11335
7581,11085
7581,390
7581,17308
7581,16778
7581,12490
9627,6129
9627,15646
9627,16433
9627,7482
9627,17099
9627,10324
1777,14049
4340,19141
4340,17759
4340,1106
4340,12293
4340,7139
4340,11158
4340,14234
4340,15605
4340,12329
4340,18981
4340,16382
916,751
916,10751
916,15814
916,16428
916,1960
916,4370
916,9582
916,1292
916,3676
916,975
916,2927
916,3575
8674,13709
8674,13962
8674,10666
8674,3395
8674,15229
8674,3371
8674,10890
8674,493
8674,8672
8674,11538
5381,5080
5381,3391
5381,18024
5381,14289
5381,18153
5381,14798
5381,14994
5381,13064
5381,13227
5381,19145
5381,12251
3911,12854
4356,12038
7555,10708
7555,2932
7555,2207
7555,3447
9037,14606
3362,6303
3362,8460
3362,13690
3362,17420
3362,12618
3362,4878
3362,2311
3362,15358
3362,11558
3362,2106
3362,10460
3362,19546
3362,5872
3362,6091
7301,7812
7301,14170
7301,11222
7301,6428
7301,19364
7301,5949
7301,16011
7301,12734
7301,2810
7301,4409
7301,7899
7301,18964
7301,1724
7301,2676
7301,2454
2352,16551
2352,2111
2352,7009
2352,16723
2352,3941
2352,1284
2352,13445
2352,11814
2352,7099
2352,18074
2352,5115
2352,10516
2352,18072
2352,12803
2352,12764
2352,9661
2352,14634
2352,8181
2352,10627
2352,14928
2352,5984
5476,15308
1071,16979
1071,17720
1071,7849
1071,1962
1071,13040
1071,4862
1071,33
1071,10743
1071,5883
1071,17148
1071,17972
7073,8093
7073,19829
7073,17200
7073,16035
7073,19596
7073,12401
7073,17292
7073,16500
7073,19065
7073,20606
7073,10297
7073,9272
7073,9002
7073,677
7073,9709
7595,1653
7595,3255
7595,8078
7595,7802
7595,12098
7595,11550
7595,19644
7595,5598
7595,3396
7595,2193
7595,8834
7595,15853
7595,3630
7595,7866
7595,7679
7595,3786
7595,9615
7595,19674
7595,18417
7595,14596
7595,14533
7595,19628
7595,11024
7595,7770
7595,746
7595,12603
7595,709
7595,15247
7595,11404
7595,8587
3517,11208
3517,17416
3517,11430
3517,8949
3517,7135
3517,5232
3517,12639
3517,15998
3517,1347
3517,1120
3517,19687
3517,4322
3517,10167
3517,3272
3517,14519
3517,6604
3517,13884
3517,16486
3517,4345
3517,12967
3517,9130
3517,17297
3517,3013
3517,1019
2418,11220
2418,15718
2418,16495
2418,1718
2418,15743
2418,3591
2418,9972
2418,9477
2418,18904
2418,10109
2418,11659
2418,17057
5600,12695
5600,14354
5600,15882
5600,8280
5600,13216
5600,1619
5600,4698
5600,14597
3781,19244
3781,8261
3781,3617
3781,14253
3781,6615
3781,7224
7846,12918
2501,9959
7679,12838
9232,10188
9232,16802
9232,9459
9232,12961
9232,1592
9232,6100
9232,6033
9232,6289
9232,18657
9232,5908
5745,7795
5745,6983
5745,779
5745,10224
5745,14361
5745,2790
5745,8176
1199,5366
1199,4005
1199,2215
1199,14100
1199,10518
1199,6845
1199,7435
1199,4327
1199,19417
1199,3029
1199,108
1199,18077
1199,659
384,574
6060,6039
6855,11542
6855,215
6855,3313
6855,17341
6855,16893
6855,16465
6855,15856
6855,17503
6855,3008
6855,9808
6855,6310
6855,15885
6855,4645
6855,14589
6855,819
6855,6761
6855,10643
6855,12058
6855,15849
6855,17081
6855,3284
6855,2411
6855,16134
6855,1488
6855,2345
6855,458
6855,9112
6855,40
6855,6242
5164,607
5164,15689
5164,866
5164,18359
5164,19889
5164,9039
5164,9647
5164,5056
5164,13376
5164,7423
5164,19044
5164,17596
5164,5125
5164,18889
5164,1217
5164,2966
5164,10942
5164,15918
5164,7806
8543,17564
8543,15978
8543,11139
8543,18134
8543,2119
8543,6964
8543,17074
8543,10185
8543,14230
8543,9658
8543,18042
8543,9930
3411,3474
3411,12727
3411,592
3411,6451
3411,11630
3411,17095
3411,12661
3411,19382
3411,12314
3411,1499
3411,5243
3411,13037
3411,6550
3411,7465
3984,12231
3984,17089
3984,20393
3984,14733
3984,5135
3984,331
3984,12298
3984,12034
3984,19139
3984,4791
3984,7317
3984,9000
3984,5689
9525,18509
9525,6374
9525,11826
9525,2079
9525,6493
9525,3215
9525,6457
9525,12096
9525,17552
5754,18484
5629,1649
5893,1256
5893,11445
5893,18664
5893,19594
5893,18862
5893,7655
5893,16483
5893,19473
1304,5496
233,8972
233,12014
233,11784
233,5919
233,11213
233,19860
233,14715
776,14322
776,11670
776,5258
776,17726
776,12023
776,18789
776,15492
776,12071
776,8875
776,3227
776,10486
7689,4231
7689,6414
7689,13003
7689,3544
4977,12291
4977,8729
4977,3492
4977,8802
4977,12286
4977,17392
4977,17912
4977,886
4977,6623
4977,6616
9399,1989
9399,2592
9399,15506
9399,15659
9399,930
9399,497
9399,4800
9399,18385
9399,19260
9399,18357
9399,12506
9399,9741
9399,12369
4545,16001
4545,9773
4545,19802
8676,11537
8676,9979
8676,15107
8676,19785
8676,1966
8676,13047
8676,14006
8676,9412
8676,15613
6473,15033
6473,13692
6473,3407
6473,15783
6473,19517
6473,2206
6473,3801
6473,2652
6473,16820
5221,10564
7482,11007
7482,715
7482,15078
7482,14621
7482,18391
6409,18378
6409,7642
6409,236
6409,12282
6409,11446
6409,17543
6409,13649
6409,4627
6409,7011
6409,1671
6409,15614
6409,11500
6409,16774
6409,10783
6409,1668
6409,7521
6409,6857
6409,5694
6409,11093
4537,4775
4537,4050
4537,7933
4537,10475
4537,1343
4537,1092
4537,8861
4537,17267
4537,10770
4537,4654
4537,4098
4537,12232
4537,3122
4537,3312
1128,13591
1128,8630
1128,10301
1128,725
1128,8597
1128,3182
1128,8571
1128,2911
1128,11423
1128,1367
1128,6472
1128,9620
1128,2683
1128,4120
1128,17433
1128,5216
1128,20265
1128,8491
1128,15391
1128,1487
1128,3548
1128,8368
1128,15851
1128,16237
1128,5563
1128,4086
1128,809
1128,15812
1128,13965
1128,8005
1128,13895
1128,12156
1128,1879
1128,19660
1128,19302
1128,4284
2595,14844
4936,16838
4936,19682
4936,15206
4936,17645
4936,15683
4936,4351
4936,3324
4936,12606
4936,14795
4936,13089
4936,2771
4936,4833
4936,4140
4936,14599
4936,484
4936,9205
4936,13039
4936,13147
6734,1301
6734,4584
6734,11192
6734,335
6734,13727
6734,18330
6734,4161
6734,2850
6734,5744
6734,661
8271,3838
8271,11124
8271,18535
8271,4169
8271,369
8271,15792
8271,1623
8271,19165
8271,4127
1064,9395
1064,3923
1064,11930
1064,6518
1064,16000
1064,111
1064,12140
1064,8671
1064,2179
1064,8154
1064,12772
1064,10446
1064,9745
1064,18000
1064,12434
1064,18197
1064,7756
1064,10031
1064,5422
1064,1971
1064,2942
1064,8383
1064,10545
1064,8556
1064,10517
1064,19403
1064,3647
1064,12914
1064,12775
1064,18874
1064,4041
1064,7201
1064,3746
1064,13977
5562,15622
5562,10880
5562,9335
5562,2156
5562,19859
5562,19288
4816,10243
4816,2442
4816,10456
4816,4193
2175,8486
2175,6968
2175,17742
2175,1316
2175,14615
2175,5069
2175,17427
2175,9813
2175,10168
2175,14432
2175,12735
2175,19158
2175,9517
2175,5298
2175,9664
7184,2408
7184,14553
7184,19243
7184,12043
7184,19730
7184,19246
7184,7376
7184,6589
7184,14187
7184,524
9031,2134
9031,9434
9031,16879
9031,13364
9031,14720
9031,9953
9031,8140
4200,12386
4200,15703
4200,5428
4200,11369
4200,9043
4200,8039
4200,13780
2919,9157
1521,16698
1521,2880
1521,6586
1521,10390
1521,5556
1521,5316
1521,18107
1521,19328
1521,18670
2602,11970
5737,2716
5737,12486
5737,7209
5737,3682
2439,6297
2439,7574
2439,14836
2439,10081
2439,2424
2439,4103
2439,11006
2439,4634
2439,10306
8490,11025
1610,17882
1610,13577
1610,2192
1610,3052
1610,3905
7674,5174
2168,8618
2168,11238
2168,10482
2168,16550
2168,10290
9670,19898
9670,4701
9670,10699
9670,15116
9670,7358
9670,4340
9670,16936
9670,1431
9670,5360
9670,11152
9670,6681
9670,1953
9670,1924
9670,16507
9670,1141
9670,4679
9670,12630
3269,18278
3269,2999
3269,10052
3269,4793
3269,4121
3269,12019
3269,9700
3269,14074
3269,1974
3242,812
8118,3206
8118,182
8118,17962
8118,530
8118,4910
8118,6184
8118,19376
8118,18589
8118,12711
8118,8721
8118,16161
8118,6624
8118,10709
8118,5576
8170,11292
8170,4603
8170,2537
8170,4722
8170,17595
8170,10790
8170,450
8170,17406
596,19127
596,9171
596,11258
596,12307
596,16947
596,18747
596,16584
596,1047
596,8449
596,11561
596,3738
596,7508
596,9670
596,6433
1501,924
1501,8190
1501,16272
1501,13428
1501,8482
1501,16052
1501,8365
1501,2110
1501,6846
1501,5658
3623,16012
3623,15620
3623,6328
3623,18054
3623,3633
3623,11018
3623,8314
3623,9072
3623,15026
3623,8053
3623,18513
2741,2622
1868,13545
1868,410
1868,14550
1868,11190
1868,4768
1868,12221
1868,7916
1868,5124
5223,12285
5223,6066
5223,9027
5223,1143
5223,6754
5223,13625
5223,18331
5223,15384
5223,12518
5223,15567
7928,10350
7928,8748
7928,8304
7928,5780
7928,17375
7928,2596
7928,1472
7928,4172
7928,1663
7928,1930
1352,15227
1352,12948
1352,3458
1352,14097
1352,6642
1352,12471
1352,10598
1352,2151
1352,16788
1352,10365
1352,19051
1352,1415
1352,3256
1352,16268
1352,18123
6755,10336
6755,12767
6755,15288
6755,12904
6755,2842
6755,20479
6755,14980
6755,17960
6755,8133
6755,5834
6755,17667
4664,1378
4664,5259
4664,12160
4664,2254
4664,6165
4664,14012
4664,9892
4664,2992
4664,5846
4664,2783
4664,8311
4664,13961
4664,3084
4664,1761
4664,1170
6720,11960
447,13732
447,11555
447,11057
9537,8984
9537,6657
9537,13576
9537,13413
9537,19528
9537,13660
4744,5362
4744,13914
4744,16610
4744,16141
4744,14662
4744,11358
4744,19763
4744,8278
4744,16549
4744,3080
4744,13225
4744,9939
4554,5735
4554,18078
4554,7496
4554,8432
4554,10071
4554,19553
4554,12663
4554,2427
4554,16002
4554,3263
4712,17219
4712,1789
4712,16846
4712,1139
4712,1780
4712,6237
4712,12712
4712,5570
4712,758
4712,9436
4712,771
4712,19016
4712,1695
4712,3706
4712,1263
4712,8324
4712,5142
4712,12724
4712,18466
4712,18350
4712,15871
4712,5914
4712,6811
4712,8198
4712,16334
4712,6614
4712,16405
2131,2981
2131,5494
2131,8217
2131,6231
2131,12031
2131,7735
2131,15475
2131,1538
2131,15179
2131,1911
2131,1450
2131,6381
2131,11105
8009,11586
8009,5826
8009,12669
8009,16074
8009,6436
8009,5314
8009,2536
8009,8214
8009,18238
8009,7172
8009,13371
8009,1025
8009,10808
8009,19658
5973,9855
5973,19057
5973,11275
5973,1314
5973,14056
5973,14229
5973,14069
5973,20216
5973,481
5973,5753
5973,1909
5973,5541
8267,8384
8267,6828
8267,11626
8267,18221
8267,961
8267,8606
8267,793
8267,16008
8267,14919
8267,9266
8267,14756
8267,2167
8267,1975
8267,12578
3116,801
3116,12274
3116,8831
3116,7008
3116,14149
3116,15491
3116,10693
3116,555
3116,124
3116,6920
3116,4524
3116,1496
3116,14355
3116,18486
3116,12995
3116,281
3116,18699
3116,15235
3116,13022
3116,3293
4501,15487
4501,328
4501,15699
4501,3616
4501,17097
3835,4986
3835,3300
3835,16130
3835,18900
3835,19578
3835,10807
3835,13567
3835,13643
3835,10097
3835,16439
1689,4421
1689,10172
1689,3148
8051,1243
8051,3811
8051,7865
8051,15541
8051,17610
8051,19700
7751,13964
7751,7388
7751,10929
7751,17010
7751,17111
7751,9530
7751,10308
7751,7063
7751,18593
7751,19422
7751,16303
7751,5699
7751,6459
7751,15566
7751,1006
9568,6302
9568,5211
9568,5111
9568,4694
9568,7405
9568,15034
9568,11789
9568,19010
9568,13582
9568,10796
9568,17356
9568,3074
9568,5291
9568,7513
9568,416
9568,8420
9568,17820
9568,11464
3189,10963
3189,5890
3189,3573
3189,399
3189,8726
5784,15975
5784,1087
5784,16595
5784,18149
5784,11340
5784,16048
5784,2714
5784,2787
3744,4510
3744,6950
3744,4236
3744,14317
3744,13711
3744,6322
3744,8172
3744,14082
3744,14295
3744,1586
3744,7040
3744,12316
3744,7105
3744,7346
3744,6058
3744,3918
3744,16322
3744,17468
3744,17965
3744,212
3744,14711
3744,18041
3744,15187
3744,10734
3744,23
3744,13810
3744,15404
3744,7764
3744,3199
3744,14215
3744,8470
3744,16719
3744,14091
3744,12097
3744,5944
3744,17452
3744,5387
3744,7714
3744,17665
3744,546
3744,14101
3744,2337
3744,6478
3744,18685
3744,983
3744,992
3744,18652
3744,19919
3744,9616
3744,11600
1123,8408
1123,287
1123,10186
1123,4592
1123,9303
1123,18547
1123,388
1123,3069
1123,6772
1123,7749
5748,1309
5748,4511
5748,2859
5748,10429
5748,19030
5748,11179
5748,15873
2924,19309
6661,1225
6661,1537
6661,9383
6661,5370
6661,3992
6661,1748
6661,10223
6661,5851
6661,2817
6661,12395
6661,19241
6661,11906
6661,1403
6661,14333
6661,4714
6661,19694
6661,7039
6661,16182
6661,10694
6661,5435
6661,15380
6661,12456
6661,8558
6661,11995
6661,4388
6661,18034
6661,6132
6661,17179
6661,18923
6661,19479
6661,12450
6661,18339
6661,6421
6661,12587
6661,11845
6661,2605
6661,11958
6661,12012
6661,19295
6661,16455
6661,15108
6661,4583
6661,13607
6661,451
6661,10508
6661,2464
6661,2185
6661,773
6661,9790
6661,10216
6661,3681
6661,18246
6661,16247
6661,1976
6661,12162
6661,6571
6661,6727
6661,17461
6661,2506
6661,18165
6661,2579
6661,17883
6661,3497
6661,9703
6661,12852
6661,4347
6661,12339
6661,18451
6661,19723
6661,13511
6661,150
6661,2868
6661,16626
6661,19911
6661,7522
6661,2778
6661,15220
6661,3385
6661,18705
6661,14186
6661,10050
6661,18306
6661,7769
7379,17372
7379,16392
7379,12547
7379,1501
7379,9284
7379,6356
7379,4474
7379,13329
7379,14842
7379,2650
7379,7674
7379,2395
6203,13125
6203,17218
6203,12988
6203,3600
6203,19003
6203,7878
6203,16796
6203,9296
6203,5263
6203,6696
6203,13029
32,8116
32,7086
32,15375
32,5995
32,9863
32,3634
32,14123
32,6831
32,6155
32,16081
32,10276
32,4719
9964,7923
9964,157
9964,14843
9964,1506
3810,8257
3810,12703
3810,14466
3810,14359
3810,13453
3810,7910
8684,6665
8684,9235
8684,3971
8684,13238
8684,2113
8684,13889
8684,11785
8684,5823
8684,14993
8684,20012
8684,4546
8991,16025
8991,2689
8991,19132
8991,16308
8991,6861
8991,939
8991,8320
8991,17251
8991,16454
8991,18363
4208,18136
4208,1406
4208,15471
4208,3659
4208,3383
4208,13336
4208,17516
4208,10841
4208,14998
4208,8322
4208,9214
4208,196
4208,4625
4208,6488
4208,15577
4208,2327
4208,5444
4208,17324
4208,18293
4208,11846
4208,18261
4208,3397
4208,18354
4208,20289
4208,5161
4208,6249
4208,16752
4208,12037
4208,12328
4208,18899
6990,12311
927,14504
2329,2477
2329,11885
2329,8862
2329,870
2329,18001
2722,18743
2722,5970
2722,2815
2722,6323
2722,14475
2722,4418
2722,6725
2722,351
2722,16545
2722,18753
2722,14267
2722,14839
2722,11919
2722,5917
2722,17758
2722,12270
2722,404
2722,11511
2722,4062
2722,12213
2722,3311
2722,1490
2722,11466
2722,8766
2722,18710
7328,9465
7328,16768
7328,14647
7328,12513
7328,6766
7328,17719
7328,11909
7328,4890
7328,11039
7328,15132
7328,6994
7328,9098
7328,13980
7328,15761
9011,103
9011,10428
9011,6732
9011,15322
9011,2546
9011,9319
9011,11676
9011,14951
9011,12811
9011,6868
9011,15562
9011,152
3073,19675
3073,16776
3073,17083
3073,5618
3073,17768
3073,1280
3073,9199
3073,13300
3073,864
3073,1081
3073,12527
3073,9998
5298,13783
5298,13387
5298,14801
5298,13592
5298,16741
5298,7274
5298,3337
5298,1466
5298,15449
5298,175
5298,8343
2447,10613
2447,10014
2447,16910
2447,12785
2447,18050
2447,3872
2447,19081
2447,5583
2447,5167
2447,3292
9762,13246
9762,4205
9762,5996
9762,11121
9762,11005
9762,8664
9762,12645
9762,19509
9762,5716
9762,17669
9762,1916
9762,8634
71,9289
5093,15345
5542,14038
5542,16797
5542,9597
5542,15030
5542,18452
5542,6216
5542,9969
5542,20176
5542,16342
5542,11699
2974,13382
2974,8799
2974,4399
2974,12658
2974,19063
2974,18102
2974,3852
2974,13197
2974,8809
2974,11452
7966,18298
7966,5445
7966,1949
7966,12276
7966,6502
7966,16603
7966,3310
7966,15480
7966,8405
7966,8411
7966,4306
7966,17395
7966,1702
6352,8931
6352,7148
6352,7192
6352,1255
6352,4662
6352,9694
6352,18617
6352,4770
6352,14137
6352,19666
6352,2832
6352,15424
887,2759
887,16806
887,16409
887,3658
887,1710
887,9893
887,5849
887,3825
887,14454
887,15311
887,14850
887,5686
887,4623
887,17155
5198,1921
5198,6383
5198,1557
5198,7437
5198,13712
5198,12494
5198,9339
5198,19108
5198,99
5198,186
5198,15262
5198,15183
5198,13930
5198,7889
1244,6847
1244,8205
1244,16119
1437,8000
1437,4648
1437,19600
1437,4721
1437,6849
1437,5551
1437,18341
1437,4072
1437,6139
1437,19657
1437,8376
1437,17845
1437,15511
1691,16302
1691,12865
1691,17077
1691,13514
1691,12295
1691,13705
1691,14856
1691,625
1691,5502
1691,5938
1691,8273
1691,558
1691,12900
1691,9737
1691,3887
1691,11303
1691,6617
1691,4397
1691,6505
1691,16815
1691,19401
1691,10169
9678,8197
9781,1842
9781,7699
9781,18442
9781,2729
9781,11569
9781,16692
3458,17229
3458,19653
3458,12898
3458,14428
3458,10774
3458,13750
3458,17853
3458,11164
3458,9852
3458,10371
3458,6500
3458,562
3458,16319
3458,8483
2214,14943
2214,7383
2214,9379
2214,9836
2214,6447
2214,6879
2214,69
2214,10846
3455,10765
3455,15372
3455,9231
3455,12046
3455,7593
3455,9651
3455,922
3455,15855
3455,9535
3455,8026
1413,7525
1413,7659
1413,7034
1413,757
1413,11245
1413,10442
1413,4318
1413,6366
1413,19915
1413,5407
1413,2288
9509,14221
6583,8130
6583,10968
6583,8461
6583,14004
6583,19474
6583,11070
6583,10971
6583,6892
8136,14532
8136,9415
8136,18769
8136,5361
8136,14132
8136,5654
8136,10601
8136,11937
8136,6575
8136,10102
8136,12550
8136,16105
548,6737
548,5734
548,18304
548,7964
548,15580
548,14782
548,17727
548,682
548,407
548,15186
548,1030
9610,12389
9610,7977
430,17399
430,1877
430,16647
430,3518
430,767
430,15232
430,17650
3916,13541
3916,5530
3916,3842
3916,17785
3916,19371
3916,3178
3916,6834
3916,16919
3916,12425
3916,4244
3916,11866
3916,9756
917,1641
917,18179
917,1633
917,6163
917,3867
917,6036
917,130
917,16988
917,14657
917,18847
917,10132
917,4063
917,11391
4492,10274
4492,18649
4492,13067
4492,14921
4492,13155
4492,17278
4492,17448
4492,4115
4492,8167
4492,18195
3235,9108
3235,6013
3235,12841
3235,12044
3235,19312
3235,2421
3235,874
3235,12728
3235,3287
3235,4022
3235,16088
3235,19426
3235,8763
3235,14306
3235,5859
3776,15970
3776,16871
3776,18399
3776,1321
3776,9009
3776,1418
3776,6304
3776,6883
3776,18575
3776,12807
3776,8614
3776,13985
3776,15900
3776,1925
3776,13011
3776,4419
3776,11177
3776,174
3776,11554
3776,17209
1346,14804
1346,442
1346,9375
1346,17190
1346,17736
1346,7738
1346,4094
1346,10678
1346,11253
1346,17522
1346,17626
1346,4748
1346,14649
1346,14075
1346,2578
1346,13616
1346,5594
1346,18094
9539,5011
9539,11448
9539,18373
9539,10251
9539,13610
9539,19037
9539,6017
9539,16553
9539,13557
9539,19641
9539,4028
9539,3663
9539,12840
9539,10849
9539,18538
9539,165
9539,953
3380,1022
705,12378
705,1862
705,8642
705,8917
705,5553
705,12315
705,14518
9141,17668
1858,10661
1062,1269
1062,8017
1062,11116
1062,19124
1062,16184
1062,6859
1062,8327
251,13386
251,6603
251,15769
251,13723
251,1884
251,171
251,9926
251,19393
251,7677
251,1757
251,16945
251,3450
251,17295
251,12539
251,12355
251,10884
251,2352
251,15901
6896,9888
6896,12719
6896,11837
6896,15462
6896,285
6896,13297
6896,2706
6896,4914
6896,13116
6896,4146
6896,4272
6896,11463
6896,8731
6896,10348
6896,19683
6896,16809
6896,12917
6896,25
6896,4640
6896,10982
6896,3896
6896,6881
6896,14166
6896,17048
6896,553
6896,8998
9253,3014
9253,7897
9253,11717
9253,7540
9253,7385
9253,16352
9253,776
9253,3964
9253,6930
9253,14158
1417,18135
5183,9553
1641,18623
1641,1777
1641,12943
1641,5244
1641,14987
1641,5176
1641,15263
1641,14357
1641,10714
1641,3942
1641,12821
1641,5238
1641,16884
576,9016
576,10198
576,1361
576,19702
576,7246
6634,6562
7741,17409
7741,52
7741,8676
7741,5058
7741,12902
7741,10315
7741,7123
7741,2891
7741,14228
7741,18307
7741,5891
2348,392
7989,4297
7989,15089
7989,10857
7989,5375
7989,16518
7989,14256
7989,9095
7989,958
7989,14144
7989,8416
7989,14370
7989,18172
7989,14903
7267,5544
7267,2952
7267,6875
7267,2705
7267,5352
7267,15550
7267,18139
7267,1068
7267,1704
7267,5733
7267,5009
7267,7199
7267,7239
7267,4778
7267,14825
7267,13917
7267,5507
2572,18490
2572,2634
2572,5864
2572,15585
2572,19757
2572,7922
2572,5374
2572,5542
2572,2455
2572,16480
2572,4874
2572,3372
2572,3412
2572,18886
2572,6227
2572,561
5013,2939
5013,3921
5013,19406
5013,14529
5013,15051
5013,16649
5013,10321
5013,10803
5013,15021
5013,14882
5013,6126
5013,15079
6233,6060
6233,9292
6233,18253
6233,10359
6233,6851
6233,3481
6233,14920
6233,3705
6233,6182
6233,10894
6233,16136
6096,18127
6096,2671
6096,8978
6096,19305
6096,19028
6096,149
6096,1948
6096,1315
6096,5967
6096,13526
6096,17359
6096,2564
1849,12024
1849,7049
1849,14128
1849,11925
1849,12795
1849,3520
1849,8546
1849,4337
1849,16023
1849,517
1849,5692
1849,2463
1849,4928
1849,3792
1849,9724
1849,19380
1849,2197
1849,17979
1849,8527
1849,8551
1849,15452
1849,6528
1849,19409
1849,15111
1849,2336
1849,6407
1849,5723
1849,5451
1849,67
1849,8098
1849,6685
1849,8691
1849,12105
1849,766
1849,8868
2684,10133
2981,15895
2981,7888
2981,18736
2981,12831
2981,16933
2981,4274
7290,6294
7290,14913
7290,1709
7290,6361
7290,454
7290,14462
7290,9744
7290,6189
7290,4521
7290,3796
7290,14035
7290,15852
7290,12079
7290,3922
7290,11953
7290,3011
7290,17561
7290,6467
7290,15674
7290,3471
7290,6008
7290,7811
7290,1336
7290,18080
7290,3947
7290,6287
7290,3582
7290,15698
5873,7439
5873,13751
5873,4588
1460,5295
5146,1700
5146,5669
5146,19843
5146,14280
5146,4732
5146,3247
5146,3163
5146,19603
8260,16172
8260,17280
8260,17004
8260,16231
8260,7666
8260,1934
8260,9765
2931,6376
2931,4492
925,242
4277,10087
4277,15458
4277,3196
4277,16240
4277,2231
4277,10405
4277,2936
4277,11240
1980,3627
1980,14770
1980,12463
1980,4614
1980,10175
1980,17966
1980,16913
1500,11848
1500,997
1500,14364
1500,11967
8853,15261
8853,11092
8853,3118
8853,352
8853,8080
8853,1803
8853,12478
8853,3211
5011,6886
4775,8850
6212,2088
6212,15488
6212,15527
6212,18201
6212,9849
6212,10802
6212,14090
6212,17863
6212,14288
6212,19404
6212,18826
9829,14242
1800,16287
1800,10660
1800,11897
1800,15768
1800,12607
1800,10724
1800,6672
1800,12413
1800,8757
4565,18927
4565,4054
4565,10690
4565,17241
4565,19015
4565,14279
4565,12172
4565,6266
4565,18049
4565,16960
4565,12402
4565,11892
4565,13635
6120,19308
7408,18461
7408,13973
7408,617
7408,16281
7408,8695
7408,14962
7408,10189
7408,9283
7408,1184
7408,11581
7408,5077
7408,4826
7408,18905
8866,13540
8866,12487
8866,16083
8866,10293
8866,4449
8866,19582
8866,3478
8866,15911
8866,15671
8866,9271
8866,2135
8866,204
1840,2053
8645,15290
8645,13194
8645,671
8645,7206
8645,19617
8645,3338
8645,4837
8645,17679
8645,14151
8645,1160
8645,116
8645,5379
8645,1957
100,15780
100,3919
100,14213
100,1250
100,15388
100,17862
100,17902
100,2143
100,7490
100,9338
100,12701
100,14669
100,15196
100,9384
100,17708
100,13195
100,10848
8861,4144
8861,205
8861,4939
8861,8694
8861,3999
8861,14922
8861,7399
8861,19891
8861,9191
8861,5565
8861,16606
4292,5974
4292,19749
4292,787
4292,13175
4292,3358
4292,5620
4292,11645
4292,18155
4292,15279
4292,452
4292,6911
5212,12212
5212,18053
5212,11256
5212,6446
5212,12634
5212,18610
5212,5394
5212,19541
5212,17764
5212,11162
7658,18954
7658,1492
7658,12459
7658,15823
7658,9179
7658,18335
7658,7687
7658,3297
7658,11020
7658,13424
7658,10077
7658,10024
3244,19731
8922,5132
7335,17120
7335,5489
7335,1233
7335,5452
7335,5178
7335,14275
7335,7544
7335,12738
7335,3807
7335,16807
7335,14883
3538,13254
3538,8424
3538,1313
3538,2418
3538,15945
3538,7858
3538,5691
3283,15817
3283,9787
3283,11800
3283,13319
3283,15821
3283,10617
3283,194
3283,18563
3283,17100
3283,17958
3283,5130
3283,9262
4945,9069
4945,17011
4945,10247
4945,13399
4945,11707
4945,17760
4945,3870
4945,5250
4945,18065
4945,2293
4945,164
3723,16399
3723,2058
3723,5364
3723,855
3723,9887
3723,6333
3723,10330
3723,13617
3723,2274
3723,17230
3723,19169
3723,17027
3723,2130
3723,1805
4819,18222
4819,17616
4819,9279
4819,1847
4819,2551
4819,2608
4819,705
4819,207
4819,19379
4819,10925
3393,16395
3393,19772
3393,4717
5089,8346
5089,17066
5089,18583
5089,17619
5089,7418
5089,1219
5089,88
5089,2406
5089,3299
5089,1204
5089,9240
5089,475
9690,8557
4858,95
4987,609
3346,16358
3346,16828
3346,13292
9178,6471
127,3687
127,15513
5149,1163
5149,7653
5149,3375
5149,13380
5149,16680
5149,18601
5149,3753
5149,6348
5149,13957
5149,5534
5149,9681
5149,2548
5149,18836
5399,5587
5399,822
5399,18671
5399,2016
5399,13469
5399,235
5399,5644
5399,14311
3788,16151
3788,19834
3788,2309
3788,7701
3788,8509
3788,5698
3788,7993
3788,14578
3788,14923
3788,19218
3788,17474
3788,10147
3788,601
3788,17266
3788,10171
3788,11847
3788,9950
3788,2971
717,14031
717,8490
717,8326
717,3928
717,5907
717,13632
717,288
717,6274
717,15195
717,1169
717,7955
717,4903
717,6867
717,10157
717,17684
2685,13775
2685,10356
2685,17691
2685,1575
2685,6956
2685,8264
2685,17680
2685,15363
2685,12732
2685,3974
2685,14590
2685,3268
2685,8801
8142,19850
8142,14884
8142,14680
8142,8139
8142,18147
8142,3135
6405,4533
3631,584
3631,6222
3631,2658
3631,12281
3631,4215
4456,8914
4456,11123
4456,8353
4456,6694
4456,7213
4456,1778
4456,16976
4456,16385
4456,15490
4456,19151
6801,18336
5898,6569
5898,3464
5898,18254
5898,10706
5898,10454
5898,8633
5898,18523
5898,18660
5898,18628
5898,12280
5898,6536
5898,12563
5898,8143
5898,3099
5898,17809
5898,6873
5898,13729
5898,16487
5898,20135
5898,6439
4097,4765
4097,13763
4097,17325
4097,10794
4097,12976
4097,16675
4097,2128
4097,3224
9438,10877
9438,9810
9438,7788
9438,10507
9438,8290
9438,15327
9438,16804
9438,17703
9438,14375
165,6677
165,17982
165,9105
165,17463
165,8837
165,8589
165,3085
1888,13240
1888,18415
1888,15799
1888,15565
1888,15138
1888,10580
1888,8501
1888,15385
1888,19046
1888,5640
1888,2466
1888,8839
6296,5038
6296,13124
6296,6088
6296,10449
6296,13181
6296,14521
6296,16890
6296,19886
6296,4861
6296,14745
6296,9326
6296,15307
6296,2103
1407,12324
1407,13431
1407,17158
1407,17544
1407,4574
1407,12335
1407,5798
1407,6238
1407,7573
1407,7014
1407,9537
1407,5096
1407,532
1407,19880
1407,2228
2437,2298
2437,6267
2437,638
2437,2281
2437,2453
2437,564
9344,1020
9344,1564
9344,11454
9344,1005
9344,17808
9344,3933
9344,14823
9344,7003
9344,19680
9344,160
9344,19983
9344,3345
9344,2178
9344,17693
9344,19610
9344,18436
9344,1673
9344,12534
9344,17032
9344,7153
7201,4206
7201,17917
7201,17319
7201,12869
7201,12359
7201,2910
7201,12822
7201,19523
7201,19304
7201,16456
7201,18684
7201,13520
7201,723
7201,514
2677,12750
2677,8048
2677,3382
2677,16943
2677,14982
2677,15223
2677,93
2677,868
2677,3253
2677,7016
2677,5170
2677,8535
2677,8121
2226,3571
2226,12461
2226,3731
2226,16157
2226,7120
2226,9982
2226,12572
2226,11641
2226,18327
2226,6541
2226,7616
2226,20108
2211,14930
2211,19794
2211,6131
2211,12477
2211,10853
2211,3530
2211,17967
2211,7253
2211,18259
2211,4153
2211,17085
2211,20104
2211,14838
2211,3540
2211,8739
6291,19564
6291,12108
6291,694
6291,15446
6291,7212
6291,16684
6291,10722
6291,5705
6291,16503
6291,3881
6291,12200
6291,18709
6291,3461
6291,9125
6291,15912
6291,18786
6291,15558
9931,3754
9931,12668
9931,5116
9931,17661
9931,4889
9931,12742
9931,5012
9931,9793
9931,20605
9931,9056
9931,1660
9931,3737
9931,11480
9931,5074
9931,12154
9931,8126
9931,5772
9931,9290
9931,8287
5292,15001
5292,10750
5292,6412
5292,3757
5292,16056
5292,3469
5292,11619
5292,1279
5292,11873
5292,2786
5292,19652
5292,2081
5292,6652
5292,8110
5292,6173
5292,14979
5292,10146
5292,9843
5292,913
5292,14441
5292,19713
5292,14909
5292,9684
5292,16578
5292,18463
5292,12748
5292,4315
5292,18475
5292,13544
5292,13560
72,19959
3258,17332
3258,5652
3258,17437
3258,5894
3258,8590
3258,20184
3258,15486
3258,13041
3258,16557
3258,15559
8377,3416
8377,13646
8377,616
8377,5860
8377,15843
8377,12962
8377,5465
8377,15717
8377,20508
8377,14977
8377,11965
8377,11633
8377,2834
8377,11531
8377,8559
2605,20136
6999,20422
1869,18297
1869,13482
1869,5952
1869,20087
1869,5398
1869,6567
1869,7705
1869,12465
1869,4033
1869,15623
1869,1964
1869,4020
1869,5333
1869,198
1869,10953
1869,8371
1869,1416
1869,4195
766,20013
6584,10777
9315,10074
9315,20563
9315,17878
9315,7663
9315,12035
9315,4650
9315,17236
9315,2753
9315,10180
9315,16554
4226,18540
4226,13905
4226,15724
4226,5040
4226,16131
4226,4336
4226,12804
4226,8065
4226,20259
4226,1027
4226,2177
1606,6691
1606,2499
1606,17140
1606,20067
1606,15816
8240,2085
8240,2056
8240,20497
8240,1153
8240,1809
8240,12608
8240,3523
8240,3877
8240,18970
23,18576
1687,18801
1687,3536
1687,2687
1687,4165
1687,9551
1687,13466
1687,11797
1687,19210
1687,3546
1687,5288
1687,8792
1687,7665
1687,14291
1687,16563
1687,7856
1687,14619
1687,13370
1687,2675
1687,12635
1687,12512
1687,5419
1687,2383
1687,20076
1687,9500
1687,12684
1687,6517
1687,13366
1687,14495
1687,7425
506,17186
506,18996
506,5049
506,16986
506,2858
506,648
506,19989
506,11975
506,18966
506,5550
9371,7443
9371,11595
9371,2229
9371,11022
9371,12361
9371,1696
9371,972
9371,16090
9371,2333
9371,5334
9371,6340
9371,5953
9371,10773
9371,15598
9371,14768
9371,1179
9371,4707
9371,3116
9371,3386
9371,15746
9371,9411
9371,19331
9371,12792
9371,4518
9371,3278
9371,17861
9371,10469
9371,14744
9371,15972
9371,20569
9371,5296
9371,13340
9371,16690
9371,6669
9371,11259
9371,14570
9371,4601
9371,5246
9371,13448
9371,3280
9371,6825
9371,16599
9371,19094
9371,16523
9371,9533
9371,11420
9371,7291
9371,17462
9371,10280
9371,16343
2032,8798
2032,12195
2032,17941
2032,18982
2032,4402
2032,18713
2032,13059
2032,2588
2032,17750
2032,16843
2032,17304
2032,9152
8121,8175
8121,20489
8121,5663
8121,5051
8121,5340
8121,17002
8121,19840
8121,6151
8121,15131
8121,18308
7253,6353
7253,11889
7253,13800
7253,6200
7253,6803
7253,19396
7253,14827
7253,20436
7253,3713
7253,1318
7253,19484
7253,7758
996,19297
996,19761
996,8733
996,3934
996,15042
996,4562
996,4858
996,6113
996,9291
996,11482
996,13698
996,8624
996,7905
996,13963
996,12973
996,742
4855,18009
4855,7600
4855,2776
4855,12919
4855,7934
4855,892
4855,7931
4855,16857
4855,932
4855,16484
4855,60
4855,12410
4855,13612
4855,2963
4855,14625
4855,800
7099,2620
7099,4497
7099,20428
7099,8015
7099,16169
7099,10183
2448,20124
4322,20264
4322,2923
4322,14738
7687,20463
7687,14978
9207,3899
9207,7594
9207,9366
9207,8374
9207,20420
9207,8981
9207,6197
9207,14421
9207,7268
9207,19668
9207,6973
9207,9164
9207,16600
9207,13647
9207,14652
9207,12590
9207,7684
9207,7464
9207,199
9207,16732
9207,19270
9207,7575
9207,8647
9207,12560
8907,13974
8907,11786
8907,3846
8907,7446
8907,9759
8907,1033
8907,22
8907,12448
8907,14270
7530,20451
7530,7485
7530,17885
7530,6670
7530,11360
7530,679
7530,5028
7530,14601
7530,9705
7530,4407
9470,10235
9470,7604
9470,7725
9470,18998
9470,8987
9470,4578
9470,15709
9470,20575
9470,18433
9470,6263
9470,13764
9470,14854
9470,7316
9470,2844
9470,5585
9470,15518
9470,16364
9470,8231
9470,2166
9470,4887
3882,20233
3882,19349
3882,3671
3882,15241
3882,7196
3882,14111
3882,7250
3882,5617
3882,5480
3882,7449
3882,11465
3882,816
3882,7331
3882,4183
3882,19638
2419,19486
2419,16668
2419,13119
2419,10630
2419,8084
2419,2845
2419,3276
2419,17152
2419,10182
2419,2262
2419,16350
2419,13757
2419,14791
2419,16646
2419,11280
2419,11822
2419,16570
2419,4412
2419,3802
2419,1760
2419,5989
2419,3733
2419,13840
2419,11752
2419,5902
2419,19366
2419,14033
2419,14272
2419,9172
2419,19945
2419,17510
2419,5466
2419,6888
2419,13333
2419,1249
2419,19665
2660,15464
2660,19121
2660,19318
2660,11524
2660,18019
2660,2794
2660,11181
2660,2823
2660,13123
2660,11329
2660,12467
2660,8395
2660,17740
2660,17056
2660,16298
2660,13518
2660,11320
2660,18953
2660,20141
2660,5198
2660,3972
2660,18400
2955,20163
99,10637
99,19964
949,20030
8200,17852
8200,14224
8200,13899
8200,20496
8200,18384
8200,11618
8200,3790
8200,92
6753,13054
6753,5676
6753,16293
6753,6301
6753,10815
6753,9471
6753,12341
6753,19442
6753,17593
6753,5022
6753,4425
6753,12094
6753,17479
6753,3580
6753,20406
6345,7747
6345,3749
6345,20380
6345,6277
6345,4258
6345,17438
6345,15909
6345,9257
6345,430
6345,17210
6345,19534
6345,4771
6345,3529
6345,5757
6345,7998
6345,17961
6345,6564
6345,7709
6345,4355
6345,9899
6345,11522
6345,9827
6345,19194
6345,4754
6345,11078
4098,16792
4098,20251
4098,11048
4098,7864
4098,2486
4098,13421
4098,4790
4098,12953
4098,10805
4098,19909
4098,12346
805,2303
805,5981
805,5538
805,3827
805,396
805,20017
805,17886
805,9714
805,1928
805,10128
805,6435
805,11658
805,12589
805,16320
805,3854
805,3499
805,16632
4882,7082
4882,20305
715,20006
5255,15793
5255,1074
5255,20325
5255,19758
5255,14587
89,19963
519,9078
519,5160
519,10069
519,15361
519,17499
519,6527
519,11470
519,19557
519,16378
519,7617
519,5696
519,10116
519,6661
519,16905
3547,16493
3547,17751
3547,15285
3547,2416
3547,7293
3547,1643
3547,7479
3547,1446
3547,17842
3547,5971
3547,20207
2992,4208
2992,2639
2992,10305
2992,18700
2992,10641
2992,15897
2992,19261
2992,12030
2992,17175
2992,73
2992,13628
2992,13875
2992,10260
2992,13454
9847,18446
9847,12743
9847,13159
9847,6282
9847,13827
9847,17351
9847,20600
9847,4420
9847,8611
9847,3484
9847,19281
9847,14087
9847,18015
9847,8001
9847,3819
9847,1152
9847,18868
9847,16635
9847,3031
9847,15339
9847,1386
9847,7662
9847,9230
5869,20354
5869,3606
5869,18226
5869,10349
5869,8724
5869,12968
5869,12155
5869,19138
5869,15954
5869,20484
5869,2645
2362,11543
2362,20117
2362,12412
2362,3758
3765,10522
3765,11421
3765,6007
3765,8778
3765,19778
708,4219
708,726
708,8663
708,10468
708,14901
708,6331
708,5752
708,5602
708,20005
708,13084
708,19009
708,9514
708,12880
708,942
708,837
708,14996
8000,19561
8000,19441
8000,18249
8000,10563
8000,9574
8000,17157
8000,7791
8000,8417
8000,10005
8000,4761
8000,8338
8000,4872
8000,10753
8000,7302
8000,2552
8000,19492
8000,9309
8000,5987
8000,20482
5055,4589
5055,10319
5055,13806
5055,13077
5055,7457
5055,10524
5055,4203
5055,15208
5055,7111
5055,8381
5055,6404
5055,286
5055,16345
5055,6618
5055,1123
5055,15485
5055,9988
5055,12817
5055,6626
5055,15564
5055,19140
5055,10226
5055,3219
5055,13997
5055,16620
5055,8762
5055,14343
5055,10341
5055,11033
5055,16128
5055,3411
5055,8164
5055,1215
5055,6880
5055,15320
5055,18429
5055,20312
5055,18578
5055,15434
5055,16685
5055,15772
5055,18848
3214,10003
3214,9046
3214,1359
3214,18122
3214,3374
3214,4877
3214,17898
3214,8341
3214,7624
3214,4621
3214,17041
3214,7256
3214,18943
3214,7928
3214,12132
3214,10551
3214,13849
3214,6192
3214,14269
3214,11735
3214,9915
3214,2283
3214,12157
3214,9413
3214,3619
3214,643
3214,3900
3214,8325
3214,6324
3214,6144
3214,6927
3214,12628
3214,4602
3214,11050
3214,6180
3214,9589
3214,16269
3214,1972
3214,9182
3214,14055
3214,17440
3214,9128
3214,9437
3214,1952
3214,1456
3214,6958
3214,19235
3214,11657
3214,1861
3214,1969
3214,2796
3214,13404
3214,15009
3214,3750
3214,7065
3214,2727
3214,8851
3214,19449
3214,7497
3214,815
3214,2142
3214,16314
3214,8295
3214,20180
3214,12488
3214,7704
3214,11924
3214,18318
3214,6981
3214,14643
3214,17971
3214,14127
3214,17084
3214,13073
3214,13710
3214,16301
3214,17431
3214,16367
3214,13650
3214,11612
3214,4597
3214,15935
3214,13250
3214,13652
3214,10962
3214,2049
3214,18210
3214,12184
3214,19251
3214,13949
3214,14582
3214,17841
3214,7613
3214,9196
3214,8456
3214,15369
3214,1135
3214,6019
3214,12028
3214,83
942,9359
942,2012
942,5293
942,20028
3337,6441
3337,20190
3337,17810
3337,4544
3337,3532
3337,3914
3337,1351
3337,5797
3337,5578
565,2566
565,13230
565,8548
565,7997
565,7124
565,13970
565,5599
565,9814
565,16975
565,14061
565,4879
565,1195
565,309
565,16638
565,10862
565,788
565,4352
565,16129
565,6634
565,18692
565,3274
565,696
565,850
565,16258
565,1441
565,4825
565,5865
565,16533
565,3228
565,19995
565,15135
565,6444
565,3384
565,12616
565,5828
565,2651
565,6688
565,2919
565,7116
565,15190
565,12655
565,3678
565,13256
565,5920
1826,2484
1826,6568
1826,4740
1826,20081
9422,14468
9422,10021
9422,20570
5715,20348
5715,1729
5715,9890
5715,18719
5715,18489
5715,168
5715,3808
5715,491
5715,15676
5715,10892
5715,3524
5715,7121
5715,13170
8380,18806
8380,6660
8380,18634
8380,12991
8380,17789
8380,19313
8380,7333
8380,4977
8380,1763
8380,7775
8380,16780
8380,12760
8380,8575
8380,12633
8380,2038
8380,8936
8380,4811
8380,14222
8380,15847
8380,5019
8380,2384
8380,11068
8380,5825
8380,2019
8380,2901
8380,4255
8380,10214
8380,17741
8380,8350
8380,1334
8380,4416
8380,1098
8380,14047
8380,19315
8380,14419
8380,9248
8380,18880
8380,9422
8380,11094
8380,18332
8380,9450
8380,1818
8380,6587
8380,9905
8380,8784
8380,20051
8380,6164
8380,7350
8380,7590
8380,15024
8380,10873
8380,12685
8380,34
8380,8723
8380,8377
8380,7690
8380,18285
8380,9922
8380,9446
8380,17674
8380,12780
8380,3376
8380,7095
8380,2557
8380,2838
8380,10792
8380,20509
8380,8216
8380,3347
8380,18055
8380,12168
8380,16440
8380,9503
8380,3863
8380,14520
8380,4357
8380,9226
8380,11143
8380,15578
8380,4369
8380,19346
8380,11860
8380,4582
8380,5141
8380,7615
8380,15077
8380,11100
8380,5561
8380,9075
8380,9337
8380,19206
8380,2763
8380,4478
8380,4095
8380,2855
8380,4011
8380,2774
8380,14816
8380,2099
8380,11096
8380,7491
8380,13289
8380,7197
8380,9665
8380,7351
8380,4692
8380,3373
8380,7334
8380,3804
8380,13083
8380,1230
8380,7566
3554,4218
3554,12091
3554,15946
3554,18639
3554,9013
3554,12407
3554,804
3554,1562
3554,15529
3554,13527
3554,17118
3554,420
3554,14757
3554,15629
3554,1127
3554,1497
3554,16437
3554,9391
3554,3485
3554,15350
3554,17233
3554,4225
3554,7647
3554,7592
3554,6755
3554,12384
3554,2217
1380,3987
1380,13911
1380,6976
1380,6150
1380,8206
1380,5168
1380,12141
1380,19271
1380,17803
1380,20055
1380,3611
1380,852
3917,8458
3917,13982
3917,1353
3917,18849
3917,12250
3917,20236
3917,11575
3917,9797
3917,19067
3917,11380
7563,13341
7563,20456
7563,568
7563,11502
7563,15219
7563,12844
725,5736
725,12816
725,14995
725,11348
725,4210
725,3512
725,8233
725,6639
725,7178
725,14888
8276,12796
8276,18844
8276,4657
8276,5113
8276,4807
8276,583
8276,18011
8276,4896
8276,16296
8276,6232
8276,3857
8276,9270
8276,6357
8276,12174
8276,12594
8276,1229
8276,13494
8276,10267
8276,9554
8276,3139
7816,2699
7816,19480
7816,6816
7816,10004
7816,8910
7816,5695
7816,3354
7816,18031
7816,20475
7816,9567
7816,17644
7816,12481
7816,17884
7816,8100
7816,19209
8694,17449
8694,8530
8694,16808
8694,13008
8694,15891
8694,16590
8694,15145
8694,19783
8694,4913
8694,9796
8694,1276
8694,19452
8694,4158
8694,12473
8694,15444
8694,7283
8694,13268
8694,13570
8694,10217
8694,16489
8694,16722
8694,4570
8694,18609
8694,10238
8694,14030
844,20020
844,18185
844,9473
1253,20050
1253,1548
1253,6225
1253,17340
1253,2007
1253,7044
1253,9525
1253,9299
1253,7102
1253,4377
1253,2878
1253,2131
1253,15209
1253,19013
1253,4580
1253,4228
6274,14870
6274,4725
6274,17682
6274,2339
6274,8213
6274,7836
6274,7873
6274,2902
6274,19004
6274,20377
6274,18324
6274,14755
6274,19050
6274,9340
6274,17110
6274,4751
6274,17688
3415,3336
3415,8710
3415,9058
3415,2721
3415,19884
3415,10935
3415,3138
3415,2909
3415,1144
3415,18738
3415,9140
5070,20313
5070,8447
5070,16034
5070,4293
5070,9327
5070,11148
5070,11782
5070,2678
5070,51
5070,14464
5070,8049
5070,5783
5106,7337
5106,12319
5106,20315
5106,10615
5106,11540
5106,9425
5106,9715
5106,4712
5106,6055
5106,15755
5106,13002
5106,10166
2098,3511
2098,10060
2098,14125
2098,1902
2098,15130
2098,2793
2098,2929
2098,15721
2098,13179
2098,18021
2098,17711
2117,9440
2117,10158
2117,7754
2117,5932
2117,19399
2117,2599
2117,20100
2117,1147
2117,8150
2117,6706
2607,3405
2607,4552
2607,16482
2607,14724
2607,10825
2607,9697
2607,10955
2607,13294
2607,16693
2607,4154
2607,6211
2607,14153
2607,633
2607,16548
2607,2245
2607,20137
7907,14456
4121,3626
4121,20253
4121,14427
4121,3000
4121,8504
4121,16519
4121,11654
4121,14146
4121,19677
4121,4786
4121,10354
4121,7945
3268,934
3268,14297
3268,3296
3268,17282
3268,19332
3268,7957
3268,755
7842,19929
7842,19738
7842,16020
7842,7275
7842,11675
7842,11677
7842,11128
7842,10317
7842,7341
7842,6792
7842,17470
7842,20350
7842,4212
7842,16520
7842,6742
7842,7507
7842,20477
7842,1923
7842,8303
7842,12541
7842,19942
7842,1817
7842,384
7842,6476
7842,4567
7842,12377
7842,13303
7842,11198
7842,17996
1629,12076
1629,20071
1629,1473
1629,5356
1629,2181
1629,14437
1629,11580
1629,6156
1629,9935
1629,10550
1629,8103
441,16256
441,7568
441,19984
441,3189
441,13005
441,17231
4136,4709
4136,18251
4136,20544
4136,2082
4136,11926
4136,12878
4136,15502
4136,7683
4136,13580
4136,56
4136,2607
4136,15347
4136,11951
4136,20254
4136,10393
6822,20417
6822,15807
6822,5153
6822,9376
6822,12605
6378,11728
6378,3510
6378,19058
6378,12215
6378,4596
6378,15616
6378,15880
6378,19779
6378,14936
6378,9903
6378,5835
6378,5745
6378,20382
6378,13952
6378,14633
6378,4757
6378,19815
1595,8299
1595,104
1595,20065
1595,14022
6694,1172
6694,9601
6694,6092
6694,1675
6694,8223
6694,13844
6694,12571
6694,15916
6694,16113
6694,18190
6694,19189
6694,14107
6694,135
6694,576
6694,20401
6694,768
6694,7406
6694,1831
6694,9126
6694,7868
7372,20442
7372,2829
7372,6449
7372,15403
7372,10938
7372,12746
7372,18707
7372,9402
2300,19369
2300,18723
1205,3547
1205,4989
1205,17670
1205,10435
1205,17993
1205,15839
1205,9198
1205,5468
1205,20048
1205,1277
6248,13030
6248,12778
6248,15433
6248,20373
6248,7279
6248,16833
6248,18111
6248,1001
6248,180
6248,13988
4397,20268
4397,7414
4397,614
4397,14703
4397,4145
4397,191
4397,11476
4397,9753
4397,520
4397,10285
4397,12604
4397,18832
4397,7173
7539,17954
7539,16155
7539,2189
7539,2643
7539,7290
7539,20453
7539,13702
7539,4242
7539,17105
7539,8653
7539,12237
7539,8929
7539,3578
7539,10027
7539,15281
7268,6853
7268,17194
7268,9455
7268,14196
7268,5404
7268,11623
7268,12986
7268,20438
7268,19459
7268,10628
7268,19689
7268,3909
7268,3990
7268,1407
7268,598
7268,5354
7268,10493
3160,5857
3160,2112
3160,19482
3160,20178
6602,20396
6602,9325
6602,3776
6602,4437
6602,3526
6602,7721
6602,5181
6602,15860
6602,5123
6602,12326
6602,2945
6602,7415
6602,3666
6602,1739
9686,19998
9686,14764
9686,16234
9686,10025
9686,20591
9686,11003
9686,17346
9686,1576
9686,9592
9686,13277
9686,14630
9686,7742
9686,18199
9686,20323
9686,10461
9686,14501
9686,4160
9686,7740
9686,10761
9686,7852
9686,15216
9686,17547
9727,10016
9727,1285
9727,20594
9727,1804
9727,12099
9727,4310
9727,16812
9727,3755
9727,17692
9727,14308
9727,19466
9727,18864
9727,15806
9727,14474
8329,4575
8329,4606
8329,4196
8329,4695
8329,4817
8329,20503
8470,13913
8470,4819
8470,5575
8470,1032
8470,20515
8470,884
8470,7859
8470,13960
8470,19862
8470,3027
8470,16756
8470,3908
6381,16411
6381,10584
6381,4684
6381,547
6381,14517
6381,20384
6381,3707
6381,16899
6381,4491
6381,12928
3108,4233
3108,20173
3108,11738
7747,6814
7747,2346
7747,20470
7747,4185
7747,15255
7747,11631
7747,3343
7747,16718
7747,3743
7747,2069
7747,9691
7747,10141
7747,12275
7747,3242
7747,19116
7374,289
7374,7272
7374,6907
7374,16335
7374,6137
6050,11174
6050,15204
6050,17418
6050,10178
6050,14984
6050,2054
6050,17974
6050,11202
6050,6548
6050,1801
6050,3097
6050,15217
6050,3610
6050,13667
6050,19904
6050,17782
6050,5810
6050,18800
7997,11227
7997,13747
7997,1758
7997,20481
7997,17369
5930,15133
5930,13154
5930,3929
5930,16709
5930,3868
5930,18917
5930,11225
5930,3717
5930,20356
5930,19872
5930,9812
1654,20074
3339,16683
3339,13734
3339,13202
3339,2241
3339,5193
3339,6127
3339,3577
3339,16406
3339,13153
3339,161
3339,12216
3339,17526
3339,20191
3339,17848
3339,250
2864,39
2864,12193
2864,13547
2864,11864
2864,13769
2864,7394
2864,20153
2864,4943
2864,18691
2864,4045
9410,18579
9410,1845
9410,13293
9410,16889
9410,9646
9410,18005
9410,2226
9410,12573
9410,4718
9410,18529
9410,7918
9410,15754
9410,16900
9410,7571
9410,4610
9410,7745
9410,9146
9410,13460
9410,1176
9410,13168
9410,4171
9410,10558
9410,10566
4540,13606
4540,6961
4540,20284
4540,19419
4540,9763
4540,500
4540,12596
4540,406
4540,10883
4540,18787
4540,15182
4540,12239
4540,11881
4540,16340
2467,10058
2467,17350
2467,7109
2467,20127
2467,10245
2467,19039
8600,5881
8600,9400
8600,20523
8600,13032
8600,14802
2818,15121
2818,9268
2818,1192
2818,12051
2818,14561
2818,20150
2818,16865
2818,16391
2818,2443
2818,12806
2818,19503
2818,13817
2818,627
2818,8224
2818,9650
2818,7448
924,9423
924,17558
924,14440
924,14106
924,17817
924,276
924,17481
924,16003
924,11648
924,20025
924,19113
9340,11027
9340,7401
9340,18356
9340,19960
9340,8092
9340,10779
9340,11868
9340,13269
9340,4990
9340,13070
9340,13866
9340,3107
9340,4813
9340,1023
9340,8722
9340,16850
9340,10389
9340,9203
9340,18658
9340,5751
3652,628
3652,14136
3652,8165
3652,5701
3652,18004
3652,14385
3652,9580
3652,10273
3474,13925
3474,19294
3474,3698
3474,15523
3474,2354
3474,4531
3474,5518
3474,10179
3474,902
3474,14058
3474,20200
5329,16687
5329,11720
5329,9318
5329,20326
5329,16758
5329,14436
5329,3365
9732,360
9732,1824
9732,566
9732,245
9732,14510
9732,17039
9732,11993
9732,10113
9732,8439
9732,5758
9732,11842
9732,128
9732,9428
9732,20595
8489,20518
8489,13362
5858,1765
5858,9314
5858,10474
5858,15188
5858,14709
5858,6382
5858,18284
9663,20586
9663,8670
9663,11644
9663,2719
9663,4358
9663,456
9663,11532
9663,11843
9663,9557
9663,18590
9663,1261
9663,7370
9663,3629
9663,2180
1426,5877
1426,9579
1426,4642
1426,5943
1426,8679
1426,4716
1075,8594
1075,6933
1075,8382
1075,18174
1075,5146
1075,17352
1075,3352
1075,11987
2972,367
2972,13644
19,6335
19,3325
19,906
19,4585
19,13869
19,2009
19,8897
19,19958
19,981
19,15536
19,10527
19,15716
3870,20231
3870,14967
3870,8252
3870,5201
3870,11986
3870,861
3870,15952
3870,16387
4991,20308
4991,6967
4991,13069
4991,5898
4991,16755
4991,9252
4991,5508
4991,7984
4991,12381
4991,17022
4991,7422
4991,13713
9474,13684
9474,17160
9474,20576
9474,6984
9474,5555
9474,2153
9474,13722
9474,17864
9474,2585
9474,17401
9474,2623
9474,12095
6537,5385
6537,8258
6537,18209
6537,16782
6537,15057
6537,18577
6537,15153
6537,9390
6537,18728
6537,2382
6537,6898
6537,19527
6537,5208
6537,17562
6537,6079
6537,20390
6537,14156
6537,15965
6537,654
6537,2525
6537,15428
6537,19636
6537,9330
6537,16658
6537,6965
6537,2294
6537,6619
6537,20520
6537,6574
6537,15258
6537,4097
6537,18223
6537,3125
6537,15163
6537,14793
6537,18168
6537,6966
7269,13951
7269,20439
7269,19955
7269,12857
7269,17103
7269,7601
9656,19077
9656,12290
9656,14846
9656,4568
9656,10904
9656,16499
9656,5778
9656,20585
9656,1072
9656,6629
9656,8940
9656,10812
9656,3443
9656,15835
628,12082
628,19997
628,4581
628,9499
628,11888
628,7588
628,505
628,3660
628,6071
628,16121
7613,11157
7613,20458
7613,1926
7613,5084
7613,5175
7613,12889
7613,7608
7613,15244
7613,8471
7613,7741
7613,19144
3558,10411
3558,2394
3558,167
3558,6504
3558,2391
3558,7804
3558,11278
3558,6795
6228,17171
6228,18727
6228,4519
6228,4290
6228,872
6228,14205
7974,11326
7974,7940
2303,2507
2303,2947
2303,20111
2395,11637
2395,8775
2395,8845
2395,18084
2395,12129
2395,20121
2787,9696
2787,8057
2787,1186
2787,3551
2787,349
2787,18734
2787,2888
2787,8794
2787,6006
2787,19816
2787,6292
3309,20186
3368,9028
3368,5368
3368,20196
3368,9453
3368,4500
3368,5054
3368,9015
3368,15625
3368,12924
3368,10333
3368,13149
3368,5276
3368,835
9988,1736
9988,12454
9988,18629
9988,1391
9988,16993
9988,7854
9988,1211
9988,6863
9988,11449
9988,4729
9988,4653
9988,1026
9988,18064
9988,20611
9988,4129
3760,20223
3760,1820
3760,18178
3760,18319
3760,14686
3760,18884
3760,19475
3760,9344
3760,14499
3760,7107
3760,19764
3760,2594
3760,13593
3760,14821
3760,6160
3760,15340
3760,19709
3760,16027
3760,12877
9456,15448
9456,8887
9456,2399
9456,13090
9456,6843
9456,6174
9456,17386
9456,5036
9456,17423
9456,8544
9456,12546
9456,19259
9456,7961
9456,4681
9456,14108
9456,4262
9456,6941
9456,15981
9456,10383
9456,16284
9456,13423
9456,2750
9456,2117
9456,7848
9456,6530
9456,3832
9456,11820
9456,5589
9456,6059
9456,12691
280,1516
280,6283
280,9805
280,19472
280,17565
280,12666
280,19462
280,16087
280,4052
280,5137
280,11503
280,7983
280,9802
280,12568
280,3885
280,11299
280,15147
280,4061
280,5818
280,18807
280,11761
280,5471
280,4665
280,19976
280,1218
1926,20092
1926,8872
8611,14337
8611,5754
8611,5673
8611,2363
8611,11941
8611,5469
8611,8028
8611,14041
8611,9148
8611,9345
8611,5050
8611,7323
8611,15953
8611,6477
8611,17117
5645,19501
5645,16994
5645,8413
5645,18622
5645,7939
5645,19777
5645,5664
5645,14360
5645,5024
5645,7759
5645,14682
5645,17714
5645,8227
5645,11771
5645,11763
5645,16633
5645,16791
5645,20343
5645,15931
5878,6877
5878,7322
6387,20385
6387,7711
6387,7488
6387,1246
6387,16581
6387,7999
6387,5177
6387,4031
6387,9775
6387,13768
6387,14543
2302,10195
2302,5651
2302,18527
2302,5100
2302,8494
2302,16823
2302,6538
2302,12989
2302,17710
2302,4278
2302,12340
2302,18501
2302,4630
2302,3985
2302,38
5731,15013
5731,16565
5731,9733
5731,3680
5731,5180
5731,15066
5731,1850
5731,17393
5731,13559
5731,11528
5731,9360
8050,20487
80,12542
80,19962
80,13880
359,548
359,19780
359,9474
359,5426
359,13092
359,19979
359,5148
359,15662
359,6609
359,11653
359,8758
359,14603
359,17166
1848,20084
5071,12949
5071,15653
5071,15827
5071,9991
5071,2319
5071,17402
5071,6796
5071,10570
5071,11064
5071,9785
5071,15785
5071,18732
4111,20252
1846,19598
1846,19197
1846,8567
1846,17846
1846,13288
1846,17067
1846,1377
1846,13060
1846,17572
1846,11620
1846,6932
1846,1773
1846,1625
1846,14713
1846,18588
1846,17613
1846,7304
1846,8401
1846,15416
1846,10059
1846,1991
1846,12863
1846,3082
1846,12993
1846,16589
1846,1558
1846,5473
1846,10288
1846,16362
1846,10431
1846,13678
3999,15112
3999,2925
3999,19110
3999,16115
3999,10869
3999,5931
3999,18737
3999,12998
3999,463
3999,7717
3999,10212
3999,5487
3999,11375
3999,20243
3999,10092
3999,10327
6482,4971
6482,4559
6482,3286
6482,17991
6482,15435
6482,4321
6482,1852
6482,15826
6482,11571
6482,2998
6482,995
1533,15599
1533,19242
1533,7774
1533,10022
1533,5786
1533,10562
9685,14915
9685,19174
9685,14244
9685,3639
9685,4448
9685,4085
9685,5039
9685,2044
9685,19494
9685,14010
9685,12388
9685,10657
9685,3025
9685,4881
9685,9001
9685,3950
9685,20590
9685,9020
9685,3173
9685,10436
9685,6870
9685,3210
9685,9701
9685,15360
9685,9361
9685,11505
9685,6309
9685,12178
937,12714
937,8523
937,119
937,13910
937,4384
937,6583
937,11301
937,3495
937,16351
937,11609
937,1453
937,16006
937,1507
937,12256
937,14095
937,11459
937,20027
937,6708
937,5874
937,1799
2887,20155
2887,2765
2887,12582
2887,18678
2887,9654
6031,20362
6031,3362
6031,6406
6031,11971
6031,11754
6031,13363
6031,9683
6031,15450
6031,14530
6031,12813
6031,19685
6031,17296
3816,9663
3816,10623
3816,20228
3816,825
3816,14182
3816,19714
3816,19611
3816,4985
3816,5287
3816,13742
3816,6738
3816,5697
3816,6516
3816,3613
3816,14220
7650,17643
7650,10930
7650,12230
7650,13304
7650,15035
7650,12067
7650,19734
7650,3023
7650,17029
7650,19184
7650,8617
7650,8518
7650,18873
7650,12600
7650,8934
7650,19483
7650,15040
7650,880
7650,20462
7650,14316
7659,14699
7659,3837
7659,11950
7659,8011
7659,4253
7659,4083
7659,8817
7659,10887
7659,7325
7659,4850
7659,9630
7659,10593
2789,19502
2789,5524
2789,18866
2789,16834
2789,20148
7987,20480
5014,20310
5014,14
8894,3218
8894,16192
8894,11799
8894,19820
8894,18265
8894,17585
8894,12832
8894,2490
8894,11117
8894,12971
8894,5119
8894,11331
8894,5212
8894,693
8894,4668
8894,3850
8894,1467
8894,13574
8894,10991
8894,16414
8894,3389
8894,14754
8894,15052
8894,6125
8894,9581
8443,14119
8443,20514
8443,16629
8443,19832
8443,3390
8443,2011
8443,12021
8443,18454
8443,15641
8443,6480
8443,8367
8443,19536
8443,17658
8443,4818
8443,17330
8443,6299
6770,18499
6770,11724
6770,13756
6770,2515
6770,9621
6770,6551
6770,1766
6770,19362
6770,12253
6770,18765
6770,16496
6770,228
6770,620
6770,7303
6770,14508
6770,17546
6770,20408
6770,9911
6770,16471
6770,1061
6770,9162
6770,5543
6770,10686
6770,3673
6770,3041
6770,4484
6770,13302
6770,12177
6770,2890
6770,1608
6770,13086
6770,9720
6770,4346
6770,16525
6770,6644
6770,3876
6770,11154
6770,272
6770,3736
6770,12650
6770,16239
6770,16818
6770,16481
6770,14717
6770,2315
6770,15630
6770,14053
6770,18686
6770,14032
6770,840
6770,3415
6770,9924
6770,7084
6770,5875
6770,8962
6770,3187
6770,1864
6770,16140
6770,16787
6770,11074
6770,6774
6770,17790
6770,2830
6770,15172
6770,2220
6770,10599
6770,2906
6770,1647
6770,6684
6770,756
6770,14496
6770,16526
6770,1594
6770,6154
6770,2897
6770,14665
6770,17699
6770,147
6770,10043
6770,366
6770,17260
6770,12926
6770,9762
6770,16530
6770,1428
6770,6490
6770,12111
6770,18059
6770,10234
6770,16290
6770,4970
6770,5928
6770,2146
6770,1364
6770,10632
6770,11028
6770,1037
6770,4772
6770,5847
6770,12713
9508,3998
9508,10425
9508,15938
9508,4822
9508,19326
9508,2064
9508,18504
9508,9747
9508,578
9508,15189
9508,19478
9508,6307
9478,13620
9478,19340
9478,17577
9478,5381
9478,10046
9478,10797
9478,5983
9478,18130
9478,1738
9478,19812
9478,12670
9478,17281
9478,5346
9478,7473
9478,16561
9478,7871
9478,2772
9478,1522
9478,10898
9478,12399
9478,951
9478,4689
6835,11622
6835,636
6835,13248
6835,9228
6835,1389
6835,10978
6835,4413
6835,17195
6835,11809
6835,15775
6835,2060
1633,5934
1633,13307
1633,17183
1633,5959
1633,18773
1633,7846
1633,14774
1633,20072
1633,13438
1633,15500
1633,2460
1042,20038
1042,10776
1042,1719
1042,18344
1042,15374
973,10160
973,14410
973,20032
8525,9193
8525,8654
8525,19348
8525,19693
8525,4433
8525,12956
8525,20521
8525,506
8525,8823
8525,2558
8525,10824
8525,12859
8525,5973
479,19986
3089,19908
3089,5268
3089,5642
3089,4457
3089,9070
3089,12672
3089,2320
3089,1212
3089,5573
3089,5093
3089,10489
3089,15686
3089,2040
3089,20171
9300,12143
9300,9750
9300,12462
9300,7821
9300,325
9300,19198
9300,1063
9300,16984
9300,13193
9300,20562
4617,20288
4617,15211
4617,15287
4617,298
8605,20524
8605,18599
8605,49
8605,9974
8605,8673
8605,8029
8605,13857
8605,10969
8605,5980
8605,6838
8605,5416
8605,14895
8605,10381
8605,290
8605,9543
8605,12393
7361,15804
7361,2717
7361,9886
7361,3685
7361,17627
7361,9417
7361,11099
7361,2505
7466,14485
7466,19434
7466,17662
7466,7974
7466,17781
7466,14350
7466,19460
7466,10256
7466,1787
7466,217
7466,12238
7466,1618
7466,12449
7466,5188
7466,856
2521,269
2521,6157
2521,16318
2521,3605
2521,9431
2521,5871
2521,7284
2521,5453
2521,19438
1685,20075
1685,16175
1685,11788
1685,5029
1685,16538
1685,19126
1685,13584
1685,17283
1685,18532
1685,5147
1685,19129
6659,20398
2894,15879
2894,14183
2894,5274
2894,19798
2894,1815
2894,10782
2894,1388
2894,6419
2894,20158
6166,5281
6166,2225
6166,9656
6166,5873
6166,9041
6166,14068
6166,6559
6166,20369
6166,13498
6166,7046
6166,8704
6166,16665
3938,11994
3938,10190
3938,8573
3938,6885
3938,13145
3938,6329
3938,16369
3938,2080
3938,9576
3938,9294
3938,1262
3938,11734
3938,13781
3938,9178
3938,8668
3938,20239
3938,18505
3938,11122
3938,8369
9110,4010
9110,6565
9110,18510
9110,15202
9110,4637
9110,4866
9110,6068
9110,949
9110,20552
9110,12788
9110,9051
9110,14328
9110,8188
9110,16467
4015,1067
4015,13078
4015,16123
4015,270
4015,11194
4015,12846
4015,6837
4015,4803
4015,14310
4015,19740
4015,7560
4015,2703
6964,8323
6964,9875
6964,15820
6964,11587
6964,1606
6964,12981
6964,2211
6964,1536
3497,13897
3497,20201
5741,12627
5741,10453
5741,14701
5741,19520
5741,11928
5741,18444
5741,15377
5741,3637
5741,17535
5741,8348
5741,14566
4509,7263
4509,5257
4509,14473
4509,12073
4509,7472
4509,13671
4509,4292
4509,4123
4509,18032
4509,13344
4509,4204
4509,11878
4509,11067
4509,6760
4509,17922
4509,18673
4509,12203
4509,16624
4509,18213
4509,853
4509,9111
4509,9932
4509,12262
4509,19525
4509,823
4509,19303
4509,17378
4509,7896
4509,1198
4509,16267
4509,19053
4509,14141
4509,7976
4509,11242
4509,10082
4509,13035
4509,19531
4509,6463
4509,261
4509,291
4509,888
4509,18896
4509,14459
4509,8425
4509,4304
4509,15867
4509,19560
4509,794
4509,13831
4509,15366
4509,6606
4509,8274
4509,8200
4509,12368
4509,2127
4509,15102
4509,12084
4509,9960
4509,14672
4509,16711
4509,15615
4509,1977
4509,8119
4509,7182
9000,13490
9000,4136
9000,19073
9000,16359
9000,12103
9000,7879
9000,6638
9000,1159
9000,6593
9000,4366
9000,14598
172,18937
172,8187
172,15174
172,9563
172,13437
172,14981
172,10961
172,2914
172,3589
172,11431
172,7221
172,9306
172,5273
172,4704
172,2014
172,8825
172,9316
172,20237
172,2435
172,16659
172,19971
2367,14997
2367,20118
1174,13782
1174,18181
1174,3305
1174,16739
1174,19897
1174,8443
1174,17666
1174,11512
1174,2188
1174,17513
1174,14608
1174,17268
1174,17410
1174,11764
1174,17525
1174,4493
1174,6044
1174,18788
1174,890
1174,9232
1174,4093
1174,1915
1174,10490
1174,18683
1174,17094
1174,5358
1174,1838
1174,10749
1174,15004
1174,2782
1174,16906
1174,17038
1174,14016
1174,17797
1174,16907
1174,17426
1174,16224
1174,8394
1174,13272
1174,12977
1174,6532
1174,16057
1174,1390
1174,17007
1174,3883
1174,17534
1174,11727
1174,295
1174,20046
1174,15657
1174,1929
1174,2534
1174,12519
3545,20206
7272,17061
7272,8035
7272,7181
7272,16841
7272,14285
7272,3902
7272,5922
7272,4368
7272,5795
2976,18842
2976,6830
2976,7307
2976,20165
2976,4835
2976,17121
2976,12706
2976,10772
2976,18879
2976,17681
2976,7539
2976,18119
2976,17311
2976,10921
2976,12565
2976,16347
8474,20516
8474,8727
8474,12535
8474,8220
8474,13182
8474,15947
8474,16575
8474,1358
8474,18533
8474,16257
8474,19864
8474,16177
8474,12480
8474,16506
8474,15939
8474,11077
8474,17737
6728,20405
6728,6097
6728,7885
6820,20416
6820,14268
6820,6988
6820,8969
6820,4886
8984,3556
8984,9151
8984,9564
8984,7052
8984,18772
8984,15845
8984,19223
8984,9482
8984,20540
8984,10001
8984,11167
3931,20238
3931,1808
3565,20209
9458,4613
9458,16089
9458,2361
9458,2976
9458,19751
9458,11370
9458,5681
9458,508
9458,2162
9458,12059
9458,12911
9458,4356
9458,11772
9458,5657
9458,13728
9458,16329
9458,214
7338,19508
7338,5775
7338,2856
7338,11790
7338,20441
7338,14155
7338,5903
7338,17531
7338,4472
7338,16760
7338,4359
4361,16702
4361,5998
4361,623
4361,8951
4361,17916
4361,11316
3671,7211
3671,7493
3671,16426
3671,6020
3671,8209
3671,931
3671,6336
3671,6396
3671,9734
3671,11647
3671,9655
3671,2586
3671,8069
3671,8148
3671,9807
3671,11387
3671,18903
3671,4600
3671,14814
3671,17783
1611,4661
1611,11726
1611,14160
1611,17073
1611,10353
1611,13745
1611,2299
1611,20068
1611,15505
1611,14538
1611,6411
1611,14019
1611,6244
6681,689
6681,2833
6681,20400
6681,13325
6681,18465
6681,15099
6681,7822
6681,7807
6681,5763
6681,8660
6681,12010
6681,728
6681,10967
6681,9913
6681,12358
6681,2614
6681,15304
6681,2371
5760,19256
5760,3061
5760,19844
5760,9970
5760,1819
5760,3275
5760,6759
5760,7006
5760,19427
5760,3890
5760,11159
5760,839
5760,13355
5760,3585
5760,17302
5760,11203
5760,2400
5760,15609
5760,4629
5760,12166
5760,4815
5760,16022
5760,6726
5760,15036
5760,18426
5760,7498
5760,3123
5760,6797
5760,15635
5760,6799
390,12649
390,1346
390,4475
390,19982
390,1617
390,1478
390,2737
390,4797
390,17541
390,18638
390,13488
390,12371
390,3453
390,10193
1316,13489
1316,8127
1316,20054
1316,8427
1316,6922
1316,17364
1316,13071
1316,8678
1316,14113
1316,12622
1316,17656
6541,8932
6541,11187
6541,4191
6541,13107
6541,9501
6541,5577
6541,7650
6541,2864
6541,14588
6541,3560
6541,5546
6541,20391
6541,14697
6541,10987
6541,15533
2839,20151
6779,3983
6779,20412
6779,5675
6779,18534
6779,12176
6779,7481
6779,9943
6779,970
6779,7987
6779,148
249,17149
249,8302
249,19921
249,1126
249,12834
249,2375
249,1273
249,17927
249,14934
249,19974
249,15507
249,17739
249,1059
249,13882
249,3213
249,15470
249,3848
249,6095
7455,7000
7455,7442
7455,7137
7455,575
7455,4809
7455,5963
7455,11598
7455,4742
7455,7851
7455,18188
7455,8971
7455,18435
7455,18087
7455,5933
7455,4962
5912,13987
5912,5206
5912,6397
5912,13079
5912,8912
5912,19247
5912,9189
5912,11394
5912,9798
5912,10139
5912,5478
5912,17792
5912,13873
5912,10768
9090,20550
2511,1657
2511,1154
2511,15300
2511,20130
2511,1
2511,14165
2511,3724
2511,5399
2511,15129
2511,15060
2511,17141
2511,3569
2511,16916
2511,986
2511,3128
2511,13435
2511,20049
2511,17571
2511,18887
2511,7057
2511,9102
2511,15803
2511,7935
2511,16149
2511,1035
2511,3047
2511,17177
2511,11683
6430,20387
6430,10888
1581,332
1581,15587
1581,7195
1581,11478
1581,20063
1581,11768
1581,2433
1581,1595
1581,1885
1581,15942
1581,6316
1581,2761
1581,19828
1581,13409
1581,17791
1581,10114
1581,7198
1581,3472
1581,9516
1581,6064
1581,15118
1581,1420
7362,2063
7362,16560
7362,6235
7362,19830
7362,10374
7362,5679
7362,14386
7362,1772
7362,15476
9505,10302
9505,4430
9505,19005
9505,11601
9505,9505
9505,2630
9505,301
9505,19920
9505,19457
9505,20577
9505,18811
9505,5667
4466,612
4466,20276
4466,2263
4466,15910
4466,2624
4466,13430
4466,2527
4466,14628
4466,17599
4466,11115
4466,15524
4466,12428
4466,12963
4466,9223
4466,11706
4466,11681
4466,17127
4466,9404
4466,3976
4466,13028
4466,16039
4466,940
4466,13811
4466,7607
4466,680
4466,5812
4466,7877
4466,12647
4544,8480
4544,9219
4544,16660
4544,7475
4544,20285
4544,2873
4544,14088
4544,12068
4544,12466
4544,4436
4544,13908
8826,12726
8826,11200
8826,16497
8826,292
8826,2497
8826,13596
8826,2287
8826,3359
4575,20287
4575,14746
4575,18105
4575,12443
4575,5249
4575,7843
4575,7059
4575,3775
4575,321
4575,19953
4575,3628
8997,5512
8997,9419
8997,1463
8997,129
8997,10433
8997,9898
8997,9104
8997,1306
8997,18086
8997,14491
8997,8418
8997,5217
2022,6836
2022,9161
2022,18232
2022,5386
2022,12136
2022,16724
2022,6953
2022,14575
2022,17529
2022,11089
2022,3632
2022,12815
2022,17536
2022,13759
2022,1679
2022,3063
2022,2681
2022,15928
2022,9539
2022,16784
2022,3498
2022,20095
2022,10481
2022,8522
2022,7552
2022,920
2022,2100
2022,13442
2022,3986
2022,19496
2022,15412
2022,2357
2022,608
2022,5615
2022,17559
2022,17924
2022,12715
2022,9260
2022,1737
2022,4065
2022,15737
2022,12181
9030,20547
6989,14644
6989,15637
6989,20421
6989,7357
6989,1601
6989,16238
6989,5923
6989,18300
6989,3455
6989,2272
6989,6773
6989,6454
6989,16770
6989,1298
6989,14677
8048,15752
8048,11191
8048,5668
8048,10577
8048,14338
8048,13173
8048,19762
8048,4963
8048,3674
8048,5888
8048,20486
2299,1959
2299,6367
2299,9739
2299,8602
2299,18418
2299,10070
2299,10173
2299,13133
2299,5721
2299,1324
2299,8372
2299,2055
2299,13622
2299,6256
2299,20110
6762,15658
6762,20407
6762,19154
6762,2168
6762,7696
6777,1080
6777,20411
9961,6000
9961,20608
9961,13321
7157,7752
7157,20431
7157,7277
7157,10740
7157,216
7157,3114
7157,341
7157,12939
7157,18281
7157,501
7157,19041
7157,10258
7157,19292
7157,1806
7157,7386
7157,9265
7157,11725
7157,7190
7157,6246
7157,5128
7157,418
2365,10667
2365,8609
2365,7161
2365,1599
2365,11058
2365,18503
2365,10544
2365,13146
2365,10823
2365,4071
2365,18919
2365,414
2365,395
2365,10271
2365,17086
4069,16929
4069,10444
4069,18630
4069,16361
4069,12979
4069,1294
4069,13094
4069,20248
4069,17180
4069,989
4069,11902
5612,16912
5612,12482
5612,7251
5612,9604
5612,20341
5612,1559
5612,16181
5612,3925
5612,253
5612,18098
5612,1532
5612,7125
5612,1349
5612,1426
5612,18854
5612,9800
5612,14719
5612,13744
5612,4403
5612,12709
5612,12047
5612,11991
5612,17249
5612,17025
5612,5572
5612,398
5612,11875
5612,5853
5612,16651
5612,2105
5612,6133
1631,634
1631,19704
1631,11145
1631,1753
1631,9029
1631,5365
1631,19049
1631,10242
1631,17919
1631,16997
1631,19439
1631,15084
1631,7839
1631,11639
1631,11997
1631,5421
1631,19551
1631,12957
1631,2818
1631,11334
1631,10101
1631,17923
1631,6628
1631,11492
1631,8599
1631,17659
1631,12753
1631,3598
1631,10404
1631,9389
1631,14761
1631,16858
1631,9738
1631,5972
1631,9458
1631,7689
1631,14411
1631,14324
1631,8402
1631,1672
1631,6346
1631,16995
1631,16985
1631,11901
1631,13995
1631,16640
1631,11883
1631,16679
1631,10936
1631,6489
1631,8708
1631,5063
1631,18470
1631,6580
1631,9612
1631,8923
1631,10398
1631,2826
1631,10136
1631,10221
1631,12362
1631,5832
1631,5388
1631,13255
1631,5805
1631,7127
1631,12654
1631,4247
1631,14011
1631,3267
1631,13356
1631,13774
1631,5114
1631,1136
1631,10960
1631,18133
1631,12040
1631,7967
1631,8047
1631,14211
1631,9222
1631,14304
1631,5339
1631,1988
1631,13130
5197,20320
7506,12464
7506,6654
7506,9351
7506,14815
7506,4688
7506,17108
7506,618
7506,6434
7506,6482
7506,12229
7506,806
7506,3734
7506,5648
7506,1572
7506,6023
7506,1097
7506,10440
7506,15344
7506,14808
7506,20448
7506,18522
7506,4871
7506,1779
7506,18413
7506,8996
7506,587
7506,11120
7506,13955
6201,5584
6201,5726
6201,4594
6201,479
6201,8690
6201,15801
6201,19333
6201,5941
6201,13777
6201,1811
6201,3428
6201,8246
3705,10208
3705,20
3705,14482
3705,18721
3705,2101
3705,7225
3705,10017
3705,17147
3705,9961
3705,17664
3031,20167
3031,5272
7528,9083
7528,3072
7528,5670
7528,6894
7528,12074
7528,15546
7528,13257
7528,302
7528,9107
7528,10020
7528,2068
7528,4249
7528,8434
7528,2379
7528,13261
7528,1770
7528,20450
7528,2803
7528,19592
7528,15750
8622,20526
8622,9865
8622,13468
8622,1440
8622,1451
8622,15070
8622,3946
8622,10042
8622,13346
8622,8753
8622,707
8622,16126
9261,12765
9261,4882
9261,20596
9261,11629
9261,9145
9261,649
9261,17116
9261,18511
9261,16895
9261,19493
9261,2609
9261,9426
9261,20558
9261,11346
9261,9967
9261,3549
4524,14986
4524,2314
4524,17639
4524,5867
4524,8089
4524,12884
4524,15315
4524,1287
4524,19314
4524,1543
4524,11863
5439,19078
5439,15401
5439,954
5439,15313
5439,8539
5439,1165
5439,5649
5439,14455
5439,8813
5439,1600
5439,14728
5439,9469
5439,14600
5439,2503
5439,17113
5439,2822
5439,4806
5439,17003
5439,13683
5439,19562
5439,20332
605,10814
605,6473
732,17581
732,20010
732,10228
732,19363
732,19717
732,9992
732,720
732,10620
732,12020
732,13938
732,11305
732,4037
6349,20381
6349,16432
8424,20512
8424,2432
8424,17807
8424,13626
8424,7572
8424,8489
8424,17261
8424,19011
8424,3330
8424,3975
6699,9583
6699,2205
6699,4930
6699,11904
6699,2426
6699,2779
1648,3911
1648,20073
1648,11327
1648,86
1648,9561
1648,19614
1648,15778
1648,9578
1648,12934
1648,7853
1648,8913
483,10519
483,9983
483,2698
483,12766
9295,2037
9295,12409
9295,4000
9295,16005
9295,4286
9295,14500
9295,4250
9295,5163
9295,14935
9295,20561
9295,10561
6332,20379
6332,17102
6332,18860
6332,17663
6332,5104
6332,19329
6332,11215
6332,3521
6332,1221
6332,2221
6332,9456
6332,13134
6332,2962
6332,18282
8198,7909
8198,4991
8198,4048
8198,15205
8198,1482
8198,7177
8198,9644
8198,9055
8198,11877
8198,15251
8198,15563
8198,8466
8198,18025
8198,18550
8198,572
8198,4393
8198,6972
8198,8236
8198,8728
8198,2641
8198,18455
8198,8363
8198,17288
8198,16654
8198,10107
8198,20495
8198,3531
8198,10786
8198,12422
8198,12118
8198,2870
8198,10622
8198,1785
8198,717
8198,10710
8198,12433
8198,14593
8198,3720
8198,9021
8198,18792
8198,6778
8198,370
8198,17215
6988,17079
6988,19715
6988,1590
6988,1216
6988,19707
6988,16982
6988,12303
6988,3172
6988,7260
6988,20097
6988,15868
6988,15071
6988,3752
6988,4082
6988,7041
6988,2232
6988,15974
6988,19280
6988,16227
6988,18690
6988,17976
6988,18674
6988,19407
6988,9880
6988,6393
6988,646
6988,19579
6988,16845
6988,19923
6988,4853
6988,11690
6988,17023
6988,8873
6988,3431
6988,13696
6988,16093
6988,18423
6988,6443
6988,12523
6988,1050
6988,17432
6988,7620
6988,12320
6988,19755
6988,5866
6988,18945
6988,7785
6988,1071
6988,12543
6988,10033
6988,8025
6988,10130
6988,13207
8161,13186
2350,7327
2350,1827
2350,13410
2350,13270
2350,12517
2350,7194
2350,6735
2350,1325
2350,12479
2350,14526
2350,10502
2350,20116
2350,12741
2350,12960
2350,18252
2350,14434
2350,19031
6179,7528
6179,13361
6179,2893
6179,16294
6179,10608
6179,20370
6179,13127
6179,10560
6179,13208
9367,1223
9367,9768
9367,14800
9367,17016
9367,10903
9367,8423
9367,20568
9367,18040
9618,17397
9618,20583
9618,17394
9618,8598
9618,6204
9618,17793
9618,9710
9618,11893
9618,17404
9618,15767
9618,7712
3888,19753
3888,2378
3888,12510
3888,12167
3888,19007
3888,10176
3888,14618
3888,674
3888,19072
3888,18289
3888,1350
9241,12683
9241,6526
9241,1188
9241,6050
9241,8811
9241,8234
9241,18125
9241,12894
9241,14727
9241,12574
9241,9256
9241,15201
9241,845
9241,4824
9241,4117
3354,12390
3354,20194
3354,18643
3354,14879
3354,9253
3354,8867
3354,3669
3354,7884
7875,5843
7875,15050
7875,9086
7875,138
7875,580
7875,14931
7875,79
7875,14939
7875,16311
7875,17573
2720,19040
2720,1093
2720,18346
2720,15509
2948,20162
2948,8629
2948,14122
2948,14654
2948,16602
2948,15837
2948,7629
2948,18002
2948,17508
2948,15007
2948,14380
2948,8543
2948,8095
2948,1891
2948,15773
2948,12211
2948,8586
2948,17940
2948,5833
2948,10395
2570,8508
2570,17888
2570,16125
2570,16958
2570,2437
2570,14071
2570,552
2570,20132
2570,7301
2570,9937
2570,14627
2570,18767
2570,18421
2570,523
2570,16200
2570,18641
2570,3212
2570,11411
2570,8848
2570,15267
2570,9845
2570,4199
2570,19325
2570,6768
2570,8605
2570,17269
2570,16462
2570,5383
2570,17698
2570,8245
2996,3409
2996,11523
2996,7470
2996,18010
2996,5961
2996,10119
2996,15591
2996,17188
2996,8356
2996,12342
2996,16053
7152,20430
2968,15266
2968,15596
2968,12693
2968,16160
2968,6257
2968,6230
2968,3693
2968,15619
2968,1075
2968,6075
2968,14181
2968,16872
2968,9144
2968,12350
2968,11678
2968,9968
2968,4660
2968,2004
2968,11268
2968,7288
2968,4678
2968,7071
2968,3482
2968,18833
2968,4192
2968,4941
2968,3574
2968,18554
2968,11281
2968,9380
2968,19217
2968,206
2968,9310
2968,9378
2968,6409
2968,13053
2968,3117
2968,3728
2968,71
2968,18894
2968,5632
2968,9532
2968,10799
6817,20415
6817,3581
6817,12555
6817,4904
6817,3120
8499,17527
8499,3980
8499,12191
8499,8152
8499,4067
8499,19497
8499,13785
8499,16939
8499,7614
8499,7949
8499,13715
8499,17713
8499,6874
8499,2805
8499,10863
897,20023
897,2237
897,19330
897,17678
897,594
897,7132
897,12646
897,1028
897,15864
897,2629
897,1840
897,6613
897,658
897,19440
897,7995
897,6347
897,8752
897,1190
8761,5359
8761,6398
8761,9036
8761,9782
8761,15713
8761,12843
8761,10500
8761,4909
8761,12810
8761,80
8761,13835
8761,16339
2780,4076
2780,18039
2780,4923
2780,20146
2780,5509
9863,3550
9863,3608
9863,11572
9863,7299
9863,16222
9863,4973
9863,2861
9863,17987
9863,11568
7016,10323
7016,20424
7016,3653
7016,2728
7016,9079
7016,7669
7016,10510
7016,18027
7016,11703
7016,14910
7016,8569
7016,3480
7016,9823
7016,18216
5810,17442
5810,2866
5810,16164
5810,13778
5810,8308
5810,16726
5810,12585
5810,10845
5810,20352
5810,11008
272,19975
272,7340
272,13888
272,14169
272,4710
272,3001
272,14353
272,15353
272,6112
272,16941
272,19811
272,16678
272,941
272,17660
530,1299
530,9518
530,17588
530,8576
530,19991
530,19852
530,143
530,10201
530,16953
530,15958
530,1384
530,11264
530,13192
1805,18907
1805,15956
1805,1883
1805,18890
1805,2104
1805,2899
1805,11417
1805,19284
1805,10044
1805,12333
1805,11015
5756,1825
5756,9489
5756,16716
5756,9931
5756,102
5756,13942
5756,10452
5756,11674
5756,5879
8341,10126
8341,6741
8341,6509
8341,1755
8341,4469
8341,6494
8341,12824
8341,18779
8341,20504
8341,8219
537,18755
537,15197
537,319
537,5625
537,13573
537,3132
537,3651
537,19336
537,6612
537,19576
537,8882
537,19000
537,19791
537,7092
537,10478
537,19992
9169,20554
9169,11651
9169,12818
9169,18376
9169,11718
9169,9613
9169,16360
9169,10951
9169,17498
9169,8985
9169,20455
727,20008
727,18838
727,2694
727,15410
727,405
727,14656
727,2656
727,17843
727,1798
727,9048
727,1508
727,18217
1911,6427
79,19961
79,5966
79,6993
79,1781
79,10197
79,6171
79,18028
79,3387
1875,19910
1875,17992
1875,17802
1875,14023
1875,12049
1875,14423
1875,15087
1875,19390
1875,2302
7548,657
7548,20454
7548,6817
7548,13636
7548,11021
7548,5075
7548,6860
4402,6415
4402,5118
4402,4277
4402,15727
4402,15269
4402,1103
4402,9548
4402,8179
4402,16524
4402,19135
4402,14320
4402,12201
4402,19068
4402,20269
4402,883
4402,17193
4402,15141
2149,20102
1600,9687
1600,20066
1600,18485
1600,19748
1600,8016
1600,19589
1600,5897
1600,15654
1600,8186
1600,16743
1600,19381
1600,12950
1600,11353
1600,17247
1600,11201
928,19268
928,20296
928,18974
928,9127
928,1151
928,12173
928,8741
928,5241
928,8745
928,13467
928,7612
928,5155
928,18812
928,8149
928,3076
928,20026
928,5066
7820,192
7820,17869
7820,9033
7820,16007
7820,14725
7820,333
7820,13497
7820,304
7820,4459
7820,1639
7820,3748
7820,19461
7820,19084
7820,11643
7820,12123
7820,15098
7820,4148
7820,2754
7820,8616
7820,12791
7820,7297
7820,10766
7820,729
7820,1800
7820,7840
2106,5683
2106,877
2106,13719
2106,887
2106,16124
2106,13323
2106,11379
2106,15695
2106,10055
2106,7185
2106,2096
2106,20098
2106,10567
2106,4150
1461,18570
1461,18313
1461,11775
1461,17657
1461,12790
1461,121
1461,8696
1461,2816
1461,12442
1461,20059
1461,11272
1461,19566
783,15747
783,7681
783,1611
783,4309
783,4477
783,3150
783,15650
783,6135
783,2903
783,15170
783,6597
783,10253
783,9635
3373,20197
3373,11029
3373,16767
3223,20181
3223,18633
3223,1094
3223,2603
3223,9522
3223,10668
3223,12909
3223,17314
3223,6777
3223,631
3223,8836
3223,16863
3223,19684
3223,12704
3223,9596
3223,11031
3223,6275
3223,978
9668,10191
9668,8677
9668,10747
9668,7103
9668,9394
9668,1289
9668,15041
9668,364
9668,8222
9668,7635
9668,18951
9668,6355
9668,9874
9668,7779
9668,13141
9668,8911
9668,1265
9668,7990
9668,7634
9668,1210
9668,5852
9668,8689
9668,1691
9668,18037
9668,12439
9668,9657
9668,14424
9668,6034
9668,19710
9668,10192
9668,15314
9668,6824
9668,17239
9668,12504
9668,20587
2052,16954
2052,20096
2052,19074
2052,9435
2052,6205
2052,2218
2052,8939
2052,14989
2052,2797
2052,19445
6144,12107
6144,5643
6144,16220
6144,3699
6144,20367
6144,15517
6144,7292
6144,2746
6144,3158
2476,18627
2476,14568
2476,13833
2476,15692
2476,11364
2476,9850
2476,11957
2476,3735
2476,19705
2476,20128
2476,16478
2476,12088
2476,2853
2476,10488
2476,15977
4836,16667
4836,3348
4836,20302
4836,9617
4836,5044
4836,17028
4836,7651
4836,16826
2634,8506
2634,6663
2634,2731
2634,11377
2634,18821
2634,1504
2634,3185
2634,1199
2634,7772
2634,3012
2634,6789
2634,2377
2634,3109
2634,18544
2634,2646
2634,9074
2634,16938
2634,1828
2634,16049
2634,5597
2634,15736
2634,4512
2634,17944
2634,12234
2634,10177
3645,16874
3645,18345
3645,16407
3645,15723
3645,14556
3645,7586
3645,2441
3645,15081
3645,15990
3645,19786
3645,908
3645,557
3645,13814
5559,15611
5559,12696
5559,9752
5559,14613
5559,15455
5559,4995
5559,18871
5559,569
5559,11313
5559,1329
5559,17788
5559,17315
5559,3794
5559,10919
5559,3493
5559,2559
5559,12245
5559,2740
5559,15593
5559,10948
5559,19064
5559,14611
5559,9726
5559,13851
5559,17153
5559,3071
5559,8505
5559,4978
5559,4494
5559,10838
5559,11237
5559,17257
5559,8087
5559,3487
5559,8780
5559,15343
5559,6648
5559,11440
5559,16463
5559,1751
5419,11246
5419,17486
5419,16935
5419,4507
5419,4706
5419,18863
5419,1181
5419,20330
5419,11544
5419,8675
5419,3055
5419,17694
5419,4956
5419,13731
162,2516
162,19970
162,11834
162,2267
162,1424
162,16097
162,12662
162,5151
162,504
162,13978
162,2739
162,11087
944,7963
944,903
944,11287
944,5901
944,9494
944,9053
944,1764
944,9011
944,15927
944,20029
1219,11471
1219,6403
1219,7257
1219,13651
1219,12283
1219,8751
1219,19092
1219,9626
1219,13477
1219,4312
1219,16586
1219,16174
1219,10312
1219,5318
1219,9183
1219,10933
1219,3424
1219,1401
1219,7938
1219,5517
1219,13619
1219,14036
1219,2913
1219,2089
1219,17287
1219,19186
1219,15101
1219,4854
1219,345
1219,10711
1219,1486
1219,443
1219,12692
1219,11804
1219,16574
1219,2509
1219,15091
1219,13163
1219,359
560,19994
560,18320
560,16191
560,867
560,3984
3879,20232
7055,9755
7055,20426
7055,11545
9137,14563
9137,20553
9137,16682
9137,848
9137,432
9137,16583
9137,70
9137,16099
9137,17367
9137,1776
9137,4912
9137,10013
9137,4040
9137,18667
9137,15469
9137,6178
9137,7800
9137,15032
9137,7093
9137,8170
9137,5423
9137,6268
9137,5396
9137,18342
9137,2367
9137,6951
9137,2517
9137,6990
9137,15514
5466,12114
5466,5869
5466,14938
5466,11624
5466,20336
5466,12498
5466,12426
5466,13411
5466,16653
5466,9131
5466,17871
5466,10677
5466,10413
5466,7090
5466,827
5466,10073
5466,7360
285,2572
285,4617
285,17478
285,14945
285,11324
285,5338
285,7969
285,1303
285,2048
285,15833
285,9891
285,19296
285,7068
285,17467
9895,2735
9895,3798
9895,11696
9895,18662
9895,13772
9895,2368
9895,11161
9895,1468
9895,8880
9895,20602
9176,4077
9176,7895
9176,15225
9176,20555
9176,9818
9176,18965
9176,1577
9176,5994
9176,13093
9176,13522
9176,18574
9176,7715
9176,11261
9176,4563
9176,11801
8382,17035
8382,4361
8382,1754
8382,13045
8382,20510
8382,4317
8382,15549
8382,12243
8382,5317
8382,15126
8382,11373
8382,6511
4418,15908
4418,3238
4418,10619
4418,716
4418,20270
4418,12299
4418,12556
4418,9092
4418,10135
4418,10110
6302,15272
6302,4899
6302,1201
6302,19615
6302,63
6302,20378
6302,14941
6302,5347
6302,17469
6302,5770
6302,6466
6302,10505
6302,1095
2763,1810
2763,10635
2763,13317
2763,13874
2763,10396
2763,20143
2763,15127
2763,6687
2763,12397
2763,14102
8011,4486
8011,20483
8011,9625
8011,15427
8011,7991
8011,8265
8011,3721
8011,6605
8011,2277
8011,15148
8011,13088
8011,17690
8011,17578
9729,14749
9729,11069
9729,2010
9729,13754
9729,11104
9729,11832
9729,14315
9729,2988
9729,7151
9729,14157
9729,2591
9021,16527
9021,5769
9021,19906
9021,20543
9021,8428
9021,12763
9021,18926
9021,6937
9021,9985
9021,233
9021,12009
9021,6535
9021,14366
9021,2385
9021,2806
9021,8267
9021,5026
9021,17651
9021,11642
9021,19408
9021,16098
9021,11351
9021,15253
9021,2773
9021,13761
9021,18492
9021,6667
1741,20080
1949,13314
1949,13611
1949,4808
1949,2496
1949,18763
1949,5023
1949,12982
1949,12344
1949,18383
1949,8352
1949,20094
1949,6315
1949,8718
1949,12757
1949,4611
1949,982
1949,3233
1949,17428
1949,14861
1949,17598
1949,16963
1949,18524
1949,17968
3266,20185
3266,1666
3266,14017
3106,11263
3106,19428
3106,15431
3106,15119
3106,7827
3106,8750
3106,18137
3106,14264
9343,17000
9343,2785
9343,13805
9343,6027
9343,10458
9343,8366
9343,13475
9343,3366
9343,8088
9343,20565
9343,5520
9343,2755
9343,8922
9343,17826
9343,1498
9343,10543
9343,16528
9343,200
9343,2335
9343,1990
369,13063
369,10009
369,19980
369,3459
369,6787
369,1735
369,14847
369,8046
369,12387
369,10174
369,19465
369,4237
3780,6791
3780,7793
3780,13142
3780,14664
3780,12106
3780,10691
3780,2487
3780,4246
3780,2948
3780,10148
3780,2871
3780,6037
3780,9803
3780,11769
3780,18200
3780,1568
3780,5516
3780,5384
3780,14444
3780,19649
3780,17766
3780,7222
3780,13115
3780,19263
3780,17334
3780,13286
3780,10744
3780,13986
3780,2800
3780,8896
3780,9210
3780,6790
3780,17579
3780,3844
3780,20225
3780,1008
3780,11012
3780,6607
3780,2696
3780,2661
3780,4561
3780,18594
3780,15303
3780,8196
3780,10654
3780,8756
3780,6852
3780,12879
3780,2388
3780,17721
3780,13320
1945,14025
1945,12197
1945,16644
1945,10829
1945,6455
1945,11072
1945,18160
1945,12196
1945,20093
1945,357
883,8250
883,16847
883,4056
883,15594
883,4672
883,4843
883,18406
883,16028
883,1054
883,2018
3706,3171
3706,2172
3706,17284
3706,3209
3706,11722
3706,772
3706,153
3706,11509
3706,17806
9677,20589
9677,6525
9677,1605
9677,15191
9677,4087
9677,15777
9677,14094
9677,2292
9677,4476
9677,5087
9677,3141
9677,14481
9677,8159
9677,257
9677,17389
9677,9349
9677,16102
9677,11000
9448,14443
9448,4525
9448,5566
9448,6002
9448,8255
9448,13312
9448,14246
9448,6031
9448,11805
9448,15169
9448,1903
9448,14818
9448,2412
9448,4816
9448,2244
9448,18784
9448,7867
9448,11229
9448,7786
9448,9511
9448,20574
9448,5437
9448,4827
3669,7431
876,996
876,19091
876,20022
876,11352
876,14330
876,11372
876,4190
876,5982
876,2900
876,14352
876,14286
8085,10614
8085,8153
8085,6337
8085,9050
8085,6658
8085,13525
8085,9019
8085,10872
8085,20488
8085,4485
8085,8829
8085,19608
8085,9332
8085,17975
8085,16337
4711,8578
4711,12087
4711,7556
4711,14799
4711,5194
4711,13280
4711,14688
4711,17049
4711,13749
4711,13135
4711,6177
4711,8339
4711,3552
4711,5774
4711,7154
4711,12642
4711,832
4711,18562
4711,13214
4711,17414
4711,16987
4711,14130
4711,2647
4711,3333
4711,9856
4711,838
4711,9771
4711,12149
4711,7531
4711,6893
4711,14831
4711,18443
4711,15534
4711,10590
4711,4444
4711,4766
4711,11996
4711,10574
6125,20365
3454,2701
3454,14988
3454,14726
3454,10096
3454,7328
3454,9944
3454,2508
3454,7881
3454,18212
3454,12789
3454,18323
3454,13025
3454,20199
3454,9320
3454,19814
3454,5916
3454,5861
3454,9692
3454,1319
3454,860
3454,1561
3454,12802
3454,14716
1879,13943
1879,871
1879,7486
1879,6827
1879,20088
1879,7591
1879,1790
1879,17204
1879,20156
1879,13219
1510,14961
1510,16144
1510,4079
1510,5090
1510,16060
1510,5230
1510,225
1510,9165
1510,7887
1510,6693
1510,2473
1510,2204
1510,18909
1510,4781
1510,688
1510,20061
1510,7330
1510,16891
1510,265
1510,1904
1510,5969
1510,11339
1510,602
1510,17754
1510,16004
1510,3930
611,19996
7644,19510
7644,5031
7644,16585
7644,15398
7644,2938
7644,5226
7644,2196
7644,8309
7644,898
7644,3152
7644,1312
7644,15164
7644,4254
7644,6046
7644,17950
7644,20560
7644,7518
7644,1832
7644,14201
7644,919
7644,14497
7644,5779
7644,15969
7644,19871
7644,18770
7644,15666
7644,14721
7644,9454
7644,12445
7644,16474
7644,9801
7644,6588
7644,1271
7644,16086
7644,18934
7644,8852
7644,15925
7644,15346
7644,19006
7644,17896
7644,50
7644,1101
7644,19588
7644,11934
7644,7874
7644,565
7644,17989
7644,18585
7644,9528
7644,2649
7644,13253
7644,17185
7644,10337
7644,12192
7644,859
7644,1257
7644,12755
7644,7119
7644,7844
7644,15757
7644,19384
7644,17800
7644,9003
7644,13820
7644,9834
7644,843
7644,20461
7644,19619
7644,2691
7644,2628
7644,9209
7644,7947
7644,11495
7644,11783
7644,5514
7644,12416
7644,8759
7644,13027
7644,2840
7644,3727
7644,17255
7644,6475
7644,9917
7644,17617
7644,6997
7644,2479
7644,14096
7644,5957
7644,15479
7644,1947
7644,12992
7644,9420
7644,3261
7644,3240
7644,12438
7644,2152
5855,9221
4278,20262
1710,9120
1710,2248
1710,20078
1710,1053
6136,6248
6136,2760
6136,20366
6136,17773
6136,19540
6136,2795
4999,540
4999,20309
4999,18230
4999,4616
4999,6542
4999,7440
4999,12101
4999,14602
884,18291
884,10899
884,4453
884,17484
884,14341
884,10758
884,8973
884,8550
884,12545
884,17131
14,3398
14,19957
14,4141
14,18462
14,2472
14,1227
14,9099
9688,4032
9688,846
9688,20592
9688,378
9688,9769
9688,5684
9688,7529
9688,8692
9688,7578
9688,8421
9688,1088
9688,16349
2891,5505
2891,5672
2891,798
2891,2334
2891,12241
2891,13316
2891,16546
2891,17435
2891,5863
2891,18955
2891,18126
2891,2851
2891,9619
2891,20157
2227,12372
2227,10064
2227,8071
2227,18169
2227,1362
2227,2034
2227,11602
2227,14105
2227,7502
2227,16903
2227,7454
2227,12805
2227,18118
2227,8561
2227,13426
2227,19538
4663,20292
8510,15029
8510,11961
8510,16619
8510,1995
8510,965
8510,12222
8510,17259
8510,5313
8510,11946
8510,19429
8510,14408
8510,13515
8510,1740
8510,8638
8510,20519
8510,4958
8510,15402
8510,7384
8510,5481
8510,1164
8510,176
8510,13015
8510,4279
8510,19631
8510,3259
8510,12391
8510,11491
8911,16964
8911,9498
8911,6076
8911,13528
8911,3028
8911,2163
8911,9608
8911,11793
8911,18990
8911,14399
8147,9004
8147,6611
7413,20445
7413,8595
7413,15067
7413,20257
7413,17836
7413,15090
7413,16458
7413,8042
7413,6702
7413,4038
7413,13886
7413,18089
7413,6596
7413,1573
7413,19752
7413,1856
6676,4221
6676,10698
6676,10916
6676,1768
6676,15411
6676,12954
6676,12729
6676,3244
6676,1674
6676,15642
6676,5205
2107,2282
2107,4651
2107,1866
2107,8375
2107,16634
2107,5788
2107,16582
2107,18187
2107,19443
2107,6645
2107,17122
4021,20244
4021,17925
4021,9521
4021,18353
4021,13425
4021,20529
6781,12392
6781,10066
6781,18519
6781,10332
6781,2708
6781,7658
6781,1129
6781,4373
6781,16708
6781,10294
6781,5007
6781,1148
6781,2350
6781,9123
6781,749
6781,9342
6781,19444
6781,19054
6781,11315
6781,2969
6781,9716
6781,14298
6781,7235
6781,2827
6781,18959
6781,10352
6781,17997
6781,7982
6781,18867
6781,10546
6781,17881
6781,5351
6781,1372
6781,14740
6781,4394
6781,15356
6781,232
6781,7140
6781,15639
6781,19590
6781,19179
6781,10745
6781,17163
6781,18110
6781,4984
6781,11787
6781,279
6781,14937
6781,16041
7020,20425
4652,20291
8162,12636
8162,7722
8162,4812
8162,18739
8162,3048
8162,18624
8162,20492
8162,11321
2325,17192
2325,9416
2325,20113
2325,7463
2325,13061
2325,12809
2325,7280
2325,14912
2325,13198
2325,16915
2443,14209
2443,11798
2443,5740
2443,10401
2443,9233
2443,5185
2443,3880
2443,10375
2443,13455
2443,13860
2443,11040
2443,20123
2443,4360
2443,11109
2443,9550
9244,969
9244,13161
9244,19522
9244,15569
9244,6680
9244,19773
9244,4118
9244,9147
9244,13258
9244,12501
9244,11023
9244,16024
9244,17290
5956,20357
5956,8740
5956,11110
5956,10318
5956,13937
5956,2883
5956,1980
3174,6464
3174,20179
3174,8938
3174,13932
3174,4542
3174,2580
3174,4163
3174,19512
3174,15405
3174,7558
3174,19737
3174,14331
3174,9430
3174,12896
3174,5136
3174,14574
3174,17801
3174,9352
3576,6261
3576,9059
3576,8079
3576,240
3576,18949
3576,7789
3576,5590
3576,13542
3576,1237
3576,955
3576,7622
3576,7417
3576,5344
3576,15787
3576,16457
3576,1587
3576,16536
3576,9833
3576,20210
3576,4289
3576,17373
3576,11849
3576,12566
3576,2264
3576,7834
3576,16491
3576,3237
3576,15810
3576,13223
3576,7562
3589,15000
3589,20211
3589,8974
3589,662
3589,14773
3589,1333
3589,10279
8255,17920
8255,20241
8255,173
8255,3711
8255,2839
8255,13601
8255,20499
8255,8067
8255,10072
8255,14344
8255,18218
8255,16145
8255,12508
8255,2065
8255,14176
8255,13867
8255,11802
8255,5595
8255,11617
8255,979
8255,9712
8255,19511
8255,229
8255,5892
8255,1859
8255,18142
8255,14813
8255,15076
8255,7445
8255,13177
8255,7480
8255,57
8255,4501
8255,10391
8255,759
8255,15557
8255,2036
8255,8321
8255,5005
8255,19788
8255,9723
8255,8815
8255,7753
8255,12552
8255,1274
8255,12830
8255,17507
8255,7329
8255,9432
2650,20139
2650,18551
7123,20429
7123,16928
3236,16501
2497,7344
2497,7378
2497,2029
2497,6918
2497,2493
2497,18236
2497,15722
2497,19103
2497,20129
2497,797
3883,7050
3883,372
3883,19941
3883,1588
3883,15631
3883,5389
3883,1091
3883,13212
3883,4548
3883,5464
3883,11857
3883,10656
3883,4220
3883,12325
3883,18537
3883,14676
3883,20234
3883,9653
3883,7164
3883,12677
3883,4700
3883,4965
3883,4362
3883,3684
3883,17653
3883,15073
3883,17424
7487,17235
7487,1096
7487,2456
7487,10361
7487,1156
7487,13927
7487,3652
7487,11310
7487,4553
7487,11038
7487,15930
7487,19745
7487,16120
7487,8688
7487,19533
7487,20447
7487,16396
7487,3378
7487,11381
4785,6343
4785,3176
4785,15670
4785,3761
4785,11729
4785,14326
4785,13686
4785,9218
4785,10541
4785,7184
4785,5940
4785,17538
4721,5275
4721,9515
4721,20295
4721,15794
4721,545
4721,14203
4721,7605
4721,1580
4721,6747
4721,9202
4721,1335
4721,19286
4721,2820
4721,18294
4721,18512
4721,1275
4721,11460
4721,10088
9085,20549
9085,19602
9085,11296
9085,2533
9442,20573
9442,6352
9442,2915
9442,12664
6246,19790
6246,6902
6246,20372
6246,9602
6246,16071
6246,13815
6246,2057
6246,4323
6246,14223
6246,4739
6246,4832
6246,13160
718,11487
718,2734
718,12653
718,316
718,11779
718,14433
718,7276
4550,20286
4550,967
4550,3100
4550,18082
4550,7796
4550,876
4550,19719
4550,12786
4550,18013
4550,4820
4550,2556
4550,15438
4550,5911
1015,3763
1015,1182
1015,4713
1015,2022
1015,9246
1015,20037
1015,12261
1015,2198
1015,1013
1015,9531
1015,12188
1015,15065
1015,2295
1015,3995
1015,10257
4363,18333
4363,11150
4363,2524
4363,20267
4363,11037
4363,7369
4363,141
4363,15109
4363,3137
4363,14116
4363,9097
8375,13112
8375,2250
8375,11649
8375,6793
8375,7043
8375,7429
8375,8623
8375,3290
8375,8844
8375,4649
8375,12779
8375,6158
8375,19425
8375,5402
8375,7404
8375,20507
8375,11330
8375,10091
2173,20103
2173,5311
2173,8774
2173,19946
2173,5653
2173,8390
2173,597
2173,2448
2173,8591
2173,17252
2173,9634
2173,14450
2173,19338
2173,862
2173,14054
2173,13536
2173,1245
2173,10897
2173,110
2173,1042
215,19265
215,19232
215,14820
215,19972
9823,12972
9823,12931
9823,8965
9823,4723
9823,7538
9823,20598
9823,12277
9823,2353
549,4471
549,14052
549,19993
549,3421
549,4035
549,14225
549,12588
549,12559
549,3307
549,3377
549,18897
549,6570
4203,4473
4203,9571
4203,3515
4203,18568
4203,18351
4203,7234
4203,15185
4203,9381
4203,13519
4203,19469
4203,12447
4203,14889
4203,13075
5566,8818
5566,18606
5566,4666
5566,20338
5566,8045
5566,11267
5566,1771
5566,19690
5566,19463
5566,2213
5566,15504
5566,13981
5566,2972
5566,14692
5566,7471
5566,1085
5566,12707
5566,6592
2608,20138
2608,15298
5788,9302
5788,19824
5788,15167
5788,9520
5788,5327
5788,16304
5788,20351
5788,12138
5788,5742
5788,7073
5788,14750
5788,10801
5788,1332
5788,17818
5788,9504
5788,19412
735,2098
735,17275
735,18829
735,6753
735,12851
735,19097
735,14200
735,19020
735,1968
735,12839
735,13645
735,6032
8007,7792
8007,12613
8007,13638
8007,18247
8007,15884
8007,12048
8007,14787
8007,1355
8007,10090
8007,14829
8007,3726
8007,15338
8007,12564
8007,13966
8007,3953
8007,263
8007,4918
8007,5893
8007,3446
8007,4541
8007,803
8007,11260
8007,18646
8007,12158
8007,1282
8007,4550
8007,18166
8007,11437
1281,11354
1281,741
1281,4348
1281,6503
1281,4631
1281,17623
1281,3553
1281,17779
1281,13101
1281,20052
1281,3739
1281,2126
1281,18675
1281,5964
1281,16264
5297,17689
5297,13406
5297,17601
5297,3204
5297,8182
5297,19471
5297,14881
5297,14140
5297,19725
5297,5558
5297,10485
5297,18545
6013,16205
6013,12690
6013,7010
6013,4447
6013,6276
6013,19903
6013,20360
6013,5270
6013,16505
6013,11702
6013,308
6013,8041
6013,19373
6013,17609
4148,3320
4148,18288
4148,9484
4148,8566
4148,1563
4148,16085
4148,20255
4148,1115
4148,19455
5882,7817
5882,7989
5882,4468
5882,10328
5882,12674
5882,14262
5882,15417
5882,1851
5882,12593
5882,11266
5882,15874
5882,518
5882,4295
5882,512
5882,18702
5882,899
5882,5614
5882,4539
5882,11682
5882,7271
5882,1234
5882,2214
5882,11075
5882,19488
5882,3935
5882,9956
2841,6986
2841,20152
2841,15663
2841,16194
2841,7145
2841,15607
2841,19433
2841,16968
2841,5503
2841,2738
2841,403
2841,19233
2841,1207
2841,15037
2841,16031
2841,4663
2841,4708
2841,4905
2841,428
2841,2280
2841,2748
2841,19374
3229,8459
3229,20182
3229,3716
3229,18631
3229,14528
3229,12248
3229,8615
3229,13688
3229,4301
3229,10498
3229,12134
3229,3095
482,19575
482,17078
482,19987
482,16766
482,10099
482,248
482,1873
482,18963
482,5762
482,1413
9588,4300
9588,642
9588,11274
9588,19477
9588,3175
9588,7368
9588,8102
9588,5336
9588,6595
9588,18559
9588,1320
9588,6555
9588,10495
9588,16870
9588,4326
9588,579
9588,4133
9588,7163
9588,9607
9588,7512
2580,20133
2580,15406
2580,18566
2580,2033
7266,2531
7266,20437
7266,18007
7266,3040
7266,12524
7266,7863
7266,15396
7266,2518
7266,12472
7266,8328
3117,11314
3117,19411
3117,13402
3117,2841
3117,4008
3117,4381
3117,11413
3117,12208
3117,20174
3117,10108
3117,14932
3117,6819
3065,6523
3065,19770
3065,11943
3065,313
3065,16431
3065,17299
3065,7911
3065,16749
3065,7143
7392,8800
7392,12022
7392,16122
7392,4180
7392,17752
7392,8059
7392,132
7392,11825
7392,18211
7392,12819
7373,20443
6709,10000
6709,3558
6709,929
6709,10719
6709,20403
6709,6925
6709,12521
6709,13850
6709,9457
5628,8387
5628,19109
5628,5820
5628,14710
5628,16737
5628,20342
5628,15254
5628,2415
5628,15368
5628,637
5628,13784
5628,13887
4876,20304
4289,15763
4289,7773
4289,19397
4289,7667
4289,8351
4289,4711
4289,17879
4289,3795
4289,9945
4289,8889
4289,17795
4289,15383
3856,20229
8082,14396
8082,9258
8082,17675
8082,8391
8082,795
8082,7133
8082,10426
8082,18859
8082,17504
8082,13852
8082,3714
137,13068
137,5495
137,4961
137,14849
137,17492
137,14660
137,10974
137,13215
137,19969
137,4834
8368,8657
3057,20169
904,830
904,18969
904,577
904,8414
904,84
904,19521
904,15466
904,20024
904,13378
904,1703
904,15617
2343,14045
2343,16171
2343,1750
2343,20115
2343,4376
2343,11939
2343,2059
2343,13950
2343,18830
2343,17303
2343,8232
2343,19741
2343,4897
2343,13188
2343,252
2343,10956
2343,7243
6244,8487
6244,5760
6244,1741
6244,8112
6244,17495
6244,12284
6244,16657
6244,18655
6244,17702
6244,15830
6244,12528
6244,2137
6244,1142
5588,20339
7240,20435
7240,8863
7240,12970
7240,8207
7240,7523
7240,4084
7240,999
5449,12829
5449,15149
5449,686
5449,20335
5449,7633
5449,6813
5449,6052
5449,6695
9346,12414
9346,13704
9346,17635
9346,16955
9346,13233
9346,8909
9346,18349
9346,8464
9346,6168
9346,15840
9346,20566
9346,14679
9346,2242
9346,18250
9346,2918
1546,19767
3609,3576
3609,20213
3609,19943
3609,3078
3609,487
3609,6980
3609,19581
3609,10759
3609,12015
3609,19771
3609,7904
3609,15664
3609,3654
3609,19360
3609,11248
3609,3828
3609,14448
3609,18434
3609,15437
3609,13436
3609,7336
3609,7660
7990,7727
7990,4604
7990,8525
7990,13816
7990,1525
7990,3004
7990,10153
7990,18932
7990,1090
7990,8779
7990,1014
7990,17895
7990,2625
7990,13839
7990,5322
7990,750
7990,2431
7990,19601
7990,14162
1736,20079
6509,20389
6509,6470
6509,15461
6509,17839
6509,17921
6509,6678
6509,9159
6509,2798
6509,2144
6509,2540
6509,18653
7781,2538
7781,18560
7781,4186
7781,20471
7781,7021
7781,14266
7781,13812
7781,10703
7781,7183
7781,6944
7781,17181
7781,14554
4494,13614
4494,3542
4494,8843
4494,20279
4494,14851
4494,11457
4494,13365
3231,16016
3231,10241
3231,15256
3231,4034
3231,12502
3231,20183
3231,19175
3231,2372
3231,9595
3231,6429
3231,19476
3231,5411
3231,1596
3231,13201
3231,9704
8476,737
8476,14736
8476,6640
8476,2732
8476,7579
8476,18837
8476,7894
8476,7898
8476,6731
8476,20517
8476,17391
8476,3281
3735,15110
3735,15173
3735,18225
3735,16084
3735,20219
3735,19170
3735,10716
3735,3092
3735,17776
3735,9804
3735,11403
3735,8570
3735,19143
739,5624
739,14014
739,20011
739,19026
5159,11638
5159,13971
5159,3016
5159,16373
5159,4298
5159,3665
5159,11959
5159,4023
5159,9829
5159,350
5159,13657
907,2720
907,13121
907,19565
907,7226
907,6600
907,6794
907,10586
907,16062
907,2898
907,17549
907,11084
907,9507
907,3329
907,10125
907,18456
907,6379
907,7180
832,20019
6746,19282
6746,13031
6746,10866
6746,8218
6746,18411
6746,7278
6746,8210
6746,12509
1314,20053
1314,4411
1314,17872
1314,3166
1314,6653
1314,14803
1314,6251
1314,10826
1314,791
1314,18240
1314,5712
1314,2648
1314,7270
1314,10964
5413,14189
5413,9285
5413,13006
5413,249
5413,10998
5413,20329
8282,20501
5931,17237
5931,1550
5931,12561
5931,5764
5931,16201
5931,2343
5931,10827
5931,7419
5931,15955
5931,12783
5931,16196
5931,1253
5931,9954
5931,9606
5931,9575
6231,13508
6231,12085
6231,15440
6231,12881
6231,20371
6231,5924
6231,8918
6231,3192
6231,16966
6231,10681
6231,19045
6231,2122
6231,17620
6231,11130
6231,4823
3759,20222
3759,8514
7180,11661
7180,3295
7180,9398
7180,15031
7180,15114
7180,1396
7180,3394
7180,15022
7180,20432
7180,2468
7180,338
7180,13741
2604,1634
2604,11803
2604,2611
2604,684
2604,1462
2604,17956
2604,7402
2604,9264
2604,15624
2604,1652
2604,14758
2604,6306
2604,15532
2604,7805
2604,10851
2604,19716
2604,9224
2604,8540
2604,13138
2604,6167
2604,11082
825,465
825,1545
825,16904
825,12130
825,17964
825,8804
825,11217
825,18946
825,4538
825,5120
825,6546
825,6647
825,16830
4362,6073
4362,20266
4362,12903
815,14708
815,13504
815,935
815,6101
815,2149
815,2523
815,8357
815,4130
815,20018
815,347
815,4509
815,1366
815,8032
815,16332
9182,20556
9182,11065
9182,10124
2218,2804
2218,6784
2218,4338
2218,20106
2218,10402
2218,7627
2218,4787
2218,13420
2218,7483
2218,4528
2218,11829
2218,12062
9879,12966
9879,3195
9879,17497
9879,5209
9879,2519
9879,11311
9879,6765
9879,19810
9879,8781
9879,12947
9879,18262
9879,20601
3721,10685
3721,8144
3721,19161
3721,9410
3721,18960
3721,11973
3721,16639
3721,20217
3721,2285
3721,15789
9676,3402
9676,20588
8850,20536
8850,655
8850,19176
8850,8878
8850,16419
8850,6169
8850,17361
8850,19775
8850,2874
8850,19221
8850,19724
8850,1259
8850,11673
8850,18432
8850,18558
8850,13278
8850,593
8850,8003
8850,15165
8850,703
8850,16082
8850,5504
8850,7760
8850,16673
8850,15236
8850,12915
8850,16219
8850,13383
8850,10105
8850,10342
7377,12180
7377,6124
7377,1175
7377,18571
7377,13200
7377,11273
7377,7469
7377,19089
7377,708
2460,7467
2460,312
2460,11223
2460,14511
2460,11386
2460,16292
2460,8124
2460,2811
2460,68
2460,169
2460,6985
2460,10778
2460,9593
2460,19732
2460,13500
2460,8943
2460,16952
2460,6940
2460,19344
2460,12321
2460,542
2460,14617
107,19967
107,1542
107,2908
107,14860
107,6890
107,6272
107,4891
107,18360
107,3225
107,6810
107,10604
107,7762
107,6418
107,18066
107,19239
107,17321
107,5497
107,7598
107,13281
107,19547
107,7428
107,4949
107,4504
107,401
107,18785
107,8271
107,13802
107,6262
107,16168
107,19883
107,1079
107,7170
107,5417
107,16661
107,9188
107,16275
107,1670
107,6821
107,6938
4532,19075
4532,4727
4532,20283
330,9689
330,3380
330,7166
330,5490
330,13502
330,10847
330,7456
330,19977
330,8330
330,6026
330,12337
330,13389
330,16925
330,974
330,480
3895,15684
3895,12969
3895,20235
3895,2234
3895,58
3895,4951
3895,19549
3895,13379
3895,2670
3895,18163
3895,2284
5925,10161
5925,16277
5925,6317
5925,11879
5925,4750
5925,15673
5925,3194
5925,13676
5925,16607
5925,6782
5925,7876
5925,4371
5925,11371
5925,18394
6725,19626
6725,3924
6725,18498
6725,11497
6725,10912
6725,9610
6725,1155
6725,3912
6725,6010
6725,19569
6725,15439
6725,20404
6725,2562
6725,18858
8621,20525
6379,15365
6379,20383
6379,3353
775,19513
775,77
775,20015
775,10029
775,16886
775,1031
775,10012
775,2349
775,17197
775,12876
775,10918
1619,10028
1619,12133
1619,3648
1619,8269
1619,13904
1619,3186
1619,10688
1619,20069
1619,19808
1619,13846
1619,11173
5817,8445
5817,9542
5817,2186
5817,8899
5817,4080
5817,10386
5817,14781
5817,4014
5817,6705
5817,16242
5817,8030
5817,16289
5817,19490
5817,10573
5817,12503
5817,15932
5591,20340
5591,19924
5591,13384
5591,11745
5591,7664
5591,11249
5591,4741
5591,3315
5591,12744
5591,10408
5591,4055
5591,8117
282,3091
282,1650
282,13456
282,13416
282,19099
282,16771
282,1177
282,18781
282,14983
282,4845
282,18268
282,8473
9936,9336
9936,6481
9936,239
9936,10842
9936,528
9936,4758
9936,2271
9936,422
9936,16795
9936,13506
9936,14271
9936,5737
9936,10659
9936,15342
9936,10836
9936,4401
9936,5121
9936,1470
9936,4622
9936,18315
9936,19082
9936,13074
9936,15714
9936,13863
9936,13795
9936,18941
9936,10345
9936,2348
875,5607
875,17733
875,20021
875,17500
2941,12651
2941,4535
2941,3662
2941,15305
2941,9685
2941,3833
2941,7818
2941,9599
2941,11195
2941,20161
2941,178
2941,6362
2941,9445
2941,9175
2941,15899
2941,14734
2941,19267
2941,3073
2941,5415
2941,14918
2941,9609
2941,15146
2941,322
7671,12679
7671,18824
7671,19542
7671,13521
7671,17827
7671,12246
7671,4245
7671,19616
7671,9938
7671,6128
7671,9451
7671,5277
6804,10891
6804,18464
6804,4655
6804,9227
6804,9238
6804,20414
5233,213
5233,8846
5233,4114
5233,20324
5233,7790
5233,19029
5233,4572
365,8454
365,4291
365,15902
365,13872
365,11520
365,15422
365,5299
365,6065
365,8183
365,5305
365,15943
365,18956
365,730
365,15230
365,10437
365,5761
365,18500
365,18220
365,15745
9591,20579
6270,20376
6270,18472
6270,16902
6270,11317
6270,15306
6270,11129
6270,14259
6270,16179
4255,12514
4255,20261
4255,9371
4255,9350
4255,1722
4255,19664
4255,12910
4255,19119
4255,11051
4255,8388
4255,10045
476,19721
476,16754
476,11766
476,15387
476,6326
476,6273
476,4217
476,3356
476,18564
476,6989
476,5747
476,2239
476,7013
476,5369
476,19985
476,13640
476,19014
9846,828
9846,9858
9846,20599
9846,2680
9846,2475
9846,12370
9846,12493
9846,10249
9846,7077
9846,12632
4436,4566
4436,11999
4436,17748
4436,20273
4436,12061
4436,19949
4436,6646
4436,15924
4436,18180
4436,10769
216,19973
216,9847
216,13841
7396,20444
7396,19147
7396,13837
7396,13604
7396,17213
7396,2571
7396,6190
7396,13717
7396,11073
8091,18381
8091,19283
8091,16453
4422,8564
4422,10376
4422,20271
4422,11013
3541,14381
3541,18681
3541,15796
3541,1942
3541,20205
3541,16101
3541,13485
3541,3392
8169,20494
8513,1812
8513,9623
8513,5746
8513,11189
8513,6809
8513,9679
8513,15299
8513,14185
8513,6514
8513,6086
2776,8879
2776,19842
2776,5060
2776,11472
2776,13108
2776,2005
2776,13169
2776,11665
2776,1716
2776,18311
2776,19354
2776,3830
2776,5463
2776,12153
2776,10347
2776,20145
2776,10382
2776,12935
2776,7468
2776,16898
2776,16341
2776,2726
2776,7597
2776,10970
2776,1475
2776,19563
2776,3208
2776,556
2776,423
2776,16054
6056,12065
6056,17368
6056,3050
6056,20363
6056,15571
6056,18668
6056,11684
3308,11862
3308,14121
3308,7952
3308,6035
3308,13315
3308,18995
3308,19801
3308,8400
3308,16627
3308,5804
3308,2653
3308,3623
3308,13864
3308,3271
3308,5548
3308,16127
3308,12092
3308,4557
3308,17672
3308,1570
3308,17490
3308,8430
3308,184
3308,19643
3308,1689
3308,1057
3308,7387
3308,7150
3308,13403
3308,9269
3308,18038
3308,16059
3308,16046
3308,12621
3308,13351
3308,1283
3308,14447
3308,799
3308,12944
3308,1591
3308,7051
3308,13174
3308,1363
3308,19765
3308,18950
3308,5537
3308,4697
3308,293
3308,2835
3308,10548
3308,12003
3308,17604
3308,18375
3308,12312
3308,10372
3308,5547
3308,12016
3308,5231
3308,9722
3308,1582
3308,18528
3308,9600
3308,7413
3308,12348
3308,12716
3308,11611
3308,9667
3308,5842
3308,10931
3308,16429
3308,2317
3308,14696
3308,12739
3308,1281
3308,17482
5680,9247
5680,1173
5680,15171
5680,948
5680,9754
5680,18881
5680,10882
5680,8450
5680,13658
5680,20347
5680,16762
5680,5218
5680,6675
4454,7645
4454,7444
4454,5715
4454,20275
4454,3765
4454,7640
4454,17246
4454,16672
4454,1118
4454,11758
4454,12104
4454,13924
4454,10606
9352,19164
9352,17189
9352,10940
9352,8900
9352,2959
9352,17338
9352,10202
9352,19345
9352,2139
9352,19516
9352,16556
9352,20567
1483,20060
1483,14389
1483,10086
6950,16701
6950,19613
6950,14172
6950,18656
6950,13327
6950,8714
6950,19573
6950,656
6950,20419
6950,11378
5448,20334
5448,5522
5448,8145
5448,12169
5448,2684
5448,11019
5448,16055
5448,17450
7557,4619
7557,7202
7557,15442
3857,7737
3857,7353
3857,6170
3857,16152
3857,7176
3857,6840
3857,16033
3857,18676
3857,5977
3857,701
3857,11563
3857,18235
3857,3645
3857,19739
3857,18714
3857,13948
3857,4365
3857,238
3857,15604
3857,16992
3857,4801
3857,8888
3857,296
3857,14024
3857,8826
3857,11086
3857,595
3857,16139
3857,6987
3857,15336
3857,8312
3857,4422
3857,17648
3857,11599
3857,4830
3857,14371
3857,20230
3857,14540
3857,5224
3857,8967
3857,18366
3857,13979
3737,18650
3737,20220
3737,3466
3737,8574
3737,3104
3737,4405
3737,4102
3737,5165
3737,13537
3737,2921
2810,11182
2810,7914
2810,18173
2810,16393
2810,8476
2810,20149
303,6370
303,19743
303,4514
303,8108
303,550
303,4223
303,413
303,5412
303,5569
303,18986
303,15818
303,13680
303,15824
303,13472
303,3002
303,8237
303,7545
303,14886
303,2954
303,10731
303,6195
303,1676
303,4099
303,14872
303,13562
303,11968
303,2265
303,3834
303,9598
303,8908
303,10159
303,14237
303,12468
303,5792
303,8681
303,3677
303,13921
303,16991
303,3086
303,8814
4777,20299
7504,3862
7504,8386
7504,11977
7504,2452
7504,15556
7504,7554
7504,6191
7504,14651
7504,17851
7504,262
7504,13326
7504,8789
7504,17453
7504,1083
7504,12619
7504,12548
7504,17641
7504,433
7504,19535
7504,16037
7504,16348
7504,1382
7504,1427
7504,9113
7504,19532
7504,6682
7504,10966
7504,10067
7504,5015
7504,314
7504,3112
7504,3032
7504,8475
7504,15459
7504,6392
1562,13044
1422,14857
6184,5443
6184,6534
6184,10639
6184,8651
6184,16488
6184,16781
6184,2935
6184,10447
6184,4339
6184,851
6184,10741
6184,2492
9818,20597
8953,9549
8953,15390
8953,13553
8953,14284
8953,2953
8953,12310
8953,20539
8953,12431
8953,18711
8953,11450
8953,9367
8953,14452
8953,669
8953,10311
8953,17221
8953,18636
8953,18782
8953,13098
8953,6971
8953,11751
8953,17763
8953,4724
8953,1614
8953,10117
387,11861
387,18637
387,6070
387,4263
387,18101
387,15512
387,11376
387,12305
387,1635
387,9569
387,13821
387,7536
387,1293
387,18823
387,8118
387,7233
7255,14378
7255,17729
7255,4898
7255,14180
7255,18231
7255,9764
7255,2529
7255,14817
7255,13347
7255,4598
8673,20527
8673,17542
8673,17590
8673,4266
8041,14027
8041,20485
8041,9731
8041,5186
8041,10422
8041,10262
8041,16712
8041,9297
8041,1357
6009,20359
6009,3258
6009,11113
6009,12380
6009,17119
6009,17327
6009,6295
6009,19669
2935,17556
2935,18648
2935,1480
2935,16740
2935,18882
2935,5816
2935,13548
2935,4955
2935,13608
2935,14524
2935,19234
2935,2892
2935,4280
2935,8091
2935,3784
2935,1627
2935,11382
2935,1510
2935,8283
2935,6891
2935,8310
2935,15088
2935,615
2935,20160
5202,3193
5202,8565
5202,20321
5202,865
5202,7359
5202,9942
5202,5533
5202,2584
5202,14044
5202,9478
5202,17930
1908,14729
1908,7777
1908,7062
1908,20091
1908,13566
1908,18835
1908,82
1908,7826
1908,6862
1429,858
1429,13139
1429,16197
1429,13999
1429,1973
1429,20058
1429,1272
1429,17172
1429,12226
1429,9486
1429,3070
1429,19863
1429,9603
1429,13654
8366,18651
8366,4628
8366,9758
8366,8370
8366,9201
8366,8169
8366,8742
8366,16100
8366,7332
8366,18097
8366,2989
8366,769
8366,15003
8366,14208
8366,1130
8366,3288
8366,12562
8366,2595
8366,3146
8366,18507
8366,3038
8366,16498
8366,8641
8366,8114
8366,15015
8366,19504
8366,7986
8366,2331
8366,9872
8366,4308
8366,12643
8366,5425
8366,4674
8366,2686
8366,18543
8366,13007
8366,15249
8366,5650
8366,5662
8366,3463
8366,3223
8366,3937
8366,17226
8366,19430
8366,2380
8366,12446
8366,7960
8366,8137
8366,6373
8366,3793
8366,8992
8366,2439
8366,19036
8366,12999
8366,9729
8366,12870
8366,15501
8366,7915
8366,9115
8366,9368
8366,14955
8366,14971
8366,7589
8366,6420
8366,7781
8366,14972
8366,254
8366,14325
8366,15072
8366,1814
8366,4831
8366,8607
8366,6531
8366,5528
8366,9343
8366,6552
8366,1189
8366,11932
8366,6081
8366,7582
8366,6486
8366,7247
8366,10629
8366,16568
8366,2881
8366,503
8366,9229
8366,5455
8366,3894
8366,6298
8366,373
8366,2982
8366,15105
8366,9699
8366,6188
8366,8298
8366,5233
8366,1637
8366,18109
8366,13878
8366,14020
8366,14429
8366,13471
8366,1655
8366,19205
8366,13996
8366,2133
8366,13282
8366,18961
8366,4458
8366,7503
8366,1932
8366,368
8366,15922
8366,781
8366,13331
8366,17214
8366,14442
8366,5235
8366,19699
8366,17477
8366,5006
8366,8097
8366,5636
8366,3214
8366,1624
8366,18279
8366,4395
8366,19595
8366,14898
8366,16888
8366,3583
8366,11138
8366,17300
8366,15354
8366,1579
8366,7149
8366,259
8366,863
8366,19163
8366,8807
8366,14300
8366,12912
8366,2223
8366,5527
8366,2086
8366,4264
8366,10934
8366,1102
8366,8066
8366,7252
8366,12985
8366,14239
8366,9673
8366,16443
8366,14742
8366,14365
8366,18944
8366,20506
8366,15503
8366,15367
8366,16892
8366,18679
8366,9150
8366,8877
8366,15330
8366,1889
8366,5255
8366,5064
8366,9346
8366,11504
8366,698
8366,810
8366,10965
8366,6771
8366,19774
8366,18482
8366,16401
8366,10905
8366,11477
3094,959
3094,17070
3094,16330
3094,18642
3094,16374
3094,20172
3094,18906
3094,4571
3094,6233
3094,19999
3019,20166
3019,15726
3019,15980
3019,13476
3019,6344
3019,2767
3019,14614
3019,17621
3019,6021
449,6914
449,19965
449,13803
449,10780
449,9170
449,3157
449,2672
449,18754
449,11439
449,7532
449,1412
449,12206
449,15603
449,8166
790,8857
790,15741
790,2581
790,20016
790,9133
790,17458
790,10889
790,12164
790,12147
790,18129
3010,16529
3010,12357
3010,14685
3010,6121
3010,17753
3010,2268
3010,11056
3010,2730
3010,7893
3010,13284
3010,15265
3010,5688
3010,17995
3010,17587
3010,18182
3010,10309
3010,10926
3010,1521
3010,13743
3010,7968
3010,15790
3010,4658
3010,8180
2179,647
2179,7203
2179,17037
2179,1161
2179,964
2179,901
2179,9044
2179,15143
2179,19867
2179,8652
2179,12185
2179,714
2179,6074
2179,966
5117,18596
5117,6897
5117,7255
5117,20316
5117,19400
5117,2569
5117,13377
5117,18062
1203,11076
1203,5172
1203,19558
1203,18156
1203,16717
1203,8702
1203,3360
1203,16306
1203,11468
1203,13740
7800,17343
7800,6740
7800,943
7800,17914
7800,20473
7800,10975
7800,19250
7800,15669
7800,2114
7800,12252
7800,11479
8367,2195
8367,118
8367,11419
8367,15782
8367,6229
8367,8135
8367,16403
8367,735
8367,4125
8367,13285
8367,16715
8367,7623
8367,1994
8367,10284
8367,10075
8367,521
1092,2402
1092,20044
1092,7980
1092,10837
1092,6318
1092,13893
1092,1993
1092,10582
1092,3436
1092,12331
1092,17829
1092,4840
1092,3823
1092,17333
1092,16116
1092,7320
1092,8242
1170,6469
1170,13801
1170,2697
1170,6650
1170,1669
1170,18141
1170,18425
1170,1523
1170,15929
1170,3981
1170,7023
1170,8064
1170,9439
1170,2141
1170,4209
1170,624
4068,11231
4068,18361
4068,18260
4068,20247
4068,4944
4068,15656
4068,4004
4068,12224
4068,653
4068,4213
4068,11514
4068,16365
4068,19131
4068,3640
4068,18972
2775,20144
4695,3675
4695,20293
4695,12537
4695,16543
4695,19100
4695,6153
4695,15572
4695,15680
4695,11083
4695,15729
4695,16211
4695,8493
4695,17938
4695,6864
4067,20246
4067,8665
4067,10532
4067,1260
4067,8023
4067,4081
4067,12681
4067,15748
4067,18518
4067,19168
4067,14438
4067,19214
4067,18992
4067,3615
4067,12505
8106,1194
8106,3506
8106,9014
8106,19544
8106,4980
8106,13510
8106,14515
8106,7537
8106,3143
8106,17030
8106,19285
8106,11933
6271,15493
6271,1941
6271,2633
6271,4328
6271,2173
6271,394
6271,8620
6271,5939
6271,15968
6271,330
6271,641
6271,11151
6271,7269
6271,19769
6271,13975
6271,19900
2651,2136
2651,12113
2651,20140
2651,12394
2651,17125
2651,1604
2651,5457
2651,336
2651,17765
2651,2328
2651,15795
2651,10089
2651,5950
2651,1895
2651,16918
2651,12602
2651,16209
2651,13492
2651,9761
2651,12883
2651,9633
2651,12891
2651,17443
2651,15325
2651,10232
2651,13358
2651,19087
2651,14240
2651,11153
2651,8790
2651,11565
2651,16813
2651,13613
2651,18993
2651,16873
2651,5912
2651,721
2651,10704
2651,5985
2651,4987
2651,13848
2651,16069
2651,62
2651,2083
2651,10039
2651,6686
2651,20466
2651,4235
2651,11705
2651,13934
2651,6332
2651,3183
2651,14248
2651,6264
2651,10246
2651,12836
2651,3996
2651,12626
2651,2895
2651,4058
2651,8208
2651,9512
2651,11186
2651,7085
2651,499
2651,7757
2651,4
2651,5134
2651,12592
2651,16366
2651,5882
2651,6484
2651,18460
2651,17636
2651,8684
2651,8492
2651,7416
2651,12905
2651,19386
2651,4483
2651,18999
2651,17899
8899,11891
8899,6181
8899,20538
8899,19299
8899,13600
8899,1150
8899,11046
8899,6468
8899,1863
8899,11918
8899,7882
3508,20202
3508,10162
3508,15499
2124,20101
2124,15588
2124,16537
2124,3153
2124,9779
2124,11137
2124,5215
2124,6549
2124,15355
2124,6172
2124,13180
2124,10095
433,6130
433,14376
433,6775
433,6145
433,18794
433,19133
433,2550
433,16674
433,17533
433,8014
433,19160
433,17174
433,9822
433,16135
433,7218
433,11035
433,15092
433,19539
433,11818
433,2644
433,10098
433,14624
9065,5765
9065,12263
9065,14534
9065,16013
9065,20548
5585,11841
5585,14042
5585,10403
5585,1439
5585,11650
5585,2090
5585,1553
5585,13457
5585,16029
5585,16404
5585,4288
5585,13113
5585,875
5585,18600
5585,19101
3343,20193
3343,2501
3343,7193
7619,16203
7619,16894
7619,18206
7619,2224
7619,18108
7619,670
7619,13150
7619,14863
7619,4966
7619,1581
7619,12025
7619,11685
7619,18694
7619,5484
7619,7678
7619,9916
7619,13796
7619,5713
7619,17228
7619,19735
7619,5127
7619,10592
7619,5003
7619,13185
7619,905
7619,3824
7619,18377
7619,17821
7619,1888
7619,11955
7619,9488
7619,17963
7619,18150
7619,690
7619,4007
7619,16547
7619,7948
7619,12288
7619,14567
7619,16825
7619,3904
7619,15371
7619,18402
7619,16681
7619,18029
7619,19698
7619,17309
7619,17071
7619,17891
7619,3729
7619,6288
7619,15151
7619,3982
7619,9860
7619,11374
7619,17173
7619,8512
7619,7319
7619,11899
7619,5960
7619,6878
7619,10559
7619,18243
7619,12330
7619,11536
7619,12747
7619,17511
7619,11134
7619,7973
7619,9918
7619,11414
7619,1112
7619,11713
7619,17006
7619,17934
7619,8849
7619,11693
7619,9627
7619,1906
7619,18820
7619,251
7619,3303
7619,13396
7619,16375
7619,10322
7619,17591
7619,16720
7619,4398
7619,20459
7619,17647
7619,16180
7619,14609
7619,9141
7619,10219
7619,3346
7619,19060
7619,16388
7619,6510
7619,18661
7619,543
7619,9885
7619,8529
993,10111
993,20033
993,19646
993,5579
993,8380
993,14659
993,11349
993,11298
993,16070
993,18778
993,13828
7812,5638
7812,20474
7812,19227
7812,11347
7812,15389
7812,11900
7812,5251
7812,14478
7812,4122
7812,17349
7812,5107
7812,6608
7812,9751
1067,20040
1481,7688
1481,7555
1481,14661
1481,2542
1481,7606
1481,13586
1481,4785
1481,15892
1481,9168
1481,8004
7564,13595
7564,13176
7564,415
7564,18321
7564,26
7564,14498
7564,9032
7564,16980
7564,7517
7564,7913
7564,226
7564,13461
7564,13984
7564,4152
7564,12272
7564,18379
7564,13959
7564,20457
7564,3068
7564,14641
7564,4731
7564,16822
9562,20578
9562,17704
9562,7106
9562,7286
9562,3105
6472,210
6472,3096
6472,4875
6472,7743
6472,9464
6472,19410
6472,9545
6472,748
6472,1829
6472,17570
6472,1058
6472,3229
6472,19629
6472,17628
6472,10211
6472,14687
6472,5004
6472,4526
6472,13105
6472,11527
6472,16380
6472,6193
6472,424
6472,18580
6472,984
6472,4187
6472,13338
6472,11410
6472,3691
6472,3249
3766,20224
3766,16494
7724,329
7724,9573
7724,10662
7724,17909
7724,1196
7724,495
7724,551
7724,12657
7724,20467
7724,9565
7724,11135
998,9358
998,20034
998,18506
998,18813
8440,15710
8440,1514
8440,7902
8440,12353
8440,13118
8440,17001
8440,2943
8440,18438
8440,3865
8440,5937
8440,613
8440,20513
8440,539
8440,8901
8440,11049
8440,310
5179,17772
5179,3087
5179,15894
5179,11760
5179,10860
5179,18526
5179,11704
5179,3624
5179,1264
5179,14191
5179,7391
5179,15542
5179,13229
5179,6022
1898,2340
1898,14959
1898,11923
1898,18861
1898,20089
1898,17294
1898,5529
1898,6009
1898,13398
1898,2256
1898,5855
1898,14522
1898,10804
4850,10210
3329,1060
3329,15753
3329,12776
3329,10432
3329,5010
3329,9276
3329,5718
3329,20189
3329,2659
3329,2693
3329,2712
3329,19793
3329,12718
5884,12199
5884,16355
5884,7076
5884,10062
5884,14868
5884,20355
5884,11169
5884,5521
1001,16397
1001,5048
1001,9538
1001,5539
1001,20035
1001,3932
1001,10056
1001,604
1001,3977
377,8980
377,5156
377,17354
377,47
377,17677
5526,18816
5526,16645
5526,4432
5526,16061
5526,4783
5526,15157
5526,13746
5526,18659
5526,18045
5526,15045
5526,4132
5526,12345
5526,15822
5526,16811
5526,16254
5526,19645
5526,11205
5526,4282
5526,5434
5526,8883
5526,11125
5526,12887
5526,8018
5526,16410
5526,6872
5526,3022
5526,12194
5526,18745
5526,19258
5526,7526
5828,4109
5828,14451
5828,7831
5828,6219
5828,16972
5828,10155
5828,2711
5828,19952
5828,16650
5828,6921
5828,7784
5828,17345
5828,17519
5828,8289
5828,14008
5828,14034
5828,7434
5828,15661
5828,3814
1622,3269
1622,20070
1622,14363
1622,9418
1622,9742
1622,13552
1622,9377
1622,3747
1622,9364
1622,17868
5140,6949
5140,447
5140,16253
5140,8709
5140,20317
4520,11867
4520,16562
4520,1041
4520,14695
4520,8881
4520,19090
4520,11239
4520,5450
4520,7921
4520,13234
4520,15735
4520,13301
4520,8329
4520,7215
4520,19839
4520,8601
4520,1392
4520,15728
4520,12930
4520,2006
4520,17637
4520,15074
4520,894
4520,4828
4520,1854
4520,763
4520,11566
4520,9590
4520,6848
4520,12858
4520,3655
4520,3257
4520,1479
4520,219
4520,9010
4520,15297
4520,10419
4520,9304
4520,5844
4520,3015
4520,1922
4520,2912
4520,9192
4520,17415
4520,12620
4520,17169
4520,2637
4520,9719
4520,9955
4520,5467
9001,15697
9001,17774
9001,7420
9001,3926
9001,20542
9001,16521
9001,13531
9001,8715
9001,5499
9001,14048
9001,6012
9001,3491
3811,17625
3811,13641
3811,6945
3811,15180
3811,17580
3811,11519
3811,3081
3811,4529
3811,10366
3811,16427
3811,5197
3811,10512
3811,18768
3811,18269
3811,11196
3811,15260
3811,519
3811,15890
3811,12292
3811,17709
3811,1869
3811,18910
3811,7130
3811,9666
3811,8465
103,19966
103,3042
103,7857
3902,15936
3902,17676
3902,2074
3902,2035
3902,437
3902,5531
3902,19838
3902,9470
3902,7289
3902,16208
3902,11233
3902,685
3902,6499
3902,18412
3902,18131
3902,9479
3902,13276
5409,16215
5409,18229
5409,20328
5409,7207
5409,2202
5409,10145
5409,3036
5409,8156
5409,8068
5409,18851
5409,5406
5409,4738
5409,13165
5409,4367
5409,9187
5409,3766
5409,9632
5409,19021
5409,3762
6015,12317
6015,15919
6015,8241
6015,13433
6015,3024
6015,7364
6015,6649
6015,457
6015,10338
6015,16262
7827,635
7827,6321
7827,5253
7827,15302
7827,12631
7827,9981
7827,417
7827,11483
7827,6716
7827,2182
7827,13936
7827,4579
7827,16803
7827,377
4304,1339
4304,12611
4304,10357
4304,4461
4304,2990
4304,8622
4304,8147
4304,17456
4304,900
4304,13217
4304,8805
4304,20263
9985,14667
9985,7345
9985,5603
9985,18326
9985,20610
9985,18666
9985,2366
9985,14973
9985,12520
9985,19185
9985,10445
9985,5567
9985,6709
9985,14460
1068,20041
1068,14265
1068,17306
1068,1693
1068,9025
1068,6363
1068,3039
1068,11400
1068,14974
1068,7731
1068,11284
9613,6524
9613,9386
9613,13369
9613,10907
9613,15887
9613,8854
9613,10578
9613,1454
9613,17223
9613,17439
9613,15193
9613,5179
9613,19481
9613,19156
9613,18565
9613,19759
9613,3106
9613,11741
9613,10536
9613,14954
9613,12100
9613,14642
9613,13199
9613,6719
9613,6577
9613,3973
9613,9677
9613,10397
9613,13019
9613,9830
9613,4646
5415,19245
5415,9725
5415,12849
5415,11576
5415,5307
5415,15399
5415,1927
5415,14086
5184,1900
5184,24
5184,4686
5184,3957
5184,10048
5184,8608
5184,10755
5184,8577
5184,14944
5184,17980
5184,8786
5184,20319
2277,11557
2277,18701
2277,622
2277,7381
2277,11632
2277,4441
2277,14283
2277,8142
2277,7047
2277,8163
2277,10239
5776,15944
5776,7819
5776,16282
5776,14397
5776,16571
5776,20349
5776,6913
5776,7217
5776,6047
5776,10240
2438,10272
2438,6977
2438,9101
2438,13117
2438,9177
2438,3177
2438,15963
2438,3266
2438,2964
2438,7281
2438,15791
2438,19200
2438,8037
2438,14349
2438,10494
6019,4320
6019,4752
6019,15421
6019,20446
6019,16214
6019,20361
6019,15756
6019,13072
6019,13532
6019,1226
6019,10746
6019,5793
6019,19530
6019,16068
6019,1002
6019,12036
6019,15075
6019,7855
6019,2669
6019,15413
6019,17384
6019,5486
6019,946
6019,18530
6019,10867
6019,7390
6019,1500
6019,5714
6019,666
6019,1526
6019,3179
6019,6671
6019,7214
6019,18555
6019,7238
6019,9862
6019,10718
6019,15150
6019,15715
6019,18257
6019,8373
6019,9017
6019,3250
6019,16415
6019,2161
6019,6533
513,18030
513,8961
513,14753
513,19450
513,14674
513,15633
513,3638
513,19990
513,1597
513,16043
513,14114
1878,9186
1878,11656
1878,19902
1878,3239
1878,7230
1878,18409
1878,8945
1878,18414
1878,17444
1878,6038
1878,16611
1878,11759
8163,16067
8163,19298
8163,4294
8163,7880
8163,6780
8163,5606
8163,18051
8163,20493
8163,14509
8163,7641
8163,17217
8163,9585
2923,10344
2923,14001
2923,20159
2923,7694
2923,2210
2923,10063
2923,8354
2923,7972
2923,8562
2923,297
2923,19550
2923,8953
3040,20168
2372,14007
2372,15808
2372,2341
2372,13543
2372,1242
2372,3302
2372,16867
2372,10785
2372,7950
2372,20119
2372,4243
2372,4932
2372,15168
2372,11792
2372,8151
2372,4895
2372,10875
2372,12349
2372,2814
2372,16598
2372,1844
2372,538
2372,3759
2372,14877
2372,8101
2372,2724
2372,3265
2372,11230
2372,2301
2372,365
2372,5900
2372,18933
2372,18362
2372,16721
6155,7763
6155,151
6155,8019
6155,1549
6155,10530
6155,1345
6155,15626
6155,20368
6155,17685
6155,19130
6155,5448
6155,17520
6155,4216
6754,12723
6754,4762
6754,12268
6754,9049
6754,1056
6754,4427
6754,15392
6754,19630
6754,4954
6754,2306
6754,13830
6754,3414
6754,17575
6754,16851
6754,17371
6754,842
6754,379
7976,676
7976,18809
7976,9523
7976,14362
7976,6240
7976,127
7976,11393
7976,9216
5994,2756
5994,11207
5994,2975
5994,19219
5994,19750
5994,11839
5994,6996
5994,14684
8721,8669
8721,14161
8721,137
8721,7002
8721,6087
8721,15231
8721,12595
8721,4926
8721,11416
8721,8976
8721,3005
8721,14778
8721,10738
8721,11935
8721,16793
8721,19468
8721,5088
8721,1880
8721,294
8721,12264
8721,5895
8721,18682
8721,17911
8721,9919
8721,1069
8721,13590
8721,6919
8721,2937
8721,16706
8721,13773
8721,10692
8721,4554
8721,9838
8721,11224
8721,14806
8721,19593
8721,18722
8721,12000
8721,8075
8721,5750
8721,4591
8721,15008
8721,17835
8721,19597
6696,14163
6696,13998
6696,14126
6696,20402
6696,7514
6696,4635
6610,15660
6610,20397
6610,5204
6610,2707
6610,224
6610,11753
6610,16328
6610,1125
6610,353
6610,16233
2135,9134
2135,19142
2135,19229
2135,18239
2135,1984
2135,18557
2135,18340
2135,3136
2135,13026
2135,5390
2135,4178
2135,10636
4515,11080
4515,19784
4515,20280
4515,3555
4515,10265
9321,2757
9321,16425
9321,11462
9321,8667
9321,8907
9321,1029
9321,3810
9321,19334
9321,20564
9321,17825
9321,761
9321,6118
1663,4691
1663,2296
1663,5511
1663,7362
1663,9387
1663,19192
1663,10594
1663,6769
1663,4940
1663,375
1663,5906
1663,6161
1663,16738
1663,11433
1663,8884
1663,5002
1663,14339
1663,3161
1663,4893
1663,16664
5341,6871
5341,9308
5341,15634
5341,14840
5341,19637
5341,17860
5341,17417
5341,11322
5341,950
4437,16878
4437,19487
4437,1529
4437,20274
4437,14871
4437,3462
4437,12625
4437,1397
4437,9946
4437,7089
9658,5990
9658,7643
9658,3060
9658,12214
9658,1051
9658,15704
9658,5438
9658,3217
9658,14595
9658,621
9658,5954
9658,18603
9592,1086
9592,20580
9592,17994
9592,8385
9592,11870
9592,17167
9592,1232
7867,20478
1074,1119
1074,15473
1074,42
1074,16588
1074,4670
1074,2904
1074,8313
1074,5730
1074,6573
1074,11833
1074,11840
1074,5000
1074,17199
1074,8956
1074,65
1074,12244
1074,2386
1074,3859
1074,383
1074,471
1074,14891
5815,16042
5815,9611
5815,13190
5815,5
5815,19199
5815,18760
5815,19095
5815,7951
5815,3102
5815,17840
5815,11102
5815,13655
5815,3355
5815,11781
5815,17298
5815,4070
5815,17212
5815,6390
5176,7216
5176,6445
5176,1162
5176,10679
5176,2209
3564,20208
1239,1636
1239,2828
1239,9631
1239,10673
1239,2682
1239,18303
1239,5787
1239,14673
1239,1235
1239,7352
1239,14281
1239,8211
1239,13348
1239,18067
1239,18525
1239,652
1239,6711
1239,19275
1239,7033
1239,5158
1239,53
1239,713
1239,17945
1239,8115
1239,10952
1239,8885
1239,3149
1239,14152
1239,1834
1239,1007
1239,10053
1239,7516
1239,19398
1239,3522
1239,16389
6878,1636
6878,2828
6878,9631
6878,10673
6878,2682
6878,18303
6878,5787
6878,14673
6878,1235
6878,7352
6878,14281
6878,8211
6878,13348
6878,18067
6878,18525
6878,652
6878,6711
6878,19275
6878,7033
6878,5158
6878,53
6878,713
6878,17945
6878,8115
6878,10952
6878,8885
6878,3149
6878,14152
6878,1834
6878,1007
6878,10053
6878,7516
6878,19398
6878,3522
6878,16389
8806,20532
4832,494
4832,5491
4832,17134
4832,11708
4832,11350
6580,20394
698,1981
698,11408
698,20003
698,7200
6415,17723
6415,5802
6415,12269
6415,17671
6415,12360
6415,19866
6415,8674
6415,20386
3637,12737
3637,1452
3637,14640
3637,6655
3637,13009
3637,1683
3637,5302
3637,15474
3637,2429
3637,20214
8145,20491
8145,10990
8145,5886
8145,16246
8145,3767
8145,15758
8145,5608
8145,4465
8145,7037
8145,2330
8145,14282
8145,10798
8145,1411
8145,4863
8145,19252
8145,10261
8145,1961
7831,20476
7831,9792
7831,4126
7831,14099
7831,12584
7831,6610
7831,3601
7831,9732
7831,18921
4937,18277
4937,14855
4937,2612
4937,3417
4937,19800
4937,3083
4937,10465
4937,41
4937,541
4937,277
4937,8347
4937,14458
4937,10299
4937,18704
4937,3906
4937,256
4937,15694
4937,19495
4937,13564
4937,64
4090,19620
4090,20249
4090,8393
4090,1688
4090,7324
4090,1530
4090,16117
4090,6438
4090,19661
4090,4480
4090,8054
4090,6926
3431,17092
3431,11978
3431,20198
3431,18625
3431,6826
3431,10078
3431,16779
3431,16855
3431,2344
3431,1853
3431,5267
3431,4248
3431,8979
3431,7847
3431,11034
3431,10954
3431,3516
3431,3433
759,13575
759,13699
759,13499
759,5265
759,8397
7739,20469
7739,10384
7739,15250
7739,15606
3526,11061
3526,20203
3526,16636
3526,17602
3526,13242
3526,6833
3526,10369
3526,18479
3526,10937
3526,2459
3526,909
3526,19301
3526,11032
3526,14346
3526,14171
3526,9167
5659,5191
5659,20345
5659,14527
5659,639
5659,4652
5659,10589
5659,2483
5659,11441
5659,18255
5659,12080
5659,8010
5659,3664
5659,7066
5659,2615
5659,19120
5659,4335
8782,20530
2516,2747
2516,13856
2516,13928
2516,16187
2516,8469
2516,19470
624,8890
624,7015
624,1539
624,19255
624,193
624,15425
624,12758
624,12544
624,19378
624,2458
716,16927
716,10080
716,13014
716,9347
716,7965
716,20007
716,7723
716,14232
716,2849
716,44
716,8316
7984,5341
7984,11634
7984,17487
7984,5817
7984,3533
7984,12419
7984,2513
7984,7799
7984,10605
6439,11811
6439,2668
6439,20388
6439,16532
6439,18815
6439,15264
4986,7363
4986,13082
4986,19917
4986,16609
4986,16908
4986,6739
4986,12469
4986,18416
4986,14236
4986,7527
4986,15951
4986,12923
4986,20307
9892,13132
9892,18957
9892,14548
9892,16278
9892,11646
9892,9307
9892,10663
9892,16539
9892,881
9892,12217
9892,8192
9892,14484
9892,8315
9892,14811
846,16212
846,11309
846,11304
846,12938
846,12866
846,1430
846,3592
846,8828
846,11948
846,8725
846,14028
846,3672
846,20358
846,3969
846,35
5166,20318
1021,2598
1021,14486
1021,18790
1021,10822
9967,11499
9967,20609
9967,6520
9967,7254
9967,14705
9967,2665
9967,6974
9967,16235
9967,3690
9967,9907
9967,5345
9967,15128
9967,15872
9967,19085
9967,7210
9967,5687
9967,11081
9967,243
9967,1547
9967,17206
9967,10329
9967,10687
9967,4100
9967,19574
9967,11664
9967,10385
9967,8531
9967,8767
9967,1344
9967,13579
9967,6529
9967,13345
9967,19676
9967,10196
9967,8240
9967,17191
9967,1665
2468,10646
2468,2560
2468,10908
2468,16259
2468,356
2468,19571
2468,9472
2468,18885
2468,6384
2468,11553
2468,13976
2468,16875
2468,3963
3340,17946
3340,1958
3340,20192
3340,12823
3340,17767
3340,10023
3340,17390
3340,6176
3340,9929
3340,449
3340,7312
3340,8955
3340,2788
3340,5355
3340,17701
3340,2066
3340,1417
3340,10835
3340,15419
3340,13695
3340,17248
3340,5839
3340,13826
3340,8174
3340,9487
3340,6850
3340,6854
3340,8074
3340,15877
3340,13291
3340,3893
3340,19104
3340,11990
3340,14314
3340,2423
3340,12598
3340,16970
3340,19383
3340,2107
3340,2775
3340,11570
3340,14467
3340,3777
3340,9149
3340,18075
3340,16032
3340,11947
3340,1612
3340,16844
3340,10379
3340,1836
3340,12629
3340,6254
3340,13861
3340,9468
3340,19708
3340,12699
3340,9996
3340,11362
3340,18091
3340,14707
3340,13235
3340,16206
3340,17873
3340,6485
3340,16617
652,4636
652,20001
652,12774
652,711
652,8452
652,485
652,18347
652,6358
652,8334
652,960
652,3779
652,19387
652,172
652,10103
652,13594
652,1045
2785,12860
2785,6730
2785,18410
2785,13663
2785,12489
2785,7728
2785,5202
2785,16616
2785,18403
2785,3916
2785,4608
2785,14470
2378,20120
3439,18911
3439,16218
3439,89
3439,14690
3439,14369
3439,13735
3439,3327
3439,13926
3439,10901
8567,7208
8567,5139
8567,20522
8567,3393
8567,19180
8567,9566
8567,13279
8567,3164
8567,16998
8567,16167
8567,1846
8567,3959
8567,933
8567,5979
8567,6770
8567,3046
8567,9114
8567,1341
7188,20433
8594,11066
8594,15878
8594,13718
8594,5432
8594,4390
8594,16176
8594,4632
8594,7045
8594,2926
8594,11307
8594,1792
8594,3147
8594,5685
8594,385
8258,16424
8258,12682
8258,17798
8258,2447
8258,8712
8258,362
8258,12042
8258,20500
8258,13556
8258,10163
8258,6479
8258,14887
8258,13939
8258,9859
8258,14193
8258,187
8258,13845
8258,8963
8258,10871
8258,7242
8258,13157
8258,2351
8258,5372
8258,17756
8258,10514
8258,19951
8258,7734
8258,472
8258,987
8258,4410
8258,1337
8258,6215
8258,13991
8258,5234
8258,14063
8258,8462
8258,14227
8258,15515
8258,13491
8258,4577
8258,12570
8258,13191
8258,6255
8258,4937
8258,8499
8258,3513
8258,15337
8258,159
8258,13627
8258,9987
8258,183
8258,2685
8258,1434
8258,17170
8258,2589
8258,11730
8258,3771
8258,8680
8258,712
8258,7626
8258,9288
8258,16417
8258,13523
8258,805
8258,6106
8258,12895
8258,10821
8258,5429
8258,5918
8258,17900
8258,9388
8258,10144
4209,12980
4209,760
4209,3958
4209,9971
4209,10858
4209,20258
4209,15463
2465,5997
2465,1762
2465,20126
2465,3843
2465,14683
2465,1786
2465,9087
7725,19405
7725,19123
7725,2692
7725,17762
7725,11396
7725,14489
7725,10230
7725,13144
7725,20468
7725,7824
7725,8982
7725,4759
7725,15018
7725,18100
7725,12637
7725,9964
7725,10591
7725,1692
7725,9373
7725,11290
7725,10170
7725,12673
7725,11060
7725,6579
7725,11880
7725,4252
7725,15467
7725,19152
7725,1841
7725,15959
7725,3285
7725,4734
7725,12289
7725,2987
7725,991
7725,17107
7725,16430
7725,2145
7725,19947
7725,14911
8649,2863
8649,12440
8649,7001
8649,1835
8649,15215
8649,15213
8649,14694
8649,14655
8649,5876
8649,2860
8649,14383
8649,5239
1905,7649
1905,3756
1905,2977
1905,20090
1905,18047
1905,3505
1905,9197
1905,16370
1905,8256
1905,5637
1905,4025
1905,7298
1905,15555
1905,5261
2454,20125
2454,19518
2454,7241
2454,1121
2454,13516
2454,3534
2454,11265
2454,14503
2454,2273
2454,9328
6252,18712
6252,20374
6252,1183
6252,17855
6252,2164
1002,7476
1002,5286
1002,18898
1002,7098
1002,20036
1002,7550
1002,18296
1002,1728
1002,15181
1002,13183
9396,15064
9396,6969
9396,9993
9396,400
9396,18730
9396,13633
9396,12640
9396,4693
9396,17454
9396,1191
3360,11748
3360,13109
3360,8905
3360,20195
3360,12525
3360,3599
3360,15309
3360,6460
3360,7670
4254,11055
4254,11338
4254,5854
4254,14645
4254,16452
4254,10828
4254,11098
4254,12351
4254,14154
4254,15937
4254,18855
1842,2821
1842,20083
6589,12777
6589,13916
6589,20395
6589,2323
6589,15002
6589,19264
6589,2664
6589,952
6589,7236
6589,19213
6589,4919
6589,11794
6589,14321
9172,19797
9172,2028
9172,7433
9172,16612
9172,12984
9172,5076
9172,19204
9172,16728
9172,3079
9172,17008
9172,16114
9172,5227
9172,14960
9172,1743
9172,14302
9172,9506
9172,17985
9172,18144
9172,18424
9172,7115
9172,13585
9172,6147
9172,10983
9172,6662
9172,10999
9172,9312
9172,18237
9172,166
9172,7379
9172,16438
9172,15331
9172,19688
9172,13855
9172,18947
9172,19181
9172,16147
9172,13129
9172,4921
9172,17939
9172,1706
9172,4902
2405,6756
2405,17162
2405,5103
2405,18138
2405,13451
2405,18724
2405,7504
2405,10795
2405,355
2405,4839
3746,11399
3746,1469
3746,14914
3746,17815
3746,20221
3746,10730
3746,16817
3746,4392
3746,16695
3746,4319
7577,7978
7577,19681
7577,12171
7577,6099
7577,19584
7577,6889
7577,10181
7577,15351
7577,3034
7577,15329
9637,5256
9637,1376
9637,11332
9637,13375
9637,11002
9637,6651
9637,18427
9637,7012
9637,7355
9637,14249
9637,1899
9637,2872
9637,2480
9637,7932
9637,11451
9637,19257
9637,1149
9637,11455
9637,5639
9637,16276
9637,20584
9637,9100
9637,13589
9104,9527
9104,3805
9104,20551
9104,15876
9104,8178
9104,5655
9104,2246
9104,15097
9104,1290
9104,9267
9104,13052
9104,3564
2615,10129
2615,9869
2615,18140
2615,522
2505,6598
9439,4428
9439,16785
9439,20571
9439,4276
9439,19623
9439,4069
9439,8344
9439,15740
9439,16763
9439,2050
9439,13076
9439,1524
9439,16790
9439,17569
2754,5376
2754,6697
2754,6745
2754,105
2754,8247
2754,12828
2754,445
2754,16725
2754,13558
2947,3503
2947,14873
2947,4626
2947,4261
2947,19640
6242,5073
6242,7567
6242,5501
6242,19500
6242,18393
6242,4805
6242,19032
6242,11090
6242,2565
6242,13306
6242,18902
6242,4726
6242,5909
6242,11308
6242,3231
6242,6820
6242,18017
6242,6114
6242,4271
6242,1578
6242,16408
1397,20057
7706,1444
7706,20465
7706,7129
7706,16564
7706,13484
7706,15702
7706,13587
7706,9675
7706,19696
7706,467
7706,19572
7706,6063
7706,10855
7706,13018
5196,18390
1591,20064
9025,10448
9025,20545
9025,10415
9025,10644
9025,2514
3655,10674
3655,20215
3655,19001
3655,11796
3655,19423
3655,5166
3655,3449
3655,8146
3655,11119
3655,1965
5213,8990
5213,10680
5213,2801
5213,20322
5213,8743
5213,13896
5213,18044
5213,11283
5213,16883
5213,19061
8250,18718
8250,7245
8250,8920
8250,19847
8250,2485
8250,3952
8250,18798
8250,16509
8250,2200
8250,9034
8250,3127
8250,20498
8581,1865
8581,1438
8581,5247
8581,12383
8581,2781
8581,18473
8581,113
8581,5887
8581,3951
8581,697
8581,8293
7008,20423
7008,4313
7008,15006
7008,13048
7008,10335
7805,5777
7805,15809
7805,13100
7805,14398
7805,13909
7805,2462
7805,4814
7805,4924
7805,7187
7805,17234
7805,7409
7805,6895
7805,4387
7805,8783
7805,11574
7805,19388
7805,7672
7805,12436
1016,6051
1016,12736
1016,8769
1016,17396
1016,1108
1016,8795
1016,7426
1016,16475
1016,11384
1016,12770
1016,13097
1016,11844
1016,1471
1016,3861
1016,19240
1016,4950
7759,13994
7759,13568
7759,14135
7759,1304
7759,4952
7759,11140
7759,15286
7759,5766
7759,10244
7759,15218
7759,11357
7759,2230
5744,11178
5744,9073
5744,8403
5744,19310
5744,2809
5744,14278
5744,15776
5744,14372
5744,16044
5744,17362
5744,14646
5744,18449
5744,13310
2315,13446
2315,8661
2315,20112
2315,10368
2315,10569
2315,2498
2315,15027
7872,14785
7872,9868
7872,6040
7872,18092
7872,8002
7872,16540
7872,14080
7872,7078
7872,7927
7872,16435
7872,13178
7872,19807
7872,13131
7872,9054
7872,5353
7872,19056
7872,12996
7872,8903
7872,1985
7872,3692
7872,9156
7872,15994
7872,16801
7872,15069
7872,4687
7872,16434
7872,5091
7872,9255
7872,4434
7872,15093
7872,11679
7872,17813
7872,18198
7872,20297
7872,3967
7872,3835
7872,14319
7872,15159
7872,3856
7872,5513
7872,19351
7872,12400
7872,16344
7872,18242
7872,1813
7872,11328
7872,10542
7872,5831
7872,12553
7872,4779
7872,14368
7872,8656
7872,17408
7872,11277
7872,11091
7872,10531
7872,2191
7872,4595
7872,18865
6512,16051
6512,16989
6512,2960
6512,10549
6512,18439
6512,221
6512,13766
6512,19447
6512,3751
6512,16926
6512,19515
6512,15123
6512,4142
2687,13429
5868,11795
5868,5020
5868,8158
5868,6399
5868,5945
5868,10896
5868,15409
5868,371
5868,8603
5868,20353
5868,11714
5868,4998
5868,3620
5868,9794
5868,17381
2337,16962
2337,8746
2337,19105
2337,18227
2337,3160
2337,6312
2337,12066
2337,2663
2337,7506
2337,1731
2337,4482
2337,20114
5090,4867
5090,6278
5090,11556
5090,14790
5090,19093
5090,429
5090,17761
5090,15495
5090,13679
5090,20314
5090,6043
5090,11026
5090,19925
5090,12228
5090,5896
5090,12204
5090,2471
5090,7398
5090,6103
5090,567
5090,11944
5090,1725
5090,17874
5090,12890
5090,8941
5090,5319
5090,17366
5090,6601
5090,15538
5090,12754
5090,4760
5090,9461
5090,9676
5090,18614
5090,16761
5090,16932
5090,12624
5090,8555
5090,15268
5090,2955
5090,16587
5090,12868
5090,4046
5090,1629
5090,11244
5090,2583
5090,2563
5090,1477
5090,19768
5090,4159
5090,12148
5090,6271
5090,13583
5090,17755
5090,2147
5090,753
5090,7424
5090,13213
5090,7733
5090,18988
5090,9588
5090,5183
5090,14387
5090,7113
5090,18914
5090,18248
5090,10701
5090,6359
5090,10509
5090,18913
5090,15834
5090,19402
5090,5102
5090,8720
5090,9106
5090,11762
5090,6109
5090,9618
5090,885
5090,19431
3130,9382
3130,9778
3130,16137
3130,15913
3130,20175
3130,343
3130,15621
3130,1213
9939,5704
9939,10775
9939,5053
9939,11824
9939,8744
9939,6102
9939,17913
9939,5532
9939,16573
9939,7767
9939,3618
9939,17082
9939,18697
9939,10672
9939,218
9939,19172
9939,6822
9939,11607
9939,15999
9939,1494
9939,18561
9939,1174
9939,7075
9939,1236
9939,3961
9939,2233
9939,19865
2551,20131
6719,1180
6719,4994
6719,2109
6719,10122
6719,1802
6719,2212
6719,6423
6719,2474
6719,11112
6719,16729
6719,324
6719,15665
6719,13103
6719,3465
6719,5665
6719,3667
6719,11036
6719,13602
6719,109
1707,11206
1707,12406
1707,9143
1707,18022
1707,3840
1707,20077
1707,8761
1707,9680
1707,10538
1707,11773
3190,7395
3190,9082
3190,7820
3190,3400
3190,8286
3190,13854
3190,4111
3190,5210
3190,10732
3190,15445
3190,19831
3190,16959
3190,8185
3190,13353
3190,8856
3190,18495
3190,13776
3190,13571
3190,7100
3190,9789
8412,19978
8412,9280
8412,5071
8412,14866
8412,1070
8412,17743
8412,20511
8412,17184
8412,2488
1854,2073
1854,15701
1854,20085
1854,18539
2221,20107
2221,16713
2221,15711
2221,2667
4228,5794
4228,20260
4228,743
4228,8300
4228,170
4228,2000
4228,14783
4228,3441
4228,11671
4228,19323
7947,9853
7947,2175
7947,1461
7947,19370
7947,9295
7947,16338
7947,13388
7947,3527
7947,13507
7947,18672
7947,14145
7947,3368
7947,4880
7947,4440
7947,8713
8541,734
8541,10957
8541,244
8541,5727
8541,5809
8541,19607
8541,19208
8541,13140
8541,9900
8541,554
1383,20056
1383,14070
1383,13010
1383,7926
1383,2877
7401,1360
7401,2600
7401,12899
7401,11402
7401,18407
7401,85
7401,6458
7401,17043
7401,3718
7401,16019
7401,1574
7401,5515
7079,1464
7079,81
7079,14579
7079,6905
7079,19894
7079,4560
7079,3789
7079,7906
7079,11907
7079,15788
963,18857
963,2570
963,7412
963,1015
963,19413
963,7621
4802,9908
4802,8858
4802,14780
4802,3236
4802,2733
4802,8125
4802,18196
4802,18338
4802,993
4046,5420
4046,11559
4046,20245
4046,5395
4046,5988
4046,8944
4046,15886
4046,744
4046,2305
8839,3875
8839,20535
8839,5593
8839,6636
8839,10585
8839,5195
8839,14273
8839,4349
8839,10150
8839,18076
9900,10771
9900,14637
9900,9217
9900,17973
9900,14991
9900,18940
9900,16656
9900,7017
9900,20603
9900,18708
9900,1698
9900,13724
6774,16881
6774,15889
6774,4618
6774,7644
6774,956
6774,570
6774,6823
6774,20410
6774,18725
6774,3379
5084,14775
5084,7628
5084,14777
5084,3309
5084,13853
5084,6781
5084,12421
5084,19456
5084,7706
5084,18935
5084,976
5084,7903
5084,4974
5084,13881
5084,15376
5084,3438
5084,13681
5084,1483
5084,9109
5084,18154
5084,16158
5084,2587
5084,10993
5084,5728
5084,4012
5084,6056
5084,12558
5084,1566
5084,18380
5084,17646
5084,15682
5084,5722
5084,19869
5084,9686
5084,11257
5084,19395
5084,2252
5084,16923
5084,2312
5084,16541
5084,5968
5084,702
5084,11442
5084,9736
5084,5321
3728,10910
3728,18797
3728,20218
3728,19803
3728,17649
3728,2993
7065,16877
7065,3381
7065,10076
7065,10547
7065,4106
7065,17419
7065,1726
7065,13311
7065,7152
7065,14523
7065,10864
7065,12403
7065,20427
9441,20572
9441,10651
9441,3525
9441,10255
9441,10669
9441,11813
9441,13412
9441,7188
9441,317
9441,8191
9441,2510
9441,4996
9441,12730
9441,6929
9441,6590
9441,4429
9441,14539
9441,8999
9441,13550
9441,6643
9441,14865
9441,8870
9441,3703
9441,16485
9441,1082
9441,15010
9441,4385
9441,7500
9441,5656
9441,15771
9441,12427
9441,9857
9441,7511
9441,11004
9441,4549
9441,8378
9441,19625
9441,10378
9441,15214
9441,841
9441,11401
9441,17457
9441,18876
9441,14786
9441,3007
9441,11053
9441,18132
9441,17554
9441,18309
9441,3858
1829,1308
1829,7375
1829,18474
1829,18595
1829,20082
1829,7441
1829,11608
1829,5523
1829,8043
1829,1489
1829,13721
1829,16705
1829,91
1829,9636
1829,724
1829,14623
2707,11698
2707,2695
2707,4267
2707,9353
2707,12453
2707,1481
2707,4933
2707,2528
2707,3075
2707,1983
2707,10810
2707,1887
9407,16631
9407,13733
9407,11737
9407,17937
9407,14021
9407,4685
9407,2875
9407,6621
9407,8771
9407,7377
9407,18207
9407,6622
9407,18453
8186,14537
8186,12013
8186,17376
8186,19033
8186,306
8186,9052
8186,17734
8186,1202
8186,4838
8186,18
8186,488
8186,10275
8053,19076
8053,16188
8053,9927
8053,15489
8053,2393
9596,14184
9596,20582
6272,10946
6272,15284
6272,5108
6272,9293
6272,2627
6272,3596
6272,15921
6272,8991
6272,5297
6272,19416
6272,3121
6272,3704
6272,9443
6272,17485
6272,4789
6272,9791
6272,17566
6272,3427
6272,5349
6272,19935
9273,20559
9273,19720
9273,10923
9273,2626
9273,18762
9273,6119
9273,12029
9273,6395
9273,17342
9273,13335
9273,1742
5031,7515
5031,11711
5031,849
5031,18751
5031,5413
5031,14065
5031,7631
5031,19183
5031,3701
5031,5220
5031,14204
5031,20311
5031,11666
5031,8662
5031,18348
4699,3797
4699,14675
4699,5187
4699,16789
4699,17329
4699,11513
4699,6365
4699,1342
4699,10726
4699,14067
4699,10134
4699,8970
4699,10702
4699,14251
4699,4107
9837,15644
9837,8808
9837,11992
9837,18764
9837,8636
9837,5821
9837,3203
9837,12722
9837,10032
9837,3230
9837,957
9837,9777
5528,10487
5528,4756
5528,18952
5528,14992
5528,6042
5528,11293
5528,11589
5528,4532
5528,5078
5528,2710
5528,2722
5528,6345
5528,10409
5528,8279
5528,9976
8731,15139
8731,3732
8731,13675
8731,16384
8731,5431
8731,1721
8731,9088
8731,3437
8731,19290
8731,3470
8731,2554
8731,440
8731,16146
8731,15359
8731,5827
8731,16566
2216,7946
2216,9957
2216,17347
2216,15979
2216,10093
2216,8588
2216,11914
2216,20105
2216,9706
2216,9313
2216,15246
2216,18696
2216,6712
2216,18572
2216,16567
2216,19559
2216,18290
2216,3252
7310,20440
266,6901
266,19888
266,13762
266,826
266,19377
266,307
266,8497
266,19622
266,11652
266,13337
266,9846
9713,20593
9713,2203
9713,7022
9713,6839
2899,12151
2899,14345
2899,195
2899,17687
2899,3501
2899,18483
2899,2121
2899,4238
2899,3826
2899,13104
2899,786
2899,3468
2899,14413
2899,393
2899,10840
2899,7349
2899,16829
2899,12202
2899,1016
2899,4426
2899,10831
2899,5129
2899,3641
2899,6801
2899,17745
2899,9348
2899,6286
2899,15117
2899,15997
2899,7347
2899,54
2899,14040
2899,12784
2899,8581
2899,3188
2899,2276
2899,13066
2899,223
2899,8281
2899,13752
2899,1551
2899,18759
2899,11188
2899,16522
2899,10417
3948,20240
5328,13664
5328,19448
5328,492
5328,12676
5328,12721
5328,8533
5328,2025
5328,18405
5328,12665
5328,5592
5328,11882
5328,3298
5328,11425
5328,13779
8835,20534
8835,9026
2781,12913
2781,1200
2781,10977
2781,18840
2781,20147
2781,18777
2781,10421
2781,19766
2781,19899
2781,5214
2781,9510
2781,640
2781,2030
2781,16015
2781,3785
2781,9645
2781,1987
2781,5092
2781,17890
2781,2266
2781,19744
2781,10213
2781,13283
2781,13290
2781,16073
2781,6082
2781,13691
2781,303
2781,10832
2781,14197
2781,15242
2781,15554
2781,5613
2781,10423
2781,7492
2781,16422
2781,10416
2781,1794
2635,13790
4526,7168
4526,20282
4526,1678
4526,12175
4526,3273
4526,6138
4526,1310
4526,17955
4526,1609
8832,9605
8832,17106
8832,16924
8832,20533
8832,3603
8832,8628
8832,13615
8832,19254
1332,12886
1332,10602
1332,13859
1332,16810
1332,10789
1332,2521
1332,13481
1332,1286
1332,19162
1332,8485
1332,19317
1332,5410
4194,1998
4194,8957
4194,5905
4194,15691
4194,12762
4194,1447
4194,13400
4194,10793
4194,2751
4194,2573
4194,323
4194,20256
4194,17052
4194,4066
4194,13050
4194,10266
4194,5325
4194,12888
4194,2120
4194,3334
489,15828
489,6539
489,2907
489,5117
489,14416
489,19988
489,18159
489,8168
489,19167
489,12551
9026,8517
9026,20546
9026,9910
9026,10184
9026,17446
9026,15
1175,6744
1175,20047
1175,8410
1175,11059
1175,10491
1175,15095
1175,13478
1175,16274
1175,8122
1175,4983
1175,6250
1175,2013
8286,14079
8286,5461
8286,11742
8286,4976
8286,10959
8286,6187
8286,7713
8286,18374
8286,3056
8286,13357
8286,9866
8286,7223
8286,16689
8286,12641
8286,7220
8286,9031
8286,6465
8286,973
8286,20502
8286,6722
8286,4873
8286,2425
8286,3787
8286,3131
8286,17608
8286,1527
8286,16704
8286,16183
8286,13653
8286,1638
7110,19248
7110,13483
4783,15426
4783,14507
4783,10707
4783,4947
4783,10682
4783,3181
4783,14741
4783,1830
4783,8435
4783,3033
4783,8056
4783,8317
7998,19914
7998,9132
7998,15152
7998,1540
7998,918
7998,17421
7998,11176
7998,8626
7998,2021
7998,12794
7998,8621
7998,1503
7998,7971
7998,17640
7998,6077
7998,7167
5648,20344
5648,6560
5648,19537
5648,17697
5648,11276
4823,20301
1129,16967
1129,20045
1129,4728
1129,762
1129,5099
1129,8796
1129,11079
1129,9952
1129,8081
1129,14869
1129,15926
8858,3291
8858,7584
8858,9038
8858,6585
8858,12885
8858,7563
8858,19150
8858,19927
8858,10676
8858,3760
4805,10816
4805,9766
4805,12491
4805,7919
4805,16592
4805,477
4805,15831
4805,7692
4805,10100
4805,11422
4805,16614
4805,11336
4805,6290
4805,16291
4805,8407
4805,5326
4805,13275
4805,8596
4805,14046
4805,10927
4805,2313
4805,13450
4805,1365
9366,5079
9366,16697
9366,18370
9366,19827
9366,4988
9366,12032
9366,9370
9366,17322
9366,7018
9366,6498
9366,8655
8889,20537
8889,8195
8889,3799
8889,5308
8889,16837
9943,20607
9943,1936
9943,18973
9943,10997
9943,10085
9943,6116
9943,6078
9943,3773
9943,9586
9943,8440
9943,8123
9943,17065
731,11969
731,3993
731,8510
731,18431
731,7232
731,4003
731,12255
731,13220
731,15720
731,10650
731,15317
731,2322
731,2370
731,5203
731,496
731,9427
731,19008
731,8994
731,3344
731,13334
731,18493
731,16961
731,20009
731,12579
731,13956
731,17336
731,7570
731,6632
731,18052
731,6515
731,9163
731,17370
731,6909
731,7813
731,15508
731,12492
731,18233
731,1208
731,311
1204,5106
1204,18546
1204,489
1204,10450
1204,4922
1204,6841
1204,1630
1204,6243
1204,1203
1204,14377
1204,12782
4467,20277
4488,16331
4488,8866
4488,599
4488,1677
4488,19070
4488,7619
4488,19339
4488,10506
4488,9023
4488,6931
4488,6111
4488,7389
4488,20278
4488,19933
4488,1040
4488,15280
4488,3460
4488,10683
3743,9363
3743,1752
3743,17984
3743,5306
5492,10079
5492,10424
5492,20337
5492,12470
5492,12165
341,6209
341,8832
341,9559
341,3077
341,7838
341,15996
341,7005
341,6057
341,7048
341,13274
341,14188
341,13167
341,17705
341,12306
341,20409
341,5072
341,8105
341,15967
341,17080
341,3988
8787,1621
8787,19171
8787,453
8787,11979
8787,5732
8787,11212
8787,12825
8787,15734
8787,20531
8787,1419
8787,10523
8787,8496
8787,3477
8787,18164
8787,4197
8787,17894
8787,4763
8787,3537
8787,21
8787,1783
8787,5885
8787,1920
8787,12617
8787,16666
8787,1556
8787,19647
8787,3062
8787,2924
8787,15540
8787,15393
8787,19822
8787,7559
8787,4705
8787,16154
8787,7557
8787,1821
8787,8268
8787,12820
8787,5335
8787,1907
8787,8251
8787,911
8787,3270
8787,1429
8787,8554
8787,5660
8787,6120
8787,14124
8787,8478
8787,4647
8787,1816
8787,13224
8787,144
8787,16416
8787,16026
8787,9407
8787,8983
8787,17757
8787,6540
8787,585
8787,8997
8787,7158
8787,10729
8787,19856
8787,11732
8787,4182
8787,3719
8787,1897
8787,15575
8787,7450
8787,6090
8787,2257
8787,11908
8787,18310
8787,6923
8787,9129
8787,1893
8787,13036
8787,15382
8787,3351
8787,8155
8787,15920
8787,12323
8787,15158
8787,13539
8787,6832
8787,9331
8787,19117
8787,15749
8787,11988
8787,14092
8787,14373
8787,17104
8787,12533
8787,14391
8787,8584
8787,5709
8787,5659
8787,6291
8787,15907
706,20004
706,13797
706,6743
4091,20250
1575,9236
1575,11548
1575,19125
1575,19671
1575,20062
1575,3260
1575,17615
1575,13458
1575,11147
1575,11498
1575,10781
1575,9799
1575,5061
1575,6812
1575,4372
1575,10006
6280,17624
6280,9547
6280,10986
6280,18286
6280,15896
6280,3538
6280,13231
6280,19519
1993,12053
1993,9718
1993,15106
1993,15526
1993,9237
1993,4927
1993,7787
1993,19706
1993,19343
1993,10565
1993,18536
1993,459
1993,19746
1993,16376
1993,3851
1993,4755
6359,4517
6359,12006
6359,1620
6359,16648
6359,8528
6359,2253
6359,18386
6359,1241
6359,9995
6359,17130
6359,7372
6359,733
6359,8604
6359,2723
6359,1931
6359,7458
6359,15210
6359,14395
6359,2097
6359,15592
6359,3688
6359,4311
6359,1247
6359,3205
6359,9442
6359,16266
6359,16971
6359,12958
6359,426
6359,3423
6359,1978
6359,710
6359,8113
6359,6734
6359,7719
6359,17811
6359,18828
6359,11858
6359,9594
6359,12318
6359,4378
6359,3772
6359,8513
6359,13892
6359,16860
6359,19587
6359,18920
6359,9414
6359,2171
6359,16064
6359,17076
6359,2741
6359,2662
2298,17597
2298,19568
2298,9081
2298,2015
2298,8333
2298,20109
2298,11931
2298,11534
2298,7397
2298,6798
2176,17910
2686,11855
2686,14604
2686,5301
2686,19876
2686,4017
2686,9184
2686,12656
2686,12356
2686,14392
2686,4275
2686,789
2686,19307
2686,7228
2686,2610
2686,2129
2686,19846
2686,5025
2686,7186
2686,19776
2686,13264
2686,10094
2686,19577
2686,16038
2686,5946
2686,13372
2686,4975
2686,16356
2686,14999
2686,13210
2686,2091
6084,20364
6084,9914
6084,18369
6084,55
3932,19654
3932,9740
3932,8871
3932,17907
3932,5045
2909,2495
2909,18502
2909,18023
2909,13787
2909,12756
2909,18477
2909,4992
2909,15632
2909,19458
2909,18980
2909,17654
2909,9317
2909,12916
2909,6207
134,15986
134,1048
134,19968
1867,20086
3533,20204
4899,18774
4899,17258
4899,16765
4899,3668
4899,20306
4899,18908
4899,2396
4899,3519
4899,5199
4899,16421
4899,11954
7536,4088
7536,20452
7536,11577
7536,6253
7536,6212
5679,2846
5679,14917
5679,19357
5679,20346
5679,10467
5679,14409
5679,14192
5679,19760
5679,18875
5679,11740
5679,10610
2667,13983
2667,20142
2667,15850
2667,10645
2667,16207
2667,13588
2667,19642
2667,15652
2667,6815
2667,15341
2667,3873
2667,3849
2667,8036
2667,16950
2667,4671
2667,13081
2667,18775
2667,2894
502,3572
502,10355
502,923
502,5738
502,2316
502,4157
502,17313
502,14731
502,6975
502,46
502,2289
502,4540
502,4747
502,3740
502,15456
502,14751
502,16449
502,4931
502,19836
502,14896
502,8755
502,16516
502,18440
502,7992
502,13392
502,6105
502,4226
502,2405
502,9921
502,15537
502,8958
502,11250
502,8821
502,4075
502,19319
502,5647
502,15966
502,15011
502,16009
502,13172
502,11625
502,13091
502,8947
502,9840
502,8426
567,5549
567,7080
567,5081
567,6751
567,5378
567,19080
567,9883
567,11136
567,18008
567,9077
567,3254
567,11047
567,9629
567,1270
567,10520
567,9669
567,12139
567,16559
567,8451
567,76
567,20294
567,18991
567,11469
567,9674
567,17208
5434,1222
5434,87
5434,16764
5434,18295
5434,19806
5434,15525
5434,14824
5434,2201
5434,20331
5434,5986
5434,10843
5434,651
5434,2601
5434,10156
5434,10809
5434,3251
5434,11432
5434,12430
5434,11640
5434,9121
5434,6426
5434,9047
5434,15017
5434,9735
5434,7499
5434,14722
5434,18549
4789,8291
4789,1124
4789,11887
4789,2003
4789,20300
4789,790
4789,11912
4789,5285
4789,13417
4789,12875
4789,11838
4789,13870
4789,17744
4789,14958
579,202
579,10298
579,3997
579,10728
579,3635
579,3570
579,7461
579,13760
579,13865
3593,13439
3593,18804
3593,15454
3593,2618
3593,20212
3593,1038
3593,5042
3593,8160
7526,16363
7526,3331
7526,6279
7526,4464
7526,14969
7526,19018
7526,1640
7526,18267
7526,19650
7526,2093
7526,18437
7526,6767
7526,15400
7526,15993
7526,13236
7526,13656
7526,2392
7526,11216
7526,10030
7526,12759
7526,19034
7526,10200
7526,2640
7526,2398
7526,20449
7109,1062
7109,6633
7109,16371
7109,11716
7109,2051
7109,15161
7109,2118
7109,7676
7109,10373
7109,20188
7109,19287
7109,13422
7109,4265
7109,4092
7109,2985
7109,15859
7109,7138
7109,5741
7109,2247
7109,17031
7109,8952
7109,10427
7109,19799
7109,20039
7109,13020
7109,9249
7109,2249
7109,13156
7109,6924
7109,4305
7109,19826
7109,8008
7109,3316
7109,19083
7109,17042
7109,8687
5794,6349
5794,11392
5794,2300
5794,482
5794,19621
5794,8109
5794,2279
5794,12002
5794,12287
5794,9403
5794,13432
1070,16490
1070,20042
1070,4044
1070,5693
1070,16118
6884,9552
6884,16104
6884,10571
6884,14490
6884,18869
6884,11853
6884,14906
6884,13929
6884,122
6884,10587
6884,11044
6884,1782
7197,20434
7197,8349
7197,2848
7197,4842
7197,3514
7197,15973
7197,3364
7197,8335
7785,14826
7785,12005
7785,3528
7785,16195
7785,7869
7785,7549
7785,3621
7785,96
7785,7638
7785,10854
7785,13555
7785,10304
7785,14487
7785,14805
7785,1296
7785,4901
7785,8189
7785,16901
7785,14393
7785,16447
7785,4968
7785,17114
7785,12557
7785,12205
7785,12170
7785,9977
7785,3907
7785,16990
7785,11579
7785,4450
7785,11180
7785,7720
7785,19122
7785,8111
7785,5192
7785,5462
7785,20472
7785,18922
7785,16686
7785,1383
7785,18818
7785,14735
7785,11172
7785,4743
2879,17455
2879,20154
2879,15483
2879,12423
2879,19529
2879,8193
2879,15848
2879,18552
2879,3425
2879,16734
2879,2255
2879,6016
2879,5782
2879,19230
2879,5008
6794,7962
6794,20413
6794,807
2593,9110
2593,8484
2593,17220
2593,15432
2593,16944
2593,20134
2593,16058
2593,19692
2593,13004
2593,16956
2593,3494
2593,4119
2593,6221
2593,19556
2593,5367
2593,13968
2593,241
2593,18143
2593,1584
2593,17365
2593,14502
2593,1685
3069,20170
3069,17051
3069,14309
3069,2679
3069,1493
3069,994
3069,189
3069,13332
3069,6080
3069,8013
3069,878
3069,15786
3069,11251
3069,409
3069,4677
3069,10721
2109,20099
8752,20528
6553,20392
4774,17908
4774,14453
4774,7064
4774,3836
4774,3841
4774,3612
4774,20298
4774,19695
4774,14706
4774,11111
4774,16190
4774,13799
4774,1065
4774,18948
970,20031
654,20002
3799,20226
6837,20418
1083,20043
2432,20122
9250,20557
8990,20541
9595,20581
4429,20272
6268,20375
5374,20327
