track_id,artist_id
15176,338
4593,338
7891,338
12702,338
9909,338
18746,338
5605,338
1046,338
14693,338
7094,338
18060,338
13465,338
18602,338
9693,338
15316,1095
9173,1095
7477,1095
17607,1095
6558,1095
18997,1095
11269,1095
6096,1095
16652,1095
18845,1095
16014,1095
8337,1095
13226,1077
19882,1077
20000,1077
17262,1077
11388,1077
1371,1077
15226,1077
8703,1077
16576,1077
5320,1077
12949,299
15653,299
15827,299
9991,299
2319,299
17402,299
6796,299
10570,299
11064,299
9785,299
15785,299
18732,299
13637,630
12549,630
15838,630
10665,630
3119,630
8345,630
1134,630
15203,630
6141,630
17998,466
3422,466
15962,466
5086,466
9356,466
5801,466
14966,466
15645,466
3289,466
1686,466
19673,466
13618,466
8537,466
9963,466
17164,466
4273,466
9980,466
8044,466
10649,466
444,466
19507,466
2222,466
5811,466
5707,466
10989,466
6674,466
2905,1570
5500,1570
15199,1570
4547,1570
271,1570
11627,1570
12793,1570
18358,1570
10362,1570
2736,1570
10501,1570
12752,1570
12343,1570
6369,382
2428,382
1867,382
12128,382
12937,382
15985,170
18283,170
1066,170
13241,170
10314,170
4860,170
11562,170
7551,170
13725,170
13298,170
12893,170
526,170
15560,170
3895,1051
3588,1023
2770,1023
1354,1023
12965,1023
18314,1023
10528,1023
16836,1023
1681,1023
17318,1023
606,1023
8061,1023
18441,1023
260,142
1826,142
14133,142
12271,142
19722,142
19545,142
18016,416
448,416
1658,416
6448,416
14002,416
17429,416
3788,416
2308,416
6343,22
3176,22
15670,22
3761,22
11729,22
14326,22
13686,22
9218,22
10541,22
7184,22
5940,22
17538,22
14748,63
14254,684
1291,684
10533,684
19670,684
18803,684
904,684
3020,684
977,684
6689,684
14403,684
8864,684
15324,837
10263,837
3694,837
7083,837
1138,837
9007,837
17331,837
17434,837
16400,837
8340,837
19604,837
9828,1421
334,1421
284,1421
230,1421
928,1421
6330,1421
6876,1421
14029,1421
1519,1421
11709,1421
15893,1421
1565,1421
1435,1421
6673,1421
4331,1421
8392,1421
9076,1421
12041,175
13813,175
9259,175
4383,175
18352,175
14894,175
5446,175
11407,175
8050,175
12667,325
12055,325
8937,325
17445,325
19023,325
10473,325
8859,325
19277,325
12273,325
14926,325
12773,325
8024,325
17156,325
17537,325
8396,325
10236,1263
5021,1263
17271,1263
18266,1263
18581,1263
12761,1263
1858,1263
2743,1263
2259,1263
19262,1263
11669,1263
9920,1263
1436,1263
13919,1263
12507,1263
4270,1263
16078,1263
18978,1263
12689,1714
382,1714
15829,1714
3866,1714
4503,1714
4342,1714
605,1714
1945,1714
7296,1714
695,1714
6627,1714
12530,1714
2621,1714
17178,1726
2852,1726
16243,1726
14953,1452
9315,1452
10941,1452
17629,1452
8318,1452
7191,1452
19017,1452
6776,1452
9491,1452
9544,1452
10852,1452
10269,1452
13486,1452
12190,1452
13890,1452
15023,1452
4523,1452
14018,1452
629,1452
7451,1452
13158,1452
12485,1452
10878,1452
7204,1452
869,1452
6703,1452
15861,1452
6733,1452
6757,1452
4176,1452
15238,1452
19892,1452
9251,1745
16511,1499
8625,1499
6300,1499
17489,1499
13459,1499
16676,1499
4214,1499
7266,1499
5229,1499
15832,1499
7768,461
17276,461
15447,461
17812,461
13350,461
17857,461
5152,461
1140,461
19712,461
1654,461
11984,461
1268,461
11827,461
9717,461
9311,461
5164,461
16372,461
18450,461
12717,461
16914,461
14536,461
16542,461
14689,461
4855,461
9928,461
10112,461
4179,461
1421,461
8038,461
16390,461
9093,461
5097,461
5082,461
1044,461
7599,461
5433,461
1251,461
5925,461
14384,461
19222,461
3966,461
15207,461
2481,461
18106,461
8816,461
1166,1463
7583,1463
18968,1463
17451,1463
8448,1463
10834,1463
17046,1463
9154,1463
2369,1463
18299,1463
3111,1463
6185,1463
7054,1463
6724,146
980,146
11983,146
1648,146
17413,146
12366,146
5628,146
8058,146
4036,146
7776,698
9135,698
15875,698
9040,698
7750,698
17858,698
14078,698
15971,698
12781,698
5526,698
4576,698
9460,698
13989,698
13739,698
8553,698
17655,698
16444,698
13247,698
6865,698
12078,698
12060,698
16394,698
11343,698
107,698
9324,698
20164,698
17312,622
11697,622
45,622
12845,622
434,622
16973,622
14066,622
1622,622
7055,622
13758,622
1459,622
780,622
5442,1365
18071,1354
18071,1740
18071,1724
18071,2
11141,805
18292,805
2967,805
18761,805
12313,805
16601,805
17905,805
15408,805
3874,805
10054,805
1933,805
9321,1690
4379,1690
9169,1690
13648,1690
9447,1690
19567,1690
1476,1690
18046,1602
6715,1602
10334,1602
11667,1602
15738,1602
879,1602
15618,1602
10817,38
16299,38
7732,38
16691,38
727,38
14513,38
12536,38
889,38
15301,38
7285,38
13945,38
14635,38
6209,640
8832,640
9559,640
3077,640
7838,640
15996,640
7005,640
6057,640
7048,640
13274,640
14188,640
13167,640
17705,640
12306,640
20409,640
5072,640
8105,640
15967,640
17080,640
3988,640
10152,923
10152,1760
10270,923
10270,1760
9495,923
9495,1760
17238,923
17238,1760
10813,923
10813,1760
14626,1760
14626,923
9642,923
9642,1760
11903,923
11903,1760
2356,923
2356,1760
8547,1104
18924,1104
9628,1104
12610,1104
12610,466
13509,1104
13509,466
19055,1104
14666,1104
5373,1104
15142,1104
18531,1104
11695,1104
2403,1104
3562,1104
12026,1104
2742,1104
13187,1712
13339,1712
10973,1712
12927,1712
971,1712
896,1712
18912,1712
15766,1712
16515,1712
7087,1712
12698,1747
12933,1747
2549,1747
8613,1747
7801,1747
9854,1747
16109,1747
8284,1747
3689,1747
13953,1747
11234,1747
9467,1747
4344,733
5720,733
19306,733
13024,733
9867,733
17277,733
10476,733
397,733
1661,733
3248,733
5840,253
16621,253
7510,253
17374,253
15397,253
9136,253
7455,253
1628,581
5719,581
14247,865
3191,1241
6664,1241
3133,1241
12855,1241
9728,1241
315,1241
10553,1241
16346,1241
469,1241
2430,1241
11288,1241
4389,1241
19282,192
13031,192
10866,192
8218,192
18411,192
7278,192
8210,192
12509,192
3956,1316
11828,1316
18469,1316
10496,1316
10331,1316
9448,1316
1913,1316
12800,1316
4737,1316
10555,1316
5951,534
9245,534
17024,534
4131,534
12771,534
15844,534
16252,534
13414,534
12183,534
14476,534
17769,534
16783,534
7407,534
12581,534
8177,534
17876,534
10739,534
19069,534
13114,534
19355,534
13824,534
9727,534
2155,534
10583,534
3180,534
7929,447
2052,447
17286,447
16245,447
590,447
1458,447
9529,447
18457,447
17897,447
12254,447
8090,447
16185,447
7782,447
912,447
17289,447
19211,447
765,447
14348,447
10259,145
15291,145
9492,145
10634,145
19098,1770
1865,918
1438,918
5247,918
12383,918
2781,918
18473,918
113,918
5887,918
3951,918
697,918
8293,918
19756,1340
18043,1340
19024,1340
13793,1340
16271,1340
5884,1340
11989,1340
10579,1340
718,1340
19932,1340
3053,842
13918,842
1076,842
17256,842
12769,842
18401,842
4227,842
13042,842
14120,842
1356,842
9462,842
15394,842
15651,842
11166,842
2631,842
12842,842
16091,842
2638,899
13935,899
4009,899
13668,899
1187,899
412,899
1205,899
1024,899
16688,899
6553,899
844,1315
1541,1315
4859,1315
9784,1315
8419,1315
14565,1315
9832,1585
11872,1585
14833,1585
5955,1585
2190,1585
1107,1585
12848,1585
5403,1585
14402,1585
13001,1585
11001,1585
10752,1585
10036,1585
7845,1585
9369,1585
19656,1585
17777,1585
6054,1585
1744,1585
19337,1585
4162,507
18569,507
11127,507
12083,507
14848,507
2869,507
12959,507
916,507
7366,507
10143,507
1369,507
19853,507
7157,1086
14747,1086
927,1086
13000,1086
3406,1755
5574,1755
4753,1755
17250,1755
2940,1755
17053,1755
1807,1755
16092,1755
16618,1755
14681,1755
6729,1062
6729,1519
6729,710
6729,1
6729,1374
11591,1062
11591,710
11591,1
11591,1374
15719,1062
15719,710
15719,1
15719,1374
1645,1062
1645,1519
1645,867
1645,574
1645,358
1645,1
1645,1374
13080,1062
13080,710
13080,1
13080,1374
17203,1062
17203,1519
17203,867
17203,574
17203,358
17203,1
17203,1374
8541,1062
8541,710
8541,1
8541,1374
1626,1062
1626,710
1626,1
1626,1374
17700,1062
17700,1519
17700,867
17700,574
17700,358
17700,710
17700,1
17700,1374
2236,1062
2236,710
2236,1
2236,1374
6736,1062
6736,710
6736,1
6736,1374
12420,1062
12420,1519
12420,867
12420,574
12420,358
12420,710
12420,1
12420,1374
7282,1062
7282,1519
7282,710
7282,1
7282,1374
6952,1062
6952,710
6952,1
6952,1374
12089,225
10554,225
4907,225
486,225
11456,225
18808,225
507,225
2604,225
344,225
2522,225
7134,225
17804,225
11097,225
3978,225
5776,225
7091,225
14743,820
1370,820
897,820
17436,820
13685,820
18758,820
9005,820
16199,820
4676,820
7520,820
16769,13
11397,13
18068,13
8162,13
13493,13
11529,13
527,13
10325,13
374,13
3938,13
18687,148
13148,148
12235,148
12705,148
18302,148
13808,148
10633,148
6668,148
14445,148
5331,148
14730,148
19341,148
18805,148
7462,148
246,148
19088,1258
10278,1258
8552,1258
17202,1258
8964,1258
8643,1258
9035,1258
13706,1258
14431,1258
17044,1258
389,1258
1843,1258
17168,1258
4915,1258
9091,1258
1707,1258
5030,1258
2980,1258
5391,367
10363,940
10363,1777
2704,940
2704,1777
19237,940
19237,1777
14577,186
6280,186
7534,186
5815,186
11149,186
4446,186
1642,186
8230,186
6201,186
2553,186
16297,558
14217,558
13349,558
7625,558
7975,558
5621,558
14093,558
2470,558
15870,558
9444,558
13452,558
13252,618
8520,618
17360,618
17471,618
6763,618
8560,618
18272,618
17459,618
4920,618
7229,618
10879,618
2752,708
16204,708
7029,708
14678,708
19062,708
937,708
11823,708
5868,1485
19166,431
19166,1548
19166,1025
16750,1708
16750,116
16750,592
16934,1708
16934,116
16934,592
18006,128
7438,128
4934,128
12266,128
498,128
13313,128
7478,128
18756,128
17150,128
5601,128
7688,258
7555,258
14661,258
2542,258
7606,258
13586,258
4785,258
15892,258
9168,258
8004,258
11549,360
9449,360
16555,360
1393,360
16476,360
10844,360
19350,360
16159,360
19858,360
14312,360
2359,360
4189,157
6785,157
968,157
3679,157
13753,157
9485,157
14828,157
8441,157
13931,157
8022,157
16917,157
15441,157
1644,577
5282,577
13877,577
78,577
2387,577
18124,577
3888,577
14834,577
5564,577
16816,577
18791,577
8820,577
12920,577
145,577
15068,577
19266,577
13829,577
6029,577
11197,577
16357,577
17096,577
12120,577
14233,727
15332,727
9864,727
17305,727
13737,727
8131,727
4777,727
6960,727
13906,727
5032,727
19048,727
14762,727
14050,316
12405,316
7459,316
6,316
16821,316
18241,316
8806,316
17198,316
5254,316
11856,316
9158,316
3593,316
14471,316
17050,316
3144,316
10539,316
17139,316
7920,316
11594,316
2365,316
17730,1615
13381,1615
14899,1615
12688,1615
17805,1615
5479,1615
12850,1615
10995,1615
2275,1615
8927,1615
15240,1615
16773,1615
17232,1348
6748,791
18258,791
1410,791
3778,791
2157,791
7828,791
15192,791
17398,791
16862,1426
15295,1426
14732,1426
11412,1426
17696,1426
2941,1426
4064,1426
13397,1426
19849,1426
12847,1426
17387,1426
2889,1426
18193,756
12697,756
1132,756
10038,756
2769,756
18976,756
12161,756
2996,756
16876,756
10943,756
2465,756
6004,756
4846,756
9365,756
2434,756
11171,756
15846,316
8270,316
2061,316
19300,316
15296,448
15175,448
6296,448
8157,448
600,448
2567,448
1651,448
13748,448
8995,448
8094,448
588,371
14558,980
14585,980
20333,980
8700,980
2023,980
11235,980
5749,980
1073,980
8221,980
5588,980
5956,980
13631,1270
3314,889
1910,1594
9225,30
9225,1725
97,73
3448,1055
3448,701
11592,999
16309,1085
2450,1627
13087,1627
14610,1627
11344,1627
9211,1627
3168,1627
16744,1362
509,1362
13836,1362
1425,1362
10026,1362
1077,1362
13561,1362
8765,1362
9730,1362
2808,1362
2690,1362
14505,1362
5646,1362
6162,1362
2243,1362
13343,1362
15053,1362
8481,700
17514,700
5418,700
3435,700
2642,700
13390,700
12424,700
2768,700
18487,700
2187,700
17317,700
8276,700
4536,700
100,1223
18706,1223
12279,419
8468,475
5190,475
5223,475
14636,475
1209,475
15381,475
11438,475
8928,475
15531,475
5013,475
5279,475
9080,475
361,475
8173,475
16957,475
11486,475
19796,475
3742,475
15386,1701
12056,393
386,393
2278,393
14081,393
9409,393
2824,393
18322,393
9795,393
17109,393
15983,393
6683,393
2882,393
19278,393
5600,393
6998,393
1878,393
2857,393
11054,393
6786,393
9671,240
9671,1217
12259,240
12259,1217
3093,240
3093,1217
17509,240
17509,1217
6916,240
6916,1217
6351,240
6351,1217
4586,240
4586,1217
1474,240
1474,1217
19841,1569
1714,1569
626,1569
5878,1569
5942,1569
8946,1569
17633,1569
7837,1569
9624,1569
3597,1569
7452,1116
907,1116
10464,1116
16887,1502
16887,242
8141,242
7074,242
13533,1116
13533,242
12787,1502
5200,1502
1110,1502
4324,1110
8379,1110
15906,1110
10830,1110
7682,1110
16699,1110
4499,1110
4400,1110
18158,1110
16839,1110
10499,1435
2235,1435
7580,1435
944,1435
11199,1435
15984,1435
8797,1435
19505,1435
15934,1435
9024,1435
4257,1435
811,1435
19188,1581
16464,1581
4333,1581
13512,1581
12124,1581
7766,1581
9490,1581
9281,1581
1890,1581
12300,1581
3418,671
3418,745
6884,1699
7042,1699
5807,1699
17054,1699
2530,1699
1509,1699
9116,1699
125,1699
8120,1699
8336,1699
17253,1699
2867,578
2867,414
2087,1107
18895,1107
12242,1107
6934,1107
156,1107
15519,1107
10123,1107
17634,1107
18925,1107
16662,1124
2944,1124
4810,1124
18343,1124
7809,246
5962,165
1919,165
11812,165
17638,165
16193,165
1690,165
14110,165
6679,165
16354,165
18611,488
18611,1208
18611,1688
12249,27
11750,27
778,27
12131,27
7484,27
16420,27
10149,27
18901,27
5280,27
483,27
4802,27
2184,1353
3853,926
10788,517
5975,517
14581,517
17142,517
4680,517
16794,517
6513,517
16840,517
10652,517
11218,517
12308,517
2789,517
11635,517
9560,517
12946,517
1970,517
9923,517
19907,1567
8580,1567
6048,1567
5408,1567
18796,1567
15948,1567
8619,1567
3768,1567
8184,1567
15436,1567
11114,1318
11585,1318
17605,1318
11582,969
376,969
3587,969
17576,969
15310,969
8409,969
4232,969
11920,969
14174,969
1012,969
4508,969
3955,664
16707,664
6186,664
15779,664
8503,664
13309,664
12086,664
7830,664
17844,664
17363,677
12797,677
9786,677
18020,677
9067,677
10392,677
13581,677
1178,677
7546,677
8644,677
18942,677
9278,677
19787,677
6656,677
6152,677
12225,677
19627,677
3318,677
9902,677
7024,677
14880,677
3945,677
185,677
16186,677
6136,1735
3216,1379
9889,1314
16593,1225
2116,1225
5850,1225
6900,1225
6721,1225
18573,1225
4733,1225
5915,1225
3279,1225
6800,1225
8732,1225
16832,1225
12945,1225
7287,1225
7159,1225
1940,1225
4188,1032
18396,1032
1231,1032
19651,1032
8138,1032
8658,1032
4964,1032
1791,1032
2577,1032
1767,1032
17799,1032
15677,1032
2654,1032
4438,1691
17301,1691
11780,1691
9239,1691
8438,1691
563,1691
17532,1691
438,1691
18771,1691
5930,1691
4234,1691
14571,1691
19555,1691
17715,1691
9085,1691
1552,1691
13868,1691
3335,1691
808,1691
1938,1691
13940,1691
10438,1691
11475,1691
2617,1691
9776,1691
18058,1691
9984,274
14670,274
7427,274
17323,274
19311,274
3339,274
17947,274
14243,274
30,274
9341,274
19804,274
1352,274
7842,982
1896,982
3903,982
14255,982
2125,982
18204,982
5018,982
14765,982
11501,982
4166,982
8260,982
5999,982
4997,982
2597,982
5729,510
19432,510
9212,510
5790,510
3650,510
4314,510
11610,510
4638,510
15685,510
8063,510
2602,510
2791,510
18026,510
466,510
12375,510
4059,510
9660,510
16880,510
5150,510
4780,510
19148,510
13408,510
6371,510
10140,510
14965,510
6545,510
678,510
1133,510
14908,510
16757,510
14356,510
17600,510
16534,510
7860,510
4908,510
7823,510
4073,510
14422,510
12117,510
12874,510
16132,510
6456,332
8842,332
8898,1291
13251,1291
14905,1291
9138,1291
14057,1291
9142,1291
9947,1291
19454,1291
19554,1291
10002,1291
13462,1291
13385,1291
2318,1291
5392,1766
5304,1766
3124,1766
3636,1766
17403,1766
10596,1766
4194,1766
16643,1766
14446,1766
16736,1766
12725,1766
4174,666
13687,666
6936,666
9770,666
12952,101
7783,101
11214,101
14547,101
14109,101
4164,101
5133,739
19609,739
1868,739
10658,739
10972,739
17087,739
731,739
10479,178
14250,178
14629,178
17040,178
12455,178
5485,178
4135,178
5841,178
8259,178
17339,178
6461,178
9397,1033
9397,1325
1374,1033
1374,1325
17224,108
2360,108
3770,108
9475,108
13196,108
1003,108
436,108
13085,108
1697,108
1330,108
14417,108
18420,108
14788,108
9166,108
340,108
20177,108
8201,1679
13120,1623
4856,1623
1327,1623
5611,1623
16110,1623
11525,1623
15083,1623
19196,1623
10430,1623
10011,1623
1348,921
8437,921
8437,1172
18752,921
18752,1172
36,921
36,1172
16544,1172
7832,921
14760,1172
19514,1172
19514,921
12601,1289
6424,1289
11526,1289
17353,1289
16010,1289
17465,1289
18831,1289
8891,1289
9824,1289
18382,808
6405,808
8404,808
5506,808
5292,808
9973,808
17335,808
3949,808
4435,808
9286,808
1664,808
3948,808
10760,100
10760,430
10760,1404
17847,1686
1560,1686
18422,1686
16202,1686
1340,1686
10859,1686
2854,1686
9894,1686
13164,1686
7565,1686
8442,1686
11922,1686
7088,1507
11515,1507
1460,1507
14653,1507
17837,1507
13096,1507
17935,1507
17978,1507
13267,1507
8788,1507
17045,1507
3901,1507
14620,177
17592,432
18276,432
3913,432
12997,432
14512,432
11252,432
7907,432
2792,432
1607,432
8892,432
9546,432
7675,190
10784,190
10394,190
5382,190
12145,190
15923,190
3869,190
14051,190
3222,190
665,190
13137,190
6899,190
17823,190
589,190
2632,190
722,190
14287,190
2227,190
1021,190
18783,190
8498,190
163,190
2862,190
9767,190
2673,190
4906,190
19809,190
13359,190
15245,190
16531,190
16076,190
15574,190
5110,190
6320,190
15289,190
5068,190
16469,190
4139,190
8925,190
5242,190
6666,190
15335,190
7131,190
10839,190
9103,190
3910,190
8649,190
16228,190
7636,190
18916,190
10611,190
3235,190
16017,190
10268,190
17622,190
4917,190
16138,190
19446,190
8699,190
6554,190
9925,190
16983,190
363,190
14142,190
8433,190
18989,190
10988,190
14956,190
20227,190
14942,190
8730,190
7453,190
7656,190
4354,190
490,190
19276,190
2512,190
201,190
13295,190
1632,190
6041,190
5310,190
7313,190
19624,190
5717,190
14418,190
12033,190
1901,190
10233,190
7382,190
18654,190
18117,190
8705,190
7380,190
4116,190
15573,190
4784,190
10041,190
16800,190
2160,190
4325,190
11506,190
18162,190
5278,190
18035,190
13599,190
18742,190
7019,190
14576,190
7703,190
12522,190
12219,190
15836,190
2545,190
1684,190
14691,190
3490,190
19114,190
1937,190
14347,190
15370,190
17137,190
11142,190
8072,190
14167,190
18850,190
11016,190
13211,190
16864,190
14351,190
13415,190
14260,190
19231,190
11830,190
13273,190
9591,190
1855,190
14794,190
10194,190
18057,190
667,190
8331,190
5557,190
3712,190
12417,190
9781,190
8902,190
4060,190
1775,190
7736,190
16479,190
15115,190
15348,190
11869,190
15842,190
12309,190
9587,190
16398,190
18275,190
7248,190
1505,190
5380,190
18587,190
15044,190
2297,190
9721,190
15162,190
3044,190
14139,190
4423,190
16165,190
19585,190
7564,190
10283,190
5357,190
273,190
6521,190
18892,190
6659,190
4744,190
10083,190
11295,190
12039,190
4836,1576
5711,1576
7924,1576
1535,1576
19228,1576
4481,1576
3882,1576
4006,1576
14648,1576
16047,1576
802,771
1898,771
19353,771
1167,771
14542,771
4612,771
14226,771
12354,771
15858,771
525,771
15059,771
16510,771
9649,771
17849,771
12532,771
6293,771
9643,4
18520,4
10616,4
7249,4
2174,4
18852,4
2725,4
11593,4
18263,4
13151,4
10019,714
339,1538
12334,1538
13700,1538
14073,1538
17385,1538
18645,1538
13534,1538
4864,1538
11383,1538
704,1538
15194,1538
3420,1538
15319,1538
14964,1538
476,1538
12452,1538
9772,1538
515,1538
5284,607
19320,1406
19320,1089
1206,1406
1206,1089
10653,1406
10653,1089
9526,1406
9526,1089
18088,1406
18088,1089
2216,1406
2216,1089
9622,1406
9622,1089
675,1406
675,1089
13969,1406
13969,1089
3349,1406
3349,1089
5290,1406
5290,1089
1875,1406
1875,1089
18720,1465
18799,1465
18364,1465
72,1465
2307,1465
16604,1465
11247,1465
19436,1465
15781,1465
5493,1465
12109,1465
9438,1465
337,1465
5377,1465
7110,1465
10316,1465
13902,1465
17932,1465
11494,1465
10928,1465
446,1465
12687,1465
8361,1465
5269,1465
4451,1728
9433,1728
7707,1375
6917,1375
3927,1375
10833,1375
9708,1375
381,1375
17614,1375
12925,1375
4200,1375
11776,1375
17502,1375
12338,1375
16156,908
3968,322
4620,1160
4620,1705
9096,1160
9096,1705
1871,1160
1871,1705
15379,1160
15379,1705
3889,1160
3889,1705
8549,606
6557,606
1465,606
14970,606
18994,606
8975,606
12511,606
14199,606
10534,606
13354,606
12575,606
19224,606
5838,606
3559,606
15312,606
20490,606
14492,606
15177,606
8666,606
1734,606
9821,606
11063,606
9815,1276
18113,1276
4522,1276
5219,1276
14569,1276
2700,1276
14506,1276
14789,1276
18114,1276
14173,1276
2965,1276
13958,1276
3419,1276
15739,1276
3657,1276
6946,1276
12144,1276
16072,1276
9936,1276
18316,1276
6912,1276
14118,1276
12332,1276
17075,1276
12458,1276
1517,1276
4353,1276
3994,1276
10040,1276
18148,1276
14013,1276
19711,1276
12609,1276
16142,1276
11998,1276
11405,1276
18928,1276
6203,1508
12146,1508
10787,1508
3174,1508
1295,1508
13605,1508
10874,1508
12638,1508
6342,1508
13883,1508
16470,1508
15248,1508
2362,1508
16448,1508
197,1508
15453,1508
10944,1508
1912,1508
2541,1508
12941,1508
5552,1508
18665,1508
7548,1508
6963,1508
12484,1508
19291,1508
18689,1508
1423,1508
16368,1508
5169,1508
14767,1508
2410,1508
10705,1508
14060,1508
19415,1508
16106,1508
2780,1508
20464,1508
2194,1508
14483,1508
3110,1508
19703,1508
536,1508
19190,1508
6115,1508
11746,1508
2476,1142
14390,1142
13479,1142
2043,1142
8104,1142
12749,1142
9534,1142
11521,1142
5470,1142
4439,1142
8735,1142
4456,1142
13569,1142
738,1142
14769,1142
7618,1142
10084,1142
596,1142
2532,1142
9385,1142
19718,1504
19718,1580
19718,1618
3403,1504
3403,1580
3403,1618
2072,1504
2072,1580
2072,1618
7410,1504
7410,1580
7410,1618
4696,1504
4696,1580
4696,1618
14546,774
15222,780
177,780
12007,780
15328,780
3361,780
3342,780
6213,1106
2674,1106
3404,1106
6501,860
10684,860
3221,860
15681,860
4251,860
1727,860
1585,860
2994,860
7505,860
16625,860
16786,860
14535,860
16459,860
6935,439
6935,1598
6935,595
13923,141
2449,141
11672,141
12659,141
14671,141
782,141
17505,141
12586,141
14704,141
7718,141
17632,141
13,141
17058,141
6226,141
4229,1035
6093,1035
14274,1035
7780,1035
13670,1035
154,1035
11942,1035
14117,1035
8915,1035
3818,1035
1018,1035
3860,1035
8006,1253
12126,99
13324,99
3234,99
11144,99
18471,99
11318,99
3098,99
13259,99
7294,1031
7294,570
13244,1031
13244,570
5271,1031
5271,570
10138,1031
10138,570
2660,1031
2660,570
5856,1031
5856,570
19002,1031
19002,570
8600,1246
15700,1246
16270,1246
7155,1246
29,1246
5456,1246
15100,1246
8132,1246
6970,1246
16745,1246
9441,1246
3989,1246
15730,1246
8515,1246
6364,1246
9774,1246
18146,1246
11884,1246
8545,1246
8840,1246
19155,1246
7542,1246
15292,1246
17880,1246
16835,873
16835,655
4490,873
4490,655
6882,873
6882,655
2974,873
2974,655
18448,873
18448,655
12861,873
12861,655
12296,1380
17524,1380
14138,1380
5122,1380
12093,1380
5483,1380
3108,1380
14902,1380
9831,1380
6234,1380
6252,1380
9277,1380
5477,1380
12940,1380
13043,1380
3847,1460
16868,1460
5837,1460
17098,1460
10715,1460
13682,1460
4414,1460
16472,1630
14420,693
5472,693
13260,693
2539,693
15482,693
16279,693
13328,693
5661,693
8161,693
2045,693
11011,693
8827,693
5880,693
14544,693
12497,693
5240,693
7069,693
19215,693
5845,693
3607,693
11621,693
19347,693
15016,693
12929,693
19359,30
3803,328
19225,328
17265,328
9749,328
10631,328
10689,328
19726,328
16819,328
10065,328
3262,328
2002,328
12936,328
5439,328
18245,328
15949,40
16379,40
736,40
17270,40
3565,40
13221,40
6413,40
3594,40
9181,40
5582,40
2555,40
13474,40
7400,1297
2478,1297
18186,1297
6856,1297
155,1297
15760,1297
11757,1297
1749,1297
1533,1297
3451,1297
544,1297
17064,1297
13603,1297
2413,711
8516,711
573,711
18870,711
15581,711
7396,711
17012,711
5829,711
6425,711
19118,711
5294,1179
2836,711
17550,711
2062,711
17712,1145
9562,1145
17254,1145
17135,1145
12187,1145
586,1145
7031,1145
20399,1145
11183,1145
11030,1145
11913,1145
11043,1145
19948,1145
13689,110
6015,110
13095,110
5899,110
13990,110
15275,110
13933,110
14469,110
19663,110
17819,1041
8467,1041
8563,1041
12182,1041
6818,1041
3820,1131
4202,1131
13016,1131
3035,1131
8027,1131
7142,1131
10648,1131
3939,1131
7466,1131
774,1131
11701,1131
10625,1512
10625,1131
3686,255
3686,1131
4462,1264
14950,1264
5488,1264
2438,1264
15362,255
15362,1264
2535,1264
17123,1512
17123,1264
2102,255
2102,1264
3388,1264
16930,1264
11507,1264
11952,1264
17165,198
17780,198
16066,255
16066,198
9215,1512
9215,198
3454,198
17017,195
18592,195
15522,195
11211,195
6354,23
6354,990
16814,787
4329,787
16273,787
3322,787
2887,787
4296,787
1375,787
19038,787
926,787
17856,787
7569,787
7587,787
10035,118
10289,118
4479,118
18516,118
8960,118
13907,118
2500,118
12990,118
10295,118
5332,118
8204,1665
12932,1665
6928,1665
1380,1665
12304,1665
15940,1665
10203,1665
5035,1665
3067,1665
16226,1665
6098,1665
921,1665
18967,1665
4639,1665
1745,1665
3943,807
14449,807
10387,807
18608,807
15819,807
11774,807
278,807
719,807
17211,807
12258,807
14219,807
10303,807
6313,807
3936,807
12125,807
12364,807
2165,807
11663,807
14327,807
15418,807
1513,807
8463,807
3486,807
6584,807
1114,807
1712,807
13440,807
9508,807
7808,807
18541,807
11628,1661
13330,1661
4513,1661
14168,1661
11,1661
16216,42
4794,1048
8919,1048
19918,1048
8876,1048
2950,1048
1104,1048
3700,1048
8500,1048
7942,1048
3304,1048
8472,1048
18355,1048
11108,1048
19191,1648
752,1648
15914,1648
7708,1648
10819,1648
17718,1648
11767,1648
2026,1648
8455,1648
14985,1648
15271,1648
6402,1648
14493,1648
17725,1648
12045,1648
266,1648
2917,1648
3277,1648
12352,1244
7108,1244
831,1244
8292,1244
1052,1244
1659,1244
18514,1244
18256,1244
5159,1244
19736,1244
10626,1244
13308,120
12827,120
17903,120
18729,120
18121,1620
13249,1620
11895,1620
19361,1620
1457,1620
3323,1620
4074,643
10700,643
4269,643
7315,643
9825,643
9760,643
5571,643
10861,1418
8266,1418
5630,1418
1979,1418
8012,1418
15046,1418
7541,1418
18264,1418
3142,1418
2260,163
18395,163
8760,163
10640,163
18971,163
8076,163
12862,163
8511,255
8511,53
9399,255
9399,53
3003,255
3003,53
4894,255
4894,53
12733,255
12733,53
14175,255
14175,53
94,255
94,53
101,379
16831,379
15904,379
15429,379
10320,379
10010,379
2847,379
13755,379
19485,379
2520,379
764,379
11175,379
813,1122
17867,1122
2613,1122
15883,1122
10015,1122
15019,1122
15693,1122
3054,1122
6752,1122
3855,1122
17983,1122
3557,963
3557,261
3557,687
16423,963
16423,261
16423,687
531,963
531,261
531,687
7900,963
7900,261
7900,687
1951,963
1951,261
1951,687
8716,963
8716,261
8716,687
13946,963
13946,261
13946,687
6140,963
6140,261
6140,687
19861,963
19861,261
19861,687
2092,963
2092,261
2092,687
14612,731
9137,731
3554,731
6807,731
4463,731
16622,731
18365,731
9878,731
18273,731
16777,731
6904,731
12054,1179
16162,1179
4999,1179
4981,1179
14115,1179
2154,1179
12483,1179
5755,1179
19066,1179
8986,1179
18621,1179
5171,1179
19727,1179
11496,1179
668,330
668,803
668,1437
10914,330
10914,803
10914,1437
3151,330
3151,803
3151,1437
5545,330
5545,803
5545,1437
18096,330
18096,803
18096,1437
700,330
700,803
700,1437
15326,330
15326,803
15326,1437
17112,330
17112,803
17112,1437
854,330
854,803
854,1437
14723,330
14723,803
14723,1437
17380,330
17380,803
17380,1437
3604,330
3604,803
3604,1437
9994,330
9994,803
9994,1437
2046,330
2046,803
2046,1437
12415,330
12415,803
12415,1437
17574,330
17574,803
17574,1437
7258,330
7258,803
7258,1437
8203,330
8203,803
8203,1437
11236,330
11236,803
11236,1437
15570,330
15570,803
15570,1437
17447,330
17447,803
17447,1437
15323,330
15323,803
15323,1437
11221,330
11221,803
11221,1437
9780,330
9780,803
9780,1437
19672,330
19672,803
19672,1437
4198,330
4198,803
4198,1437
6581,330
6581,803
6581,1437
18337,330
18337,803
18337,1437
12220,330
12220,803
12220,1437
1185,330
1185,803
1185,1437
4350,330
4350,803
4350,1437
19464,330
19464,803
19464,1437
18749,330
18749,803
18749,1437
7639,330
7639,803
7639,1437
4979,330
4979,803
4979,1437
739,330
739,803
739,1437
17784,330
17784,803
17784,1437
14586,330
14586,803
14586,1437
9513,330
9513,803
9513,1437
2568,330
2568,803
2568,1437
14104,330
14104,803
14104,1437
17732,330
17732,803
17732,1437
3496,330
3496,803
3496,1437
6495,330
6495,803
6495,1437
19159,330
19159,803
19159,1437
17695,330
17695,803
17695,1437
8959,330
8959,803
8959,1437
19042,330
19042,803
19042,1437
15352,330
15352,803
15352,1437
7032,330
7032,803
7032,1437
8610,171
8610,81
8610,828
17062,57
6788,57
16909,57
3697,57
2702,57
9690,57
10949,57
5626,57
16285,57
1484,57
10675,645
19877,645
14043,645
15496,645
11739,645
11447,645
16579,645
17242,645
326,645
2124,645
18819,645
19043,645
1322,645
1954,645
6599,645
16107,645
17310,105
8171,105
5748,105
11831,105
16021,105
16920,105
17,105
13726,105
4948,105
18977,105
8874,105
19201,105
10051,105
2920,105
6602,948
6602,665
6602,1600
1113,491
3,491
19367,491
6995,491
4455,491
5958,491
8830,491
13597,491
8747,491
11791,491
6991,491
1857,683
10886,683
6260,683
4736,683
14555,683
3541,683
18744,683
18170,683
3812,683
1049,683
581,1247
2946,426
13444,426
9497,426
2355,426
1078,426
18613,426
7519,426
13401,426
4047,1255
15857,1255
15690,1255
4587,1255
16866,1255
5323,1255
4151,1255
7530,1255
3408,1255
6217,1255
6018,1255
10979,1255
18680,1255
9695,269
16630,269
16189,269
6720,269
1914,269
1730,269
4175,269
16103,269
2321,269
9042,269
13672,269
9997,269
8838,269
7205,269
14584,269
13102,390
13102,1008
13102,1056
17523,390
17523,1601
17957,390
17957,1008
5910,390
5910,1056
7460,390
7460,1008
7460,1056
7460,1601
15278,1137
9861,1137
15103,1137
19887,1137
8933,1137
1043,1137
17506,1137
3586,1137
14924,1412
5641,1412
8950,1412
2374,1412
17977,1412
6387,1412
4851,1412
6166,1412
7237,1412
1848,1412
8803,1412
14407,1412
1997,1412
17272,1412
112,1351
2979,975
6992,975
17020,692
6199,692
7603,692
3508,692
1602,692
10291,692
120,692
2041,692
7495,692
4735,816
4735,1100
5813,816
5813,1100
18979,816
18979,1100
19931,816
19931,1100
4938,816
4938,1100
6869,816
6869,1100
12115,816
12115,1100
18104,816
18104,1100
4993,816
4993,1100
11778,816
11778,1100
8243,816
8243,1100
14845,816
14845,1100
792,816
792,1100
3745,816
3745,1100
6236,816
6236,1100
8698,816
8698,1100
16896,816
16896,1100
8719,816
8719,1100
19805,816
19805,1100
18447,816
18447,1100
9045,1120
12500,1120
5519,1120
18194,368
10380,368
16512,711
16512,368
5862,368
3708,368
12942,368
8989,711
8989,368
18757,711
18757,368
5635,711
5635,368
13441,368
234,1422
234,901
234,524
10106,1422
10106,901
10106,524
11300,1422
11300,901
11300,524
133,1422
133,901
133,524
15976,1422
15976,901
15976,524
12297,1422
12297,901
12297,524
4173,1422
4173,901
4173,524
114,1422
114,901
114,524
7535,1422
7535,901
7535,524
1131,1422
1131,901
1131,524
13894,1422
13894,901
13894,524
16897,1422
16897,901
16897,524
13549,1422
13549,901
13549,524
12382,1422
12382,901
12382,524
13464,1422
13464,901
13464,524
8697,1422
8697,901
8697,524
5436,1682
12112,1682
9568,1682
7487,1682
3065,1682
5604,1682
8749,1682
5460,1682
15273,1682
1394,1682
19823,1682
17026,1682
1708,1682
11910,1682
16772,749
11488,749
18305,749
18632,749
2494,749
15430,749
11700,749
7447,749
10529,749
6014,749
8822,749
10588,133
18488,133
6259,133
14404,133
15712,133
2183,133
1254,133
13473,133
12432,133
18329,133
5785,133
3467,471
16451,471
13563,471
13184,471
7944,471
11886,471
3246,471
4068,471
18398,471
16591,471
7686,1177
2397,1177
19187,1177
1598,1177
8136,1177
9783,964
7577,964
6563,964
2075,964
9844,964
19857,964
7311,964
18810,964
15020,964
1408,964
10939,964
1168,964
8734,964
19870,964
435,964
5065,964
17942,964
8060,800
12240,109
18069,109
222,109
427,1753
13809,1753
11363,1753
19202,1753
15443,1753
5343,1753
12475,1753
264,1753
4699,1753
464,1753
19837,1190
19506,14
19506,947
19874,14
19874,947
3434,1520
1823,1040
17225,1040
5536,1040
7020,1040
11165,1040
14885,1040
10800,1040
6497,1040
17240,1040
16965,1040
5510,1419
10462,1419
12675,1419
5991,1419
10187,1419
11723,1419
15957,1419
19878,1419
820,1419
2031,1419
17673,1419
5222,1278
13954,1278
3695,1278
18586,1278
18663,1278
255,1278
9877,1278
10727,1278
2973,1278
11835,1278
16150,1278
14003,1709
10068,1709
10470,1709
4302,1709
14207,1709
9254,1709
3567,1709
962,1709
3165,1709
12864,1709
10286,1709
6804,1709
13624,1709
3037,1709
4605,1644
1837,1445
1837,1644
9190,1644
13530,1644
19375,1644
11613,1644
6327,1644
5568,1644
6123,1644
5154,875
5767,942
15696,51
2575,51
4137,51
19226,51
18387,51
17877,51
3432,51
17285,51
17642,51
17243,51
19136,51
13305,51
6487,51
13535,51
1839,236
15535,236
7231,236
5225,155
19453,155
3456,155
3197,155
11551,155
12708,155
19322,155
5796,155
4936,155
14342,155
16461,155
3661,155
6350,155
784,155
12644,155
318,155
14832,155
11481,155
12451,155
12322,155
11045,1098
237,1098
16413,1098
2176,1098
510,1098
7581,1098
9068,1098
14990,1098
7553,1098
19173,1098
1373,1098
7354,1098
4935,1098
8107,1654
7954,1654
2199,221
13697,1530
11736,1530
17019,533
18408,670
963,670
17264,670
13368,670
11938,670
18703,670
3960,670
3488,670
10164,670
2446,670
15725,670
2219,1621
6045,1621
12011,1621
19835,1621
19149,1621
13701,1621
9242,1621
6228,1621
5616,1621
9541,1621
1034,783
11107,783
15125,783
14650,783
15134,783
17047,783
16856,783
14876,783
10313,783
16325,783
17464,783
15239,783
16229,783
6537,783
11821,783
13206,783
18287,783
15221,783
13495,783
1892,783
12974,783
7300,783
14388,783
5703,783
14564,783
8319,783
20242,783
6394,783
12301,783
11981,783
8659,1471
14698,1471
16798,1471
15579,1471
18202,1471
6400,1471
3401,1471
15933,1471
14494,1471
12257,1091
421,1091
2547,1091
1946,1091
5405,1091
16974,1091
10287,1091
8906,1091
4024,1091
11341,265
3940,265
17124,265
14867,265
19115,265
1567,265
11890,265
5309,265
4240,265
603,265
19012,265
3049,265
17824,265
16143,265
18244,265
15600,123
5629,123
9933,123
13720,123
14305,123
17611,123
8683,123
16163,123
2543,123
16605,123
7710,123
5926,123
10451,633
10451,1003
15243,862
9519,862
3264,862
11662,862
814,862
8082,862
470,862
1157,862
19356,862
14202,862
6148,862
12623,862
15898,1512
15898,1771
11106,1512
11106,1771
7602,1512
7602,1771
9006,1512
9006,1771
13661,1512
13661,1771
14668,1512
14668,1771
4470,1512
4470,1771
13665,1512
13665,1771
1615,56
90,56
5978,56
18079,56
7174,56
6270,56
15774,56
7943,56
387,56
15742,56
10870,56
190,56
11009,56
14241,56
2831,882
2831,1181
2582,882
2582,1181
14212,882
14212,1181
9895,882
9895,1181
13228,882
13228,1181
1011,882
1011,1181
3201,882
3201,1181
19327,882
19327,1181
19782,882
19782,1181
9393,882
9393,1181
5870,1736
12379,1736
5680,1736
5936,1736
6512,1736
4870,1736
8893,1736
17138,1736
11615,1736
1224,1736
18189,1736
4391,1736
391,1736
8706,1010
8886,1096
8,1096
3892,1096
14557,1096
1872,1096
1593,1096
502,1096
1616,1096
14551,1096
9206,1096
16316,1096
14164,1096
7035,1096
7970,1096
16260,280
11966,280
16383,280
12901,280
16663,280
7746,280
15841,280
17274,280
1667,280
7524,280
14340,1108
3051,1647
4431,1647
11228,1647
15800,1647
3614,1647
10466,1647
10220,1647
4656,1647
13825,1647
4624,1647
11749,1647
947,1647
12740,1647
10720,1647
7117,1647
4053,1647
15995,741
14148,741
9160,741
327,741
16969,741
18112,741
18270,741
7814,741
7794,741
19272,1597
1554,1597
857,1597
7930,1597
9558,1597
17683,1597
10756,1597
5992,373
1442,373
11434,373
11590,373
5245,373
11807,373
4013,373
18184,373
9064,373
12411,373
6802,373
5089,373
11209,373
19881,373
1084,1479
4798,1479
6749,1479
6024,1479
8773,1479
13395,1479
13128,1479
18183,1479
5554,180
5554,1132
11306,180
11306,1132
19845,180
19845,1132
12801,180
12801,1132
19207,180
19207,1132
16742,180
16742,1132
8711,180
8711,1132
17521,180
17521,1132
15140,180
15140,1132
13847,180
13847,1132
5677,180
5677,1132
6631,180
6631,1132
2150,180
2150,1132
4096,1284
6265,1284
4207,1284
11429,1284
1759,1284
1788,1284
9876,1284
2401,1284
7632,1284
18018,1284
8894,1284
15277,1284
14463,1284
16166,1284
14059,1284
131,1284
16402,1284
7165,1284
3243,1205
18014,1205
17928,1205
10618,1205
4776,1205
13898,1205
13879,1205
15080,1205
5037,1205
13374,1205
3241,1211
19543,457
19543,1392
4155,457
4155,1392
10229,593
2843,593
2076,593
14103,593
7697,593
37,593
12057,1481
16446,1481
12374,1481
12437,1481
7829,1481
6576,1481
282,1481
16381,1481
2482,1481
5609,1481
2949,1481
6391,1481
17344,1481
14323,1481
11204,1481
17005,1481
9536,1007
14779,1007
18397,1007
18731,1007
17088,1007
9757,1007
9213,1007
5808,1007
18274,1007
14472,1007
15612,1007
12223,1007
13407,1007
4844,1007
8429,1007
17990,1007
5458,1007
7700,1007
14367,1007
8682,1007
19875,1007
11415,1007
9301,132
10924,1575
19754,1575
10754,1575
11390,1575
16613,854
18515,854
16597,854
8612,115
5773,115
17060,115
10920,115
17854,115
11484,115
10037,115
17830,115
706,115
3566,115
17904,115
12531,115
6241,115
8966,115
19819,357
1004,357
6547,357
12837,357
16517,357
18841,357
1422,965
2799,965
16670,965
7862,965
6707,965
12660,965
13021,965
5329,965
17136,965
9835,965
12474,1467
8572,1467
11567,1467
5822,1467
4382,1467
13789,1467
8360,1467
4959,1467
14639,1467
18048,1467
18458,1467
3979,1467
13551,591
17787,591
4104,591
836,591
5633,591
6508,591
14819,591
13245,591
15708,591
5803,591
7841,591
18328,591
19526,1514
15276,1411
5016,1411
13770,1411
7474,1411
17959,1411
8592,1411
10655,1411
11715,1411
16861,1411
14037,1411
5330,1411
19639,450
3475,450
15649,450
19368,450
15627,450
8275,450
15528,450
15628,450
18715,450
5921,450
13393,450
13901,1655
15200,1497
9901,1497
11808,1497
11160,1497
5674,1497
461,1497
1860,1497
10911,1497
7244,1497
17422,1497
2326,953
14594,953
5001,953
13941,953
1258,953
15113,953
2445,953
2138,953
6746,953
5623,953
10742,953
5904,953
16213,953
6474,953
5756,863
5756,1288
5756,907
320,863
320,1288
320,907
9659,863
9659,1288
9659,907
18224,863
18224,1288
18224,907
3897,863
3897,1288
3897,907
1733,863
1733,1288
1733,907
16628,863
16628,1288
16628,907
15805,863
15805,1288
15805,907
18061,863
18061,1288
18061,907
9062,863
9062,1288
9062,907
10671,863
10671,907
10671,1288
7373,863
7373,907
7373,1288
13352,863
13352,907
13352,1288
5830,863
5830,907
5830,1288
11972,863
11972,1288
11972,907
12236,863
12236,1288
12236,907
5248,863
5248,907
5248,1288
3009,863
3009,907
3009,1288
11731,863
11731,303
11731,1439
11731,452
6906,863
6906,303
6906,1439
6906,452
7901,863
7901,303
7901,1439
7901,452
19059,863
19059,303
19059,452
985,863
985,303
985,452
2269,863
2269,303
2269,1439
2269,452
5350,282
5350,1431
5350,1183
15678,282
15678,1431
15678,1183
796,282
796,1431
796,1183
3479,282
3479,1431
3479,1183
3429,282
3429,1431
3429,1183
4515,282
4515,1431
4515,1183
12576,282
12576,1431
12576,1183
11518,282
11518,1431
11518,1183
14573,446
18312,446
2444,446
910,446
6422,446
8296,446
11426,446
1699,446
18367,306
18367,1478
18958,1061
18615,1061
11940,1061
14852,1061
3308,1061
5586,1061
14874,1061
10406,1061
15982,927
12872,181
16677,721
17652,721
19937,721
1886,721
5789,721
9978,721
6979,721
7403,721
5449,721
17589,721
3878,721
4343,721
3410,19
1646,1286
6519,1310
12294,1310
4027,1310
4720,1310
5806,1310
1302,1310
9962,1310
18834,1310
7339,1310
16751,1310
6620,1310
75,1310
16951,55
12978,1047
6143,1337
6143,1528
8453,1337
8453,1528
17796,1337
17796,1528
14435,359
18883,359
11436,359
1822,896
6218,1636
18669,1636
15228,1636
15544,1636
11368,1636
4268,1636
18116,1636
11170,1636
16173,1636
12075,1636
10399,1636
2140,1636
7724,1636
6442,1636
10762,1636
9429,1636
19111,1636
16045,1636
15494,1636
15257,1636
2766,1636
142,1636
1531,1636
11398,1636
10607,297
16170,297
4124,297
14878,297
1520,297
19648,297
10537,297
19916,297
7036,297
559,297
683,297
18846,297
11584,297
3561,858
10557,858
460,858
3809,858
1796,858
10885,858
2688,858
17291,858
11356,858
12964,858
8835,858
3026,858
2606,962
17775,962
2784,962
8389,962
19895,962
16473,962
14864,962
19421,962
9250,962
16317,962
13062,962
4885,962
5101,962
8226,962
4703,757
9372,757
8895,757
15334,757
15283,757
2347,757
14714,757
3715,757
2961,757
14332,757
13707,757
9194,757
12365,547
5085,547
13871,547
10151,547
11854,547
785,547
19182,547
16324,547
1784,547
1694,547
14893,547
549,547
9948,547
8238,547
10725,1434
11017,1443
3696,1443
13012,1443
1311,1443
2561,1443
17476,1443
13418,1443
4900,1443
11606,1443
16949,1443
17244,1443
5283,1443
7691,1443
8288,1443
11898,1443
19112,522
891,522
19052,522
15212,522
18597,522
32,522
1963,522
4857,815
275,815
11062,815
699,815
13621,815
12648,815
882,815
5221,815
13503,815
1511,815
9851,1733
11365,159
7007,1371
18428,1371
18802,1371
9570,1371
9220,1371
16710,1371
7744,1371
12554,1371
419,1371
3430,1371
7646,218
12833,490
1999,490
6107,490
1036,490
9204,490
380,490
4363,490
10736,490
8935,490
15104,490
10207,1748
15815,924
15166,924
15675,924
11297,924
10360,924
17943,924
19212,924
16300,924
13993,497
19825,497
692,497
16198,497
13271,1323
17583,1424
18177,215
7392,215
11777,215
6072,215
8538,215
13629,215
13791,215
5913,215
13716,215
4643,215
3113,215
6183,215
9842,215
17567,458
8034,458
9424,458
5409,458
13798,458
2934,458
945,458
9323,458
10057,458
13391,458
3710,1103
777,12
777,1448
5260,12
5260,1448
10480,12
10480,1448
17009,12
17009,1448
1613,12
1613,1448
5482,12
5482,1448
17918,12
17918,1448
16241,12
16241,1448
3066,12
3066,1448
2802,12
2802,1448
12198,1751
13203,1751
5043,1751
11435,1751
2042,1751
2373,1751
19335,1751
19096,1751
6942,1751
15601,1751
13546,1751
3625,1751
17850,1751
11733,1751
15048,1545
15048,1677
6175,572
14739,572
15055,572
4260,572
17728,572
2159,572
16669,572
2158,572
18693,572
12873,572
13122,1370
3764,658
19633,658
11385,658
3563,658
1917,658
4230,658
14235,658
2951,658
1326,658
11816,658
10881,658
5098,658
478,1028
13823,1028
8282,1028
7917,1028
5138,1028
18085,1028
7956,1028
13819,1028
1000,1028
18604,1028
19220,1028
15465,1028
6948,553
4565,759
15784,759
15025,759
19868,259
19868,759
8707,759
12209,1708
12209,759
12008,759
17555,759
7025,759
19178,1722
19178,1495
13427,1722
13427,1495
10007,1722
10007,1495
134,1722
134,1495
12814,1708
12814,958
12814,1692
17144,418
17496,1477
10204,1477
873,1477
6491,1477
15583,1477
5447,1477
3821,1477
1105,1477
1305,1477
16386,1477
9396,1477
3283,562
12516,562
13110,562
7308,562
5476,562
10443,562
15468,562
12408,1582
12408,1344
17382,1582
17382,1344
14897,1582
14897,1344
8865,1582
8865,1344
20014,476
5057,476
18219,476
687,476
17545,1155
17545,201
17545,822
11406,1155
11406,201
11406,822
2922,1155
2922,201
2922,822
8853,1155
8853,201
8853,822
8202,1155
8202,201
8202,822
664,1155
664,201
664,822
16882,1155
16882,201
16882,822
7761,1155
7761,201
7761,822
13876,1155
13876,201
13876,822
4841,1155
4841,201
4841,822
3962,1155
3962,201
3962,822
4303,1155
4303,201
4303,822
5083,1155
5083,201
5083,822
6692,1155
6692,201
6692,822
7343,1155
7343,201
7343,822
17187,1155
17187,201
17187,822
5935,1155
5935,201
5935,822
17893,1155
17893,201
17893,822
6339,1155
6339,201
6339,822
13842,1155
13842,201
13842,822
2467,1155
2467,201
2467,822
18726,1155
18726,201
18726,822
12853,1155
12853,201
12853,822
3783,1356
17014,1491
4869,1256
3010,1256
5430,1256
1220,502
17473,660
18167,502
12121,660
20187,502
13447,417
4682,417
13099,417
12137,417
3917,417
15964,417
16977,417
10254,417
9244,417
19742,417
18481,417
3709,1484
16558,1484
11876,1484
18930,1484
4537,1484
14607,1484
18103,1484
3741,1484
10205,1484
8639,713
10137,713
6866,713
10018,713
6625,713
3813,713
7122,713
2078,713
8645,713
13792,713
12496,1062
12496,761
2020,1062
2020,761
1385,1062
1385,761
8285,1062
8285,761
6025,1062
6025,761
12680,1062
12680,761
15647,1062
15647,761
9871,1062
9871,761
4555,1062
4555,761
1935,1062
1935,761
11041,1062
11041,761
3545,1062
3545,761
8129,1062
8129,761
2666,1062
2666,761
7803,1062
7803,761
15672,1062
15672,761
19269,1062
19269,761
4026,1062
4026,761
610,1062
610,761
10343,1062
10343,761
3970,1062
3970,761
9688,1062
9688,761
11614,1062
11614,761
10346,1062
10346,761
7748,1062
7748,761
283,1062
283,761
6069,1062
6069,761
6224,1062
6224,761
9524,1062
9524,761
10463,1062
10463,761
17069,1062
17069,761
5927,1062
5927,761
8810,1062
8810,761
3370,1062
3370,761
16333,1062
16333,761
6431,1062
6431,761
18985,1062
18985,761
4865,1062
4865,761
7908,1062
7908,761
9037,1062
9037,761
11517,1062
11517,761
15014,1062
15014,761
8055,1062
8055,761
14214,1062
14214,761
6717,1062
6717,761
3944,1062
3944,761
9896,1062
9896,761
11337,1062
11337,761
17182,1062
17182,761
9329,1062
9329,761
14916,1062
14916,761
3444,1062
3444,761
19027,1062
19027,761
1331,1062
1331,761
10737,1062
10737,761
20281,1062
20281,761
2544,1062
2544,761
15640,1062
15640,761
13693,1062
13693,761
9555,1062
9555,761
17778,1062
17778,761
11949,1062
11949,761
16854,1062
16854,761
14963,1758
8585,1758
14638,1758
6085,1758
12110,1758
16178,1758
4452,1758
8495,1758
7342,1758
6440,1758
847,1346
8524,1346
11342,1346
8020,1346
18938,1346
19499,1346
13342,1346
17491,1346
18496,1346
17133,1346
9713,1346
126,819
9811,1224
3130,1224
650,1224
19389,1075
6635,1075
1485,1075
7371,1075
6214,1075
16842,1075
19273,1075
9640,1075
13944,1075
9966,1075
14605,1075
11282,1075
4043,1075
8051,1075
8770,1075
15798,1075
10609,1075
17722,1075
18372,1075
5678,1075
13578,1075
6887,342
16508,126
7872,1092
11443,187
2067,187
19216,187
998,187
17887,187
9572,187
19792,187
4110,187
14560,187
3043,187
10199,187
16377,187
17747,187
4488,187
16615,187
16225,187
18553,795
14841,795
16911,795
10459,795
10300,795
5731,795
5041,795
7886,795
17412,795
12615,795
3791,1666
10250,1666
8062,1666
7994,1666
2715,1666
10900,1666
13885,1666
7162,1666
11286,1666
16442,1666
1009,1666
1769,1666
3891,1666
6341,1666
1443,1666
5525,1666
15991,976
136,976
12983,976
2286,976
7004,976
1701,976
13449,976
8248,976
1193,976
7755,976
7114,976
3439,976
12367,1331
13714,1331
5771,1331
7751,1331
3088,1331
7861,1331
14299,1331
4090,1331
10131,719
5459,719
8199,719
6062,719
10917,719
4487,719
18494,719
18301,719
14929,719
3184,1266
18478,1266
9848,1266
14465,1266
7367,1266
4021,1266
8632,1266
10296,1266
5824,1266
17115,1266
4138,1266
4659,642
5312,642
11956,642
16096,642
15395,642
15054,642
5848,642
5252,642
15797,642
14545,642
11088,642
7259,620
10600,620
582,620
7408,620
9788,620
5140,620
1171,620
17988,620
19128,620
3156,620
16514,620
19930,620
27,620
9502,620
18793,620
9702,620
17091,620
9057,620
16824,620
1128,620
15349,620
18548,620
13598,620
1433,620
13565,620
5400,620
13786,620
3198,620
17316,620
9362,620
7028,620
1546,620
9030,620
18640,620
7953,620
15648,620
5739,620
5612,620
17196,620
4443,620
16232,620
1713,620
16623,620
3884,620
12233,620
16313,620
11655,620
9509,620
7,620
3369,1200
15318,1683
3017,1683
7070,1683
2261,1683
18748,1683
4745,1683
15124,1683
17630,1683
11896,1683
8776,1683
3126,1683
14631,1683
8519,363
8519,394
15224,363
15224,394
7326,363
7326,394
9117,363
9117,394
4911,363
4911,394
7630,363
7630,394
19435,363
19435,394
3535,363
3535,394
7146,363
7146,394
7310,363
7310,394
14479,363
14479,394
16312,363
16312,394
18733,363
18733,394
4675,363
4675,394
10976,363
10976,394
13794,363
13794,394
11533,363
11533,394
5634,363
5634,394
12812,363
12812,394
11226,363
11226,394
15688,248
15688,1391
12987,1029
4888,1029
10455,1029
1555,1029
10358,1029
5836,1029
14062,1029
31,1029
11668,1029
12529,1029
7227,1029
13296,1029
19655,1029
18467,1029
6028,1029
8930,1029
14559,1029
12418,1029
2928,1029
19667,1029
13106,1478
6594,1478
5109,1478
59,1478
17952,1478
15062,1478
8228,1478
16799,1478
7778,1478
19833,94
1400,94
12495,94
10945,94
6507,94
17216,94
19691,94
18215,94
534,94
6704,94
673,1368
7126,1368
15237,1368
13419,1368
13634,1368
7081,1368
14853,1368
3167,1368
7668,1368
9707,1368
11915,1368
1589,1368
1518,1368
3816,1368
7595,45
17388,538
3602,1179
3602,1653
13501,1179
13501,1653
1399,1179
1399,1653
4769,1179
4769,1653
6198,1179
6198,1653
12189,1179
12189,1653
4177,1179
4177,1653
4599,1179
4599,1653
9357,1179
9357,1653
17132,1179
17132,1653
342,1179
342,1653
18750,1179
18750,1653
10370,1525
6566,1525
10492,1021
16859,1376
10115,1376
15608,1376
8582,1376
19855,1376
16999,1376
12751,1376
7695,1376
2071,1376
17348,1376
4030,1376
5014,1376
16255,1531
6957,1112
17068,1112
7509,1112
1876,1112
740,1112
6146,1112
16759,834
16759,817
11389,9
4972,9
13920,1526
14329,1526
7335,1526
5363,1526
4316,1526
5184,1526
12072,1526
3595,1526
10307,1526
2094,1526
3829,1526
1569,361
10477,361
17129,361
17425,361
16746,361
5131,361
6718,361
15063,361
17892,361
11546,361
13222,1715
13057,1715
11985,1715
7365,1715
17901,1715
3154,1002
10340,304
8924,548
1432,548
12347,548
16747,1445
16747,801
16747,1240
16747,1321
3021,1445
3021,801
3021,1240
3021,1321
11810,1445
11810,801
11810,1240
11810,1321
17055,1445
17055,801
17055,1240
17055,1321
1387,1445
1387,801
1387,1240
1387,1321
15082,1445
15082,801
15082,1240
15082,1321
4556,1445
4556,801
4556,1240
4556,1321
5858,1445
5858,801
5858,1240
5858,1321
2338,1445
2338,801
2338,1240
2338,1321
11976,1445
11976,801
11976,1240
11976,1321
15155,260
7825,260
17493,260
9355,260
18083,260
14307,260
9,260
5710,260
5371,260
14759,260
2745,260
8253,260
7118,260
2332,260
6319,147
11219,147
12260,147
19524,147
11929,147
9584,1415
8777,582
8777,60
11852,254
12867,1647
7610,1647
7240,638
12710,638
12373,638
14194,638
15233,638
10120,638
10497,1406
10497,638
13266,1406
13266,638
6389,1406
6389,638
3094,1406
3094,638
6492,638
14277,638
2983,638
1950,638
12476,638
11095,638
9119,638
15992,638
16315,638
1267,638
15420,638
11409,638
4746,638
18389,638
4112,638
8239,638
7097,638
14015,638
11493,638
7729,638
2148,638
15460,638
6903,1307
17279,1307
6710,1307
8359,1307
18626,1307
13126,1307
17870,1307
19324,1307
16637,1307
13162,1307
12265,1307
8301,1307
7702,1307
19437,1307
16753,391
3442,391
14807,391
1039,391
2884,391
9837,391
2417,391
15636,391
5112,391
1870,1290
17949,1523
7104,1523
439,1523
9275,1523
11474,1523
11541,1523
17515,1222
1723,1222
5965,1222
4184,1222
12278,1222
16535,1222
5475,1222
938,1222
6955,1222
1717,1222
2886,1222
19926,1222
16112,1222
17307,1222
15597,1518
5337,1518
5228,1518
3845,1518
15759,1518
13513,1518
17033,1336
5666,934
3445,934
16642,934
7060,934
15602,934
11744,934
12614,934
8355,934
13263,934
5143,934
9022,934
6410,934
7179,934
16261,934
775,934
7321,934
6522,934
16996,934
13034,934
14947,694
19372,694
14089,694
3169,694
358,694
10947,694
9906,694
8686,694
19498,694
11573,694
16468,694
6003,694
14412,694
17568,1513
17828,1513
4113,1513
8364,1513
19879,1513
19249,1513
5645,768
9200,768
5266,768
6700,768
5264,768
2364,768
18480,768
18430,768
16412,768
4241,768
7765,768
19391,768
6450,841
10248,841
5690,841
3822,841
15915,841
6061,841
18939,841
16327,841
11770,841
2504,841
11692,841
14426,841
1228,841
8306,841
9884,841
1449,841
15252,1187
15252,1042
7685,1187
7685,1042
18176,1187
18176,1042
19605,1187
19605,1042
9951,1187
9951,29
16018,1187
16018,29
7835,1187
7835,29
13524,1187
13524,29
17093,1187
17093,29
5213,1187
5213,29
6196,1187
6196,1042
4256,1187
4256,1042
19236,1187
19236,1042
834,1187
834,1042
745,1187
745,1042
632,1187
632,1042
3159,1187
3159,1042
17090,1187
17090,1042
15414,1187
15414,1042
5560,1187
5560,1042
6311,1187
6311,1042
6314,11
8534,151
17501,1428
1146,11
20303,1428
10513,11
14718,151
11815,11
8009,11
4018,1428
11185,11
12460,1428
8431,11
1240,1428
3543,151
1682,11
2526,151
8855,1428
3656,151
7156,1428
1797,11
6939,1428
2762,11
3879,151
13013,1730
7421,928
7421,424
7421,496
19981,928
19981,424
19981,496
2001,928
2001,424
2001,496
14927,928
14927,424
14927,496
16,928
16,424
16,496
7680,928
7680,424
7680,496
3622,928
3622,424
3622,496
11291,928
11291,424
11291,496
11964,928
11964,424
11964,496
12871,961
4782,961
17379,961
10339,961
18827,961
17245,961
14797,961
14159,961
14129,961
13788,961
14580,347
4868,347
2238,347
4683,347
19591,347
3590,347
754,347
11806,347
4641,347
18929,347
7169,347
15481,347
10483,347
1528,347
7295,347
11461,347
9354,347
10638,347
18033,347
6641,347
188,347
14531,347
14382,347
13058,347
824,347
18205,347
15866,347
2491,347
17889,347
11936,347
11765,347
10434,347
11871,347
7171,347
1687,347
4001,347
16569,347
2916,347
16700,347
17738,347
12163,347
1455,347
2819,347
10713,347
18234,347
10647,347
16063,347
6572,347
19358,347
15039,347
3722,347
5627,347
1402,347
16310,347
12892,347
15862,347
10206,347
6764,347
10664,347
12994,347
1756,347
16307,347
18567,347
18647,347
10695,347
474,347
7026,347
13922,347
14702,347
19632,347
16931,347
3489,347
4445,347
11254,347
11636,347
1986,347
630,347
14859,347
10412,347
7027,347
4502,347
6556,347
17686,347
2376,347
15144,347
19146,347
7112,347
6676,347
1328,347
9089,347
12897,347
18605,347
13677,347
13360,347
74,347
14134,347
11962,347
8342,347
11210,347
10581,347
14622,347
16095,347
16249,347
8477,347
7038,347
13915,347
5535,347
12955,347
4633,347
11262,347
12001,347
455,347
16217,347
4527,347
7771,347
8077,347
1405,347
8031,347
6829,347
11101,347
19697,347
11980,347
15478,347
18620,347
18598,347
10535,454
16849,276
2718,276
462,276
10225,276
13639,276
7533,276
10472,276
17906,276
7739,276
16450,276
18128,276
5303,329
2813,329
2777,329
19157,329
18070,329
2489,329
14763,329
12826,329
15961,329
17263,329
6779,329
17528,329
6630,329
6202,329
6239,395
2931,395
12720,395
8134,395
17143,395
15457,395
8086,395
12302,395
11689,395
346,257
4767,257
4467,257
15950,257
4609,257
11560,257
6999,257
7890,257
6835,1540
13666,401
1214,401
8262,401
3646,401
11851,401
3476,401
15854,401
14776,401
13765,401
8993,401
7348,401
14552,401
3769,902
16133,611
18591,611
203,611
18618,611
17969,611
2812,611
17355,611
16922,611
17072,611
17951,252
18931,252
19193,252
17999,252
16251,252
18825,252
16250,252
13822,252
11539,252
5162,252
11156,252
16477,252
13967,252
5059,252
7501,1702
7501,1400
18090,560
1317,560
17063,560
9870,560
6001,427
6001,560
9496,427
9496,560
13947,427
13947,560
8948,560
18459,560
1338,560
181,560
5562,560
4386,334
11836,334
4105,334
10980,334
14700,334
20290,334
11597,334
17222,334
15941,334
4506,334
11325,1454
7985,1151
9881,428
19913,396
19913,438
19913,1329
280,396
280,438
280,1329
15357,396
15357,438
15357,1329
17034,396
17034,438
17034,1329
8294,396
8294,438
8294,1329
3006,396
3006,438
3006,1329
19885,396
19885,438
19885,1329
16050,396
16050,438
6220,396
6220,438
5702,396
5702,438
14179,396
14179,438
9668,396
9668,438
18203,396
18203,438
4884,396
4884,438
14294,396
14294,438
9243,1732
7067,1732
16885,855
15731,855
18688,855
8244,855
12457,855
3301,855
15668,855
10915,855
8785,855
3162,855
2077,855
17948,855
4849,855
6285,855
13239,855
13023,855
6053,462
8083,462
15762,462
6094,462
3642,462
14737,462
15802,462
14336,462
4573,462
4520,462
15184,462
18271,34
11516,34
3090,34
5682,34
14592,34
13056,34
17606,34
15282,34
4380,34
14379,998
18619,998
2342,998
10597,998
12142,998
15732,998
8033,998
8235,998
7128,998
15510,998
3190,998
7797,998
10764,197
14190,197
16940,197
4669,197
4057,197
3730,197
18161,197
3815,197
7996,1440
4848,1510
17586,1510
13630,1510
14952,1510
6762,1510
16321,1510
3502,1510
8583,1510
13572,1510
17866,1510
12652,1510
11193,1510
17618,1510
1368,1607
9421,1607
16077,1607
16436,1607
8787,1607
18392,1607
17814,1607
13834,1607
11894,1607
7730,1607
19890,1607
11530,1607
18056,1607
10471,1607
619,1607
11564,1607
2879,1607
14900,1607
13463,1607
6591,1607
17383,1607
1381,1607
3328,1607
14401,1607
11359,1607
15333,1607
19893,1607
4460,1607
6978,1607
10865,1607
10767,1607
13858,1607
15234,1607
9958,1607
2407,1607
8637,1607
7611,1607
14026,1607
3367,1607
17612,1607
3781,1607
17441,1607
2409,1607
14293,1607
7652,1607
12227,1607
4774,1607
8754,1607
11427,350
15154,350
5067,350
5067,1367
936,525
4042,1062
4042,208
11535,350
11859,525
16853,350
6208,1062
13674,506
9990,525
9990,839
13843,350
3702,525
10575,1062
10575,208
6947,410
18776,350
18776,1578
1711,1062
1711,208
12798,350
13912,871
13912,840
19818,350
19818,348
9806,251
9466,350
7673,1062
9298,350
19940,1
13171,1062
13171,1
6142,1062
2436,287
15160,1
15160,1374
6338,350
6338,1
16502,350
16703,1062
16703,208
17517,350
10696,1367
15545,350
15545,1571
7361,350
14591,350
15364,1
8646,784
19956,525
5401,1062
5401,1524
5105,525
5105,1367
5157,350
5157,1640
17548,350
17548,1
13669,1367
14858,525
14858,840
8099,350
15552,525
15552,1367
18151,350
9639,350
16596,350
1918,1578
1918,1374
4051,350
4051,1578
16288,1288
16288,893
9897,525
9897,917
9897,1367
12218,350
17553,350
14218,350
4134,350
5033,350
5033,1
16869,350
9949,350
15881,1367
4730,1578
4730,1374
10484,525
10484,1367
5095,350
8841,1
17145,1288
17145,893
17205,251
10994,668
10994,1571
8488,1062
8488,1624
16921,410
7810,1517
7810,871
2576,350
11616,525
7096,350
7096,134
10525,871
4170,525
4170,1367
4170,917
20604,350
20604,348
12975,1731
11583,1731
9122,1731
18073,1731
12515,1731
17915,1731
11453,1731
18093,1731
15520,1731
14890,1731
402,1731
6544,1731
220,557
10791,762
9819,762
2574,762
6108,762
10377,762
5397,762
529,350
529,653
7356,350
7356,653
16748,653
6896,653
6305,653
2968,653
18918,653
17865,653
18872,811
18872,653
1583,653
5182,653
9406,653
829,427
829,653
4564,410
4564,653
2655,427
2655,653
2957,350
2957,653
17717,653
11103,653
13111,653
17838,936
15058,936
6385,936
17518,936
6388,936
9879,936
12122,936
14405,936
15582,936
6483,936
10712,1637
10712,1044
10712,561
14358,1637
14358,561
14358,1044
3200,1637
3200,1044
3200,561
19342,1637
19342,561
19342,1044
17128,1233
14562,1233
9234,1233
4702,1233
5207,1233
3509,1233
10209,1233
5781,1233
13903,1233
4101,1233
1495,1233
7596,1233
17475,1233
1715,1233
9061,1233
274,1233
1774,1233
10142,237
14252,237
13529,237
4804,237
7265,237
15477,237
6408,237
15917,237
18987,646
16445,646
17724,646
10733,646
2258,646
8791,646
16323,646
5062,646
13136,184
106,184
19019,925
2170,925
17631,925
14257,925
4982,925
11490,925
9060,925
8819,925
7101,925
13287,925
7671,925
3134,925
13373,925
17731,1087
3226,1087
9483,1087
14238,1087
13804,1087
5424,1087
5708,1087
18191,1087
8305,1087
13166,1087
8415,1087
12186,1087
5046,1169
4396,1402
9820,302
7141,302
15094,302
4015,302
12583,302
7411,302
10503,302
10118,302
4128,302
3326,302
14835,302
7056,464
7937,464
3129,464
15012,464
3965,464
158,464
11605,464
5700,464
18888,464
4108,464
6582,464
6005,464
4644,464
6543,464
19789,464
1414,464
9816,596
8812,596
19,596
11755,596
5315,596
5622,596
14258,596
8436,596
7850,596
4415,596
14439,596
5196,596
16236,596
8977,596
5814,596
15905,596
12070,596
11395,730
3317,730
4690,730
10697,730
8007,730
14975,730
16418,730
19134,730
13517,730
8968,730
14085,730
3920,730
18334,730
13218,730
13694,1207
6122,551
8362,541
8627,541
12567,541
14925,541
15865,541
11126,541
18491,541
9008,541
660,541
6844,541
16353,541
18419,541
1905,541
3782,541
13673,541
9012,541
10856,541
14477,541
17154,541
18612,541
19279,541
17557,541
6375,1645
16731,1645
15568,1645
14457,1645
16827,1645
14663,1645
15863,1645
4946,1645
4795,1645
591,1645
513,740
4341,939
18317,939
14752,939
11719,1158
19583,1158
16030,1158
14425,1634
9940,384
8474,384
16295,384
2619,384
19274,384
6380,384
19580,384
6210,384
10441,384
9638,384
13322,76
13322,1410
13807,76
13807,1410
4332,76
4332,1410
1017,76
1017,1410
14792,76
14792,1410
1874,76
1874,1410
14940,76
14940,1410
16694,76
16694,1410
12731,76
12731,1410
14822,956
14822,337
14822,400
10104,627
10104,1500
10104,324
17405,627
17405,1500
17405,324
4029,627
4029,1500
4029,324
4715,627
4715,1500
4715,324
9071,627
9071,1500
9071,324
5976,627
5976,1500
5976,1759
5976,324
4558,627
4558,1500
4558,324
4516,627
4516,1500
4516,1759
4516,324
6269,627
6269,1500
6269,324
8021,627
8021,1500
8021,1759
8021,324
18644,627
18644,1500
18644,324
1849,627
1849,1500
1849,1759
1849,324
5189,627
5189,1500
5189,1759
5189,324
12922,627
12922,1500
12922,324
15521,627
15521,1500
15521,324
9882,627
9882,1500
9882,1759
9882,324
14862,627
14862,1500
14862,324
10868,627
10868,1500
10868,1759
10868,324
11355,627
11355,1500
11355,1759
11355,324
3140,627
3140,1500
3140,324
2358,627
2358,1500
2358,324
5055,627
5055,1500
5055,324
10806,627
10806,1500
10806,324
16111,627
16111,1500
16111,324
17146,627
17146,1500
17146,324
16075,627
16075,1500
16075,324
15049,627
15049,1500
15049,324
8398,627
8398,1500
8398,324
19451,627
19451,1500
19451,324
16671,627
16671,1500
16671,324
14076,627
14076,1500
14076,324
14072,627
14072,1500
14072,1759
14072,324
15274,627
15274,1500
15274,324
4424,627
4424,1500
4424,1759
4424,324
5559,627
5559,1500
5559,1759
5559,324
8215,627
8215,1500
8215,1759
8215,324
13394,627
13394,1500
13394,324
1158,627
1158,1500
1158,324
2825,627
2825,1500
2825,1759
2825,324
10818,627
10818,1500
10818,324
6713,627
6713,1500
6713,1759
6713,324
19934,627
19934,1500
19934,1759
19934,324
15576,627
15576,1500
15576,1759
15576,324
9139,627
9139,1500
9139,1759
9139,324
8536,627
8536,1500
8536,324
15813,627
15813,1500
15813,324
18607,627
18607,1500
18607,324
10717,627
10717,1500
10717,324
299,627
299,1500
299,324
4942,627
4942,1500
4942,324
13609,627
13609,1500
13609,324
20505,627
20505,1500
20505,324
14810,627
14810,1500
14810,324
7338,627
7338,1500
7338,324
14301,627
14301,1500
14301,324
117,627
117,1500
117,324
15744,627
15744,1500
15744,324
16735,627
16735,1500
16735,324
9300,627
9300,1500
9300,324
13232,627
13232,1500
13232,324
12694,627
12694,1500
12694,1759
12694,324
19418,627
19418,1500
19418,1759
19418,324
11916,627
11916,1500
11916,324
17560,627
17560,1500
17560,324
7912,627
7912,1500
7912,324
10047,627
10047,1500
10047,324
990,627
990,1500
990,324
14712,627
14712,1500
14712,324
2502,627
2502,1500
2502,324
8358,627
8358,1500
8358,1759
8358,324
11911,627
11911,1500
11911,1759
11911,324
15378,627
15378,1500
15378,1759
15378,324
1894,627
1894,1500
1894,324
18003,627
18003,1500
18003,1759
18003,324
1732,627
1732,1500
1732,324
4374,627
4374,1500
4374,1759
4374,324
13065,627
13065,1500
13065,324
13237,627
13237,1500
13237,1759
13237,324
3115,627
3115,1500
3115,324
12444,627
12444,1500
12444,324
19781,627
19781,1500
19781,324
19552,627
19552,1500
19552,324
13299,627
13299,1500
13299,324
14572,627
14572,1500
14572,1759
14572,324
18740,627
18740,1500
18740,1759
18740,324
354,627
354,1500
354,1759
354,324
17460,627
17460,1500
17460,1759
17460,324
15733,627
15733,1500
15733,1759
15733,324
3579,627
3579,1500
3579,324
3670,627
3670,1500
3670,1759
3670,324
1323,627
1323,1500
1323,324
5498,627
5498,1500
5498,324
2469,627
2469,1500
2469,1759
2469,324
7175,627
7175,1500
7175,324
14394,311
4222,311
5784,311
8736,311
268,311
17176,311
1956,311
7489,311
14150,311
13838,311
7609,311
11686,311
16730,311
4530,311
14812,311
1908,311
19678,311
2032,98
14784,699
11458,699
11184,699
1395,699
17483,699
8085,699
3057,699
14658,699
15869,699
19936,699
1943,699
1100,699
2440,1498
13262,1498
17357,1498
5324,1498
2389,1498
6805,1498
4667,1498
14005,1498
16040,1498
8502,1498
13367,1498
17706,1675
3350,1675
4285,1675
10218,1675
19102,1675
15061,1675
11042,812
2876,812
98,812
8263,812
17707,812
7892,812
17328,812
5768,812
10723,812
511,380
431,380
14514,380
14064,380
4534,380
5580,380
19491,380
19316,380
9873,380
5342,313
5342,1259
9282,1259
9282,313
11333,313
11333,1259
1297,1259
1297,313
5610,313
5610,1259
8052,313
8052,1259
11243,313
11243,1259
9817,313
9817,1259
11485,313
11485,1259
3155,313
3155,1259
4543,313
4543,1259
8225,313
8225,1259
2008,900
16552,900
11874,900
10237,900
19912,900
12004,900
10367,900
18878,900
15136,900
179,900
28,900
11680,900
12127,1235
13992,1235
5414,1235
17981,1235
9241,1235
9476,1235
5540,1235
7072,1235
2132,1235
1307,1235
1379,1235
16036,1235
18012,1299
6506,1299
10642,1299
817,1299
9743,1299
537,1299
1055,1299
6750,1299
17466,1299
3806,1299
10568,1299
10595,1299
6690,1299
1982,1299
11271,1299
10310,1299
16210,1299
5581,1299
15028,1299
19905,1299
9826,1649
4496,809
2404,809
10895,809
16978,809
9839,809
691,809
5759,809
17126,809
11710,809
3871,809
6858,537
6858,135
17832,537
17832,135
3839,537
3839,135
2995,537
2995,135
13049,537
13049,135
6030,537
6030,135
15770,1562
19954,1397
7219,1397
1404,1397
4375,1397
12018,1397
17161,1397
11361,1397
15156,615
14098,615
2896,615
1288,615
18476,615
1944,615
1512,615
15415,615
14771,615
7273,615
15638,615
1662,615
16065,615
13818,615
19662,615
8194,615
4143,615
9452,615
15484,615
13480,615
10906,615
9934,272
3019,272
10984,272
146,272
13736,272
7585,272
11963,272
10735,272
3399,272
9208,272
9155,272
16805,272
19177,272
17786,272
473,789
473,1646
2123,1176
2123,1773
2123,1589
17207,427
17207,1176
17207,1773
17207,1589
11865,1176
11865,1773
11865,1589
11687,1176
11687,1773
11687,1589
7936,1176
7936,1773
7936,1589
9124,1176
9124,1773
9124,1589
14290,427
14290,1176
14290,1773
14290,1589
8070,1076
4916,1076
123,1076
4039,1076
8249,1076
12385,1076
19586,1076
2709,1076
3232,1076
12700,1076
16286,1076
732,1076
12159,1076
12569,1076
5149,1076
611,1076
3631,989
10231,989
14766,989
10985,989
4299,989
12150,827
15530,407
9986,290
645,290
9273,290
10624,290
19489,290
17540,290
13143,290
9018,290
11743,290
6462,290
11917,290
7030,290
15655,290
9153,290
6908,290
15178,527
1239,527
6496,527
15764,527
15765,527
5631,527
6701,527
3954,527
11552,527
17735,527
3473,527
5126,527
18817,527
9305,527
19086,527
17771,527
8738,527
4224,106
4224,1710
8869,106
8869,1710
2457,106
2457,1710
14039,106
14039,1710
11850,106
11850,1710
571,106
571,1710
12116,106
12116,1710
8526,106
8526,1710
12398,106
12398,1710
18843,106
18843,1710
7543,213
20460,213
18839,213
12179,213
10165,213
12152,213
8307,213
6067,213
1117,213
18716,213
5289,213
19365,92
11335,92
11085,92
390,92
17308,92
16778,92
12490,92
6129,149
15646,149
16433,149
7482,149
17099,149
10324,149
14049,848
14049,1360
14049,1399
19141,18
17759,18
1106,18
12293,18
7139,18
11158,18
14234,18
15605,18
12329,18
18981,18
16382,18
751,983
10751,983
15814,983
16428,983
1960,983
4370,983
9582,983
1292,983
3676,983
975,983
2927,983
3575,983
13709,1251
13962,1251
10666,1251
3395,1251
15229,1251
3371,1251
10890,1251
493,1251
8672,1251
11538,1251
5080,1718
3391,1718
18024,1718
14289,1718
18153,1718
14798,1718
14994,1718
13064,1718
13227,1718
19145,1718
12251,1718
12854,389
12038,308
12038,1281
10708,703
2932,703
2207,703
3447,703
14606,500
8460,1606
17420,1606
4878,1606
15358,1606
2106,1606
19546,1606
6091,1606
15308,675
16979,748
17720,748
7849,748
1962,748
13040,748
4862,748
33,748
10743,748
5883,748
17148,748
17972,748
1653,1301
3255,1301
8078,1301
7802,1301
12098,1301
11550,1301
19644,1301
5598,1301
3396,1301
2193,1301
8834,1301
15853,1301
7866,1301
7679,1301
3786,1301
9615,1301
19674,1301
18417,1301
14596,1301
14533,1301
19628,1301
11024,1301
7770,1301
746,1301
12603,1301
709,1301
15247,1301
11404,1301
8587,1301
11208,978
17416,978
11430,978
8949,978
7135,978
5232,978
12639,978
15998,978
1347,978
1120,978
19687,978
4322,978
10167,978
3272,978
14519,978
6604,978
13884,978
16486,978
4345,978
12967,978
9130,978
17297,978
3013,978
1019,978
11220,1401
15718,1401
16495,1401
1718,1401
15743,1401
3591,1401
9972,1401
9477,1401
18904,1401
10109,1401
11659,1401
17057,1401
12695,690
14354,690
15882,690
8280,690
13216,690
1619,690
4698,690
14597,690
19244,214
8261,214
3617,214
14253,214
6615,214
7224,214
12918,1427
9959,951
9959,1721
12838,832
10188,179
16802,179
9459,179
12961,179
1592,179
6100,179
6033,179
6289,179
18657,179
5908,179
7795,1387
6983,1387
779,1387
10224,1387
14361,1387
2790,1387
8176,1387
5366,689
4005,689
2215,689
14100,689
10518,689
6845,689
7435,689
4327,689
19417,689
3029,689
108,689
18077,689
659,689
574,1319
6039,764
11542,350
11542,251
11542,506
215,350
215,917
215,284
215,251
215,506
3313,350
3313,284
3313,917
3313,251
3313,506
17341,350
17341,284
17341,917
17341,251
17341,506
16893,350
16893,241
16893,251
16893,506
16465,350
16465,241
16465,251
16465,506
15856,350
15856,284
15856,241
15856,251
15856,506
17503,350
17503,241
17503,284
17503,251
17503,506
3008,350
3008,917
3008,251
3008,506
9808,350
9808,1524
9808,251
9808,506
6310,350
6310,1524
6310,917
6310,251
6310,506
15885,350
15885,917
15885,251
15885,506
4645,350
4645,917
4645,251
4645,506
14589,350
14589,284
14589,251
14589,506
819,350
819,284
819,917
819,1524
819,251
819,506
6761,350
6761,1524
6761,284
6761,917
6761,251
6761,506
10643,350
10643,284
10643,1524
10643,917
10643,251
10643,506
12058,350
12058,251
12058,506
15849,350
15849,251
15849,506
17081,350
17081,251
17081,506
3284,350
3284,1524
3284,251
3284,506
2411,350
2411,284
2411,251
2411,506
16134,350
16134,1524
16134,284
16134,251
16134,506
1488,350
1488,1524
1488,284
1488,251
1488,506
2345,350
2345,284
2345,1524
2345,251
2345,506
458,350
458,1524
458,284
458,251
458,506
9112,350
9112,241
9112,917
9112,1524
9112,284
9112,506
9112,251
40,350
40,284
40,917
40,241
40,1524
40,251
40,506
6242,350
6242,241
6242,284
6242,1524
6242,917
6242,251
6242,506
17564,205
15978,205
11139,205
18134,205
2119,205
6964,205
17074,205
10185,205
14230,205
9658,205
18042,205
9930,205
3474,71
12727,71
592,71
6451,71
11630,71
17095,71
12661,71
19382,71
12314,71
1499,71
5243,71
13037,71
6550,71
7465,71
12231,463
17089,463
20393,463
14733,463
5135,463
331,463
12298,463
12034,463
19139,463
4791,463
7317,463
9000,463
5689,463
18509,1407
6374,1407
11826,1407
2079,1407
6493,1407
3215,1407
6457,1407
12096,1407
17552,1407
18484,650
1649,1739
1256,732
11445,732
18664,732
19594,732
18862,732
7655,732
16483,732
19473,732
5496,1024
8972,1566
12014,1566
11784,1566
5919,1566
11213,1566
19860,1566
14715,1566
14322,717
11670,717
5258,717
17726,717
12023,717
18789,717
15492,717
12071,717
8875,717
3227,717
10486,717
4231,1450
6414,1450
13003,1450
3544,1450
1989,77
2592,77
15506,77
15659,77
930,77
497,77
4800,77
18385,77
19260,77
18357,77
12506,77
9741,77
12369,77
16001,1146
9773,1146
19802,1146
11537,932
9979,932
15107,932
19785,932
1966,932
13047,1547
13047,932
14006,1547
14006,932
9412,1547
9412,932
15613,1547
15613,932
15033,590
15033,109
13692,590
13692,109
3407,590
3407,109
15783,590
15783,109
19517,590
19517,109
2206,590
2206,109
3801,590
3801,109
2652,590
2652,109
16820,590
16820,109
10564,1408
11007,54
715,54
15078,54
14621,54
18391,54
18378,127
18378,552
7642,127
7642,552
236,127
236,552
12282,127
12282,552
11446,127
11446,552
17543,127
17543,552
13649,127
13649,552
4627,127
7011,127
1671,127
15614,127
11500,127
16774,127
10783,127
1668,127
7521,127
6857,127
6857,552
5694,127
5694,552
11093,127
11093,552
4775,950
4050,950
7933,950
10475,1708
10475,950
1343,950
1092,950
8861,950
17267,950
10770,950
4654,950
4098,950
12232,950
3122,950
3312,1179
3312,950
13591,627
13591,249
13591,960
13591,1084
8630,627
8630,249
8630,960
8630,1084
10301,627
10301,249
10301,960
10301,1084
725,627
725,249
725,960
725,1084
8597,627
8597,249
8597,960
8597,1084
3182,627
3182,249
3182,960
3182,1084
8571,627
8571,249
8571,960
8571,1084
2911,627
2911,249
2911,960
2911,1084
11423,627
11423,249
11423,960
11423,1084
1367,627
1367,249
1367,960
1367,1084
6472,627
6472,249
6472,960
6472,1084
9620,627
9620,249
9620,960
9620,1084
2683,627
2683,249
2683,960
2683,1084
4120,627
4120,249
4120,960
4120,1084
17433,627
17433,249
17433,960
17433,1084
5216,627
5216,249
5216,960
5216,1084
20265,627
20265,249
20265,960
20265,1084
8491,627
8491,249
8491,960
8491,1084
15391,627
15391,249
15391,960
15391,1084
1487,627
1487,249
1487,960
1487,1084
3548,627
3548,249
3548,960
3548,1084
8368,627
8368,249
8368,960
8368,1084
15851,627
15851,249
15851,960
15851,1084
16237,627
16237,249
16237,960
16237,1084
5563,627
5563,249
5563,960
5563,1084
4086,627
4086,249
4086,960
4086,1084
809,627
809,249
809,960
809,1084
15812,627
15812,249
15812,960
15812,1084
13965,627
13965,249
13965,960
13965,1084
8005,627
8005,249
8005,960
8005,1084
13895,627
13895,249
13895,960
13895,1084
12156,627
12156,249
12156,960
12156,1084
1879,627
1879,249
1879,960
1879,1084
19660,627
19660,249
19660,960
19660,1084
19302,627
19302,249
19302,960
19302,1084
4284,627
4284,249
4284,960
4284,1084
14844,736
16838,203
19682,203
15206,203
17645,203
15683,203
4351,203
3324,203
12606,203
14795,203
13089,203
2771,203
4833,203
4140,203
14599,203
484,203
9205,203
13039,203
13147,203
1301,1756
4584,1756
11192,1756
335,1756
13727,1756
18330,1756
4161,1756
2850,1756
5744,1756
661,1756
3838,1700
11124,1700
18535,1700
4169,1700
369,1700
15792,1700
1623,1700
19165,1700
4127,1700
9395,256
3923,256
11930,256
6518,256
16000,256
111,256
12140,256
8671,256
2179,256
8154,256
12772,256
10446,256
9745,256
18000,256
12434,256
18197,256
7756,256
10031,256
5422,256
1971,256
2942,256
8383,256
10545,256
8556,256
10517,256
19403,256
3647,256
12914,256
12775,256
18874,256
4041,256
7201,256
3746,256
13977,256
15622,1633
10880,1633
9335,1633
2156,1633
19859,1633
19288,1633
10243,117
2442,117
10456,117
4193,117
8486,1473
6968,1473
6968,552
17742,1473
17742,552
1316,1473
1316,552
14615,1473
14615,769
5069,1473
5069,468
17427,1473
17427,451
9813,1473
9813,775
10168,1473
10168,775
14432,1473
14432,552
12735,1473
19158,1473
9517,1473
5298,1473
5298,1049
9664,1473
9664,784
2408,785
14553,785
19243,785
12043,785
19730,785
19246,785
7376,785
6589,785
14187,785
524,785
2134,569
9434,569
16879,569
13364,569
14720,569
9953,569
8140,569
12386,465
15703,465
5428,465
11369,465
9043,465
8039,465
13780,465
9157,478
16698,103
2880,103
6586,103
10390,103
5556,103
5316,103
18107,103
19328,103
18670,103
11970,1228
2716,991
12486,991
7209,991
3682,991
6297,122
7574,122
14836,122
10081,122
2424,122
4103,122
11006,122
4634,122
10306,122
11025,1013
17882,1171
13577,1171
2192,1171
3052,1171
3905,1171
5174,598
8618,888
11238,888
10482,888
16550,888
10290,888
19898,765
4701,765
10699,765
15116,765
7358,765
4340,765
16936,765
1431,765
5360,765
11152,765
6681,765
1953,765
1924,765
16507,765
1141,765
4679,765
12630,765
18278,437
2999,437
10052,437
4793,437
4121,437
12019,437
9700,437
14074,437
1974,437
812,632
3206,1667
182,1667
17962,1667
530,1667
4910,1667
6184,1667
19376,1667
18589,1667
12711,1667
8721,1667
16161,1667
6624,1667
10709,1667
5576,1667
19127,69
9171,69
11258,69
12307,69
16947,69
18747,69
16584,69
1047,69
8449,69
11561,69
3738,69
7508,69
9670,69
6433,69
924,1406
924,1188
8190,1406
8190,1188
16272,1406
16272,1188
13428,1406
13428,1188
8482,1406
8482,1188
16052,1406
16052,1188
8365,1406
8365,1188
2110,1406
2110,1188
6846,1406
6846,1188
5658,1406
5658,1188
2622,1088
13545,1416
13545,833
410,1416
410,833
14550,1416
14550,833
11190,1416
11190,833
4768,1416
4768,833
12221,1416
12221,833
7916,1416
7916,833
5124,1416
5124,833
12285,1295
6066,1168
12518,1719
12518,567
10350,331
8748,331
8304,331
5780,331
17375,331
2596,331
1472,331
4172,331
1663,331
1930,331
10336,1738
12767,1738
15288,1738
12904,1738
2842,1738
20479,1738
14980,1738
17960,1738
8133,1738
5834,1738
17667,1738
1378,483
5259,483
12160,483
2254,483
6165,483
14012,483
9892,483
2992,483
5846,483
2783,483
8311,483
13961,483
3084,483
1761,483
1170,483
11960,1231
11960,1511
11960,1772
13732,188
11555,188
11057,188
8984,1711
6657,1711
13576,1711
13413,1711
19528,1711
13660,1711
5362,24
13914,24
16610,24
16141,24
14662,24
11358,24
19763,24
8278,24
16549,24
3080,24
13225,24
9939,24
5735,52
18078,52
7496,52
8432,52
10071,52
19553,52
12663,52
2427,52
16002,52
3263,52
17219,1659
1789,1659
16846,1659
1139,1659
1780,1659
6237,1659
12712,1659
5570,1659
758,1659
9436,1659
771,1659
19016,1659
1695,1659
3706,1659
1263,1659
8324,1659
5142,1659
12724,1659
18466,1659
18350,1659
15871,1659
5914,1659
6811,1659
8198,1659
16334,1659
6614,1659
16405,1659
2981,649
5494,649
8217,649
6231,649
12031,649
7735,649
15475,649
1538,649
15179,649
1911,649
1450,649
6381,649
11105,649
11586,735
5826,735
12669,735
16074,735
6436,735
5314,735
2536,735
8214,735
18238,735
7172,735
13371,735
1025,735
10808,735
19658,735
9855,1596
19057,1596
11275,1596
1314,1596
14056,1596
14229,1596
14069,1596
20216,1596
481,1596
5753,1596
1909,1596
5541,1596
8384,433
6828,433
11626,433
18221,433
961,433
8606,433
793,433
16008,433
14919,433
9266,433
14756,433
2167,433
1975,433
12578,433
15487,613
328,613
15699,613
3616,613
17097,613
4986,1312
3300,1312
16130,1312
18900,1312
19578,1312
10807,1312
13567,1312
13643,1312
10097,1312
16439,1312
4421,93
10172,93
3148,93
1243,1069
3811,1069
7865,1069
15541,1069
17610,1069
19700,1069
13964,887
7388,887
10929,887
17010,887
17111,887
9530,887
10308,887
7063,887
18593,887
19422,887
16303,887
5699,887
6459,887
15566,887
1006,887
6302,1015
5211,1015
5111,1015
4694,1015
7405,1015
15034,1015
11789,1015
19010,1015
13582,1015
10796,1015
17356,1015
3074,1015
5291,1015
7513,1015
416,1015
8420,1015
17820,1015
11464,1015
10963,1094
5890,285
3573,1094
399,285
15975,994
1087,994
16595,994
18149,994
11340,994
16048,994
2714,994
2787,994
4510,212
6950,212
4236,212
14317,212
13711,212
6322,212
8172,212
14082,212
14295,212
1586,212
7040,212
12316,212
7105,212
7346,212
6058,212
3918,212
16322,212
17468,212
17965,212
212,212
14711,212
18041,212
15187,212
10734,212
23,212
13810,212
15404,212
7764,212
3199,212
14215,212
8470,212
16719,212
14091,212
12097,212
5944,212
17452,212
5387,212
7714,212
17665,212
546,212
14101,212
2337,212
6478,212
18685,212
983,212
992,212
18652,212
19919,212
9616,212
11600,212
1309,639
4511,639
2859,639
10429,639
19030,639
11179,639
15873,639
19309,1684
1225,268
1537,268
9383,268
5370,268
3992,268
1748,268
10223,268
5851,268
2817,268
12395,268
19241,268
11906,268
1403,268
14333,268
4714,268
19694,268
7039,268
16182,268
10694,268
5435,268
15380,268
12456,268
8558,268
11995,268
4388,268
18034,268
6132,268
17179,268
18923,268
19479,268
12450,268
18339,268
6421,268
12587,268
11845,268
2605,268
11958,268
12012,268
19295,268
16455,268
15108,268
4583,268
13607,268
451,268
10508,268
2464,268
2185,268
773,268
9790,268
10216,268
3681,268
18246,268
16247,268
1976,268
12162,268
6571,268
6727,268
17461,268
2506,268
18165,268
2579,268
17883,268
3497,268
9703,268
12852,268
4347,268
12339,268
18451,268
19723,268
13511,268
150,268
2868,268
16626,268
19911,268
7522,268
2778,268
15220,268
3385,268
18705,268
14186,268
10050,268
18306,268
7769,268
8116,814
7086,164
7086,814
15375,164
15375,814
5995,164
9863,814
3634,164
14123,814
6831,164
6155,164
16081,164
10276,790
4719,790
7923,413
157,413
14843,413
1506,413
8257,636
12703,636
14466,636
14359,636
13453,636
7910,636
6665,1383
6665,1020
9235,1383
9235,1020
3971,1383
3971,1020
13238,1383
13238,1020
2113,1383
2113,1020
13889,1383
13889,1020
11785,1383
11785,1020
5823,1383
5823,1020
14993,1383
14993,1020
20012,1383
20012,1020
4546,1383
4546,1020
16025,1394
2689,1394
19132,1394
16308,1394
6861,1394
939,1394
8320,1394
17251,1394
16454,1394
18363,1394
18136,1165
1406,1165
15471,1165
3659,1165
3383,1165
13336,1165
17516,1165
10841,1165
14998,1165
8322,1165
9214,1165
196,1165
4625,1165
6488,1165
15577,1165
2327,1165
5444,1165
17324,1165
18293,1165
11846,1165
18261,1165
3397,1165
18354,1165
20289,1165
5161,1165
6249,1165
16752,1165
12037,1165
12328,1165
18899,1165
12311,1533
14504,872
2477,354
11885,354
8862,354
870,354
18001,354
18743,427
18743,75
18743,267
5970,427
5970,75
5970,267
2815,427
2815,75
2815,267
6323,427
6323,75
6323,267
14475,427
14475,75
14475,267
4418,427
4418,75
4418,267
6725,427
6725,75
6725,267
351,427
351,75
351,267
16545,427
16545,75
16545,267
18753,427
18753,75
18753,267
14267,427
14267,75
14267,267
14839,427
14839,75
14839,267
11919,427
11919,75
11919,267
5917,427
5917,75
5917,267
17758,427
17758,75
17758,267
12270,427
12270,75
12270,267
404,427
404,75
404,267
11511,427
11511,75
11511,267
4062,427
4062,75
4062,267
12213,427
12213,75
12213,267
3311,427
3311,75
3311,267
1490,427
1490,75
1490,267
11466,427
11466,75
11466,267
8766,427
8766,75
8766,267
18710,427
18710,75
18710,267
9465,372
16768,372
14647,372
12513,372
6766,372
17719,372
11909,372
4890,372
11039,372
15132,372
6994,372
9098,372
13980,372
15761,372
103,1557
10428,1557
6732,1557
15322,1557
2546,1557
9319,1557
11676,1557
14951,1557
12811,1557
6868,1557
15562,1557
152,1557
19675,1750
16776,1750
17083,1750
5618,1750
17768,1750
1280,1750
9199,1750
13300,1750
864,1750
1081,1750
12527,1750
9998,1750
13783,937
13387,937
14801,937
13592,937
16741,937
7274,937
3337,937
1466,937
15449,937
175,937
8343,937
10613,846
10014,846
16910,846
12785,846
18050,846
3872,846
19081,846
5583,846
5167,846
3292,846
13246,1119
4205,1119
5996,1119
11121,1119
11005,1119
8664,1119
12645,1119
19509,1119
5716,1119
17669,1119
1916,1119
8634,1119
9289,1262
9289,185
9289,1536
15345,1080
15345,298
13382,1194
8799,1194
4399,1194
12658,1194
19063,1194
18102,1194
3852,1194
13197,1194
8809,1194
11452,1194
18298,1141
5445,1141
1949,1141
12276,1141
6502,1141
16603,1141
3310,1141
15480,1141
8405,1141
8411,1141
4306,1141
17395,1141
1702,1141
8931,1409
7148,1409
7192,1409
1255,1409
4662,1409
9694,1409
18617,1409
4770,1409
14137,1409
19666,1409
2832,1409
15424,1409
2759,1052
16806,1052
16409,1052
3658,1052
1710,1052
9893,1052
5849,1052
3825,1052
14454,1052
15311,1052
14850,1052
5686,1052
4623,1052
17155,1052
1921,154
6383,154
1557,154
7437,154
13712,154
12494,154
9339,154
19108,154
99,154
186,154
15262,154
15183,154
13930,154
7889,154
6847,603
8205,603
16119,603
16302,663
12865,663
17077,663
13514,663
12295,663
13705,663
14856,663
625,663
5502,663
5938,663
8273,663
558,663
12900,663
9737,663
3887,663
11303,663
6617,663
4397,663
6505,663
16815,663
19401,663
10169,663
8197,113
1842,597
7699,597
18442,597
2729,597
11569,597
16692,597
14943,137
7383,137
9379,137
9836,137
6447,137
6879,137
69,137
10846,137
10765,728
15372,728
9231,728
12046,728
7593,728
9651,728
922,728
15855,728
9535,728
8026,728
7525,773
7659,773
7034,773
757,773
11245,773
10442,773
4318,773
6366,773
19915,773
5407,773
2288,773
14221,495
8130,1591
10968,1591
8461,1591
14004,1591
19474,1591
11070,1591
10971,1591
6892,1591
14532,435
9415,435
18769,435
5361,435
14132,435
5654,435
10601,435
11937,435
6575,435
10102,435
12550,435
16105,435
6737,1296
5734,1296
18304,1296
7964,1296
15580,1296
14782,1296
17727,1296
682,1296
407,1296
15186,1296
1030,1296
12389,802
7977,802
17399,235
1877,235
16647,235
3518,235
767,235
15232,235
17650,235
13541,283
5530,283
3842,283
17785,283
19371,283
3178,283
6834,283
16919,283
12425,283
4244,283
11866,283
9756,283
1641,1377
18179,1377
1633,1377
6163,1377
3867,1377
6036,1377
130,1377
16988,1377
14657,1377
18847,1377
10132,1377
4063,1377
11391,1377
10274,647
18649,647
13067,647
14921,647
13155,647
17278,647
17448,647
4115,647
8167,647
18195,647
15970,1672
16871,1672
18399,1672
1321,1672
9009,1672
1418,1672
6304,1672
6883,1672
18575,1672
12807,1672
8614,1672
13985,1672
15900,1672
1925,1672
13011,1672
4419,1672
174,1672
11554,1672
17190,1163
2578,1163
5011,1492
11448,1492
18373,1492
10251,1492
13610,1492
19037,1492
6017,1492
16553,1492
13557,1492
19641,1492
4028,1492
3663,1492
12840,1492
10849,1492
18538,1492
165,1492
953,1492
1022,95
12378,1373
1862,1373
8642,1373
8917,1373
5553,1373
12315,1373
14518,1373
17668,1430
10661,861
1269,1303
8017,1303
11116,1303
19124,1303
16184,1303
6859,1303
8327,1303
13386,65
6603,65
15769,65
13723,65
1884,65
171,65
9926,65
19393,65
7677,65
1757,65
16945,65
3450,65
17295,65
12539,65
12355,65
10884,65
2352,65
15901,65
9888,511
12719,511
11837,511
15462,511
285,511
13297,511
2706,511
4914,511
13116,263
4146,511
4272,263
11463,583
8731,263
10348,511
19683,511
16809,511
12917,263
25,511
4640,583
10982,583
3896,263
6881,511
14166,511
17048,263
553,583
8998,263
3014,1322
7897,1322
11717,1322
7540,1322
7385,1322
16352,1322
776,1322
3964,1322
6930,1322
14158,1322
18135,916
18135,1129
9553,1584
18623,1432
1777,1432
12943,1432
5244,1432
14987,1432
5176,1432
15263,1432
14357,1432
10714,1432
3942,1432
12821,1432
5238,1432
16884,1432
9016,564
10198,564
1361,564
19702,564
7246,564
6562,971
17409,838
52,838
8676,838
5058,838
12902,838
10315,838
7123,838
2891,838
14228,838
18307,838
5891,838
392,1609
4297,343
15089,343
10857,343
5375,343
16518,343
14256,343
9095,343
958,343
14144,343
8416,343
14370,343
18172,343
14903,343
5544,1134
2952,1134
6875,1134
2705,1134
5352,1134
15550,1134
18139,1134
1068,1134
1704,1134
5733,1134
5009,1134
7199,1134
7239,1134
4778,1134
14825,1134
13917,1134
5507,1134
18490,365
2634,365
5864,365
15585,365
19757,365
7922,365
5374,365
5542,365
2455,365
16480,365
4874,365
3372,365
3412,365
18886,365
6227,365
561,365
2939,1130
3921,1130
19406,1130
14529,1130
15051,1130
16649,1130
10321,1130
10803,1130
15021,1130
14882,1130
6126,1130
15079,1130
6060,1550
9292,1550
18253,1550
10359,1550
6851,1550
3481,1550
14920,1550
3705,1550
6182,1550
10894,1550
16136,1550
18127,104
2671,104
8978,104
19305,104
19028,104
149,104
1948,104
1315,104
5967,104
13526,104
17359,104
2564,104
10133,1488
10133,460
15895,880
7888,880
18736,880
12831,880
16933,880
4274,880
6294,1727
14913,1727
1709,1727
6361,1727
454,1727
14462,1727
9744,1727
6189,1727
4521,1727
3796,1727
14035,1727
15852,1727
12079,1727
3922,1727
11953,1727
3011,1727
17561,1727
6467,1727
15674,1727
3471,1727
6008,1727
7811,1727
1336,1727
18080,1727
3947,1727
6287,1727
3582,1727
15698,1727
7439,544
7439,546
7439,1271
13751,544
13751,546
13751,1271
4588,544
4588,546
4588,1271
5295,1203
1700,158
5669,158
19843,158
14280,158
4732,1512
4732,158
3247,1512
3247,158
3163,1512
3163,158
19603,1512
19603,158
16172,229
16172,685
17280,229
17280,685
17004,229
17004,685
16231,229
16231,685
7666,229
7666,685
1934,229
1934,685
9765,229
9765,685
6376,182
4492,182
242,112
10087,493
10087,1546
15458,493
15458,1546
3196,493
3196,1546
16240,493
16240,1546
2231,493
2231,1546
10405,493
10405,1546
2936,493
2936,1546
11240,493
11240,1546
3627,696
14770,696
12463,696
4614,696
10175,696
17966,696
16913,696
11848,1058
997,1058
14364,1058
11967,1058
15261,480
11092,480
3118,480
352,480
8080,480
1803,480
12478,480
3211,480
6886,1226
8850,125
2088,628
15488,628
15527,628
18201,628
9849,628
10802,628
14090,628
17863,628
14288,628
19404,628
18826,628
14242,1363
16287,856
10660,856
11897,856
15768,856
12607,856
10724,856
6672,856
12413,856
8757,856
18927,906
4054,906
10690,906
17241,906
19015,906
14279,906
12172,906
6266,906
18049,906
16960,906
12402,906
11892,906
13635,906
19308,829
18461,555
13973,555
617,555
16281,555
8695,555
14962,555
10189,555
9283,555
1184,555
11581,555
5077,555
4826,555
18905,555
13540,836
12487,836
16083,836
10293,836
4449,836
19582,836
3478,836
15911,836
15671,836
9271,836
2135,836
204,836
2053,310
15290,1230
13194,1230
671,1230
7206,1230
19617,1230
3338,1230
4837,1230
17679,1230
14151,1230
1160,1230
116,1230
5379,1230
1957,1230
15780,1475
3919,1475
14213,1475
1250,1475
15388,1475
17862,1475
17902,1475
2143,1475
7490,1475
9338,1475
12701,1475
14669,1475
15196,1475
9384,1475
17708,1475
13195,1475
10848,1475
4144,946
205,946
4939,946
8694,946
3999,946
14922,946
7399,946
19891,946
9191,946
5565,946
16606,946
5974,884
19749,884
787,884
13175,884
3358,884
5620,884
11645,884
18155,884
15279,884
452,884
6911,884
12212,1626
18053,1626
11256,1626
6446,1626
12634,1626
18610,1626
5394,1626
19541,1626
17764,1626
11162,1626
18954,210
1492,210
12459,210
15823,210
9179,210
18335,210
7687,210
3297,210
11020,210
13424,210
10077,210
10024,210
19731,673
5132,909
5489,126
7544,126
13254,1556
8424,1556
1313,1556
2418,1556
15945,1556
7858,1556
5691,1556
15817,1529
9787,1529
11800,1529
13319,1529
15821,1529
10617,1529
194,1529
18563,1529
17100,1529
17958,1529
5130,1529
9262,1529
9069,1138
17011,1138
10247,1138
13399,1138
11707,1138
17760,1138
3870,1138
5250,1138
18065,1138
2293,1138
164,1138
16399,1780
2058,1780
5364,1780
855,1780
9887,1780
6333,1780
10330,1780
13617,1780
2274,1780
17230,1780
19169,1780
17027,1780
2130,1780
1805,1780
16395,1184
19772,1184
4717,1184
8346,376
17066,376
18583,376
17619,376
7418,376
1219,376
88,376
2406,376
3299,376
1204,376
9240,376
475,376
8557,289
95,1574
609,1097
16358,230
16828,230
13292,230
6471,1396
3687,86
15513,86
1163,97
7653,97
3375,97
13380,97
16680,97
18601,97
3753,97
6348,97
13957,97
5534,97
9681,97
2548,97
18836,97
5587,823
822,823
18671,823
2016,823
13469,823
235,823
5644,823
14311,823
16151,1239
19834,1239
2309,1239
7701,1239
8509,1239
5698,1239
7993,1239
14578,1239
14923,1239
19218,1239
17474,1239
10147,1239
601,1239
17266,1239
10171,1239
11847,1239
9950,1239
2971,1239
14031,752
8490,752
8326,752
3928,752
5907,752
13632,752
288,752
6274,752
15195,752
1169,752
7955,752
4903,752
6867,752
10157,752
17684,752
19850,1304
14884,1304
14680,1304
8139,1304
18147,1304
3135,1304
4533,1338
584,792
6222,792
2658,792
12281,792
4215,792
8914,952
11123,952
8353,952
6694,952
7213,952
1778,952
16976,952
16385,952
15490,952
19151,952
18336,441
6569,1341
3464,1341
18254,1341
10706,1341
10454,1341
8633,1341
18523,1341
18660,1341
18628,1341
12280,1341
6536,1341
12563,1341
8143,1341
3099,1341
17809,1341
6873,1341
13729,1341
16487,1341
20135,1341
6439,1341
4765,1512
4765,1420
13763,1512
13763,1420
17325,1512
17325,1420
10794,1512
10794,1420
12976,1512
12976,1420
16675,1512
16675,1420
2128,1512
2128,1420
3224,1512
3224,1420
10877,516
9810,516
7788,516
10507,516
8290,516
15327,516
16804,516
17703,516
14375,516
6677,1352
17982,1352
9105,1352
17463,1352
8837,1352
8589,1352
3085,1352
13240,1480
18415,1480
15799,1480
15565,1480
15138,1480
10580,1480
8501,1480
15385,1480
19046,1480
5640,1480
2466,1480
8839,1480
5038,1282
13124,1282
6088,1282
10449,1282
13181,1282
14521,1282
16890,1282
19886,1282
4861,1282
14745,1282
9326,1282
15307,1282
2103,1282
12324,851
13431,851
17158,851
17544,851
4574,851
12335,851
5798,851
6238,851
7573,851
7014,851
9537,851
5096,851
532,851
19880,851
2228,851
2298,1111
6267,1111
638,1111
2281,1614
2453,1614
564,1614
1020,1059
1564,1059
11454,1059
1005,1059
17808,1059
3933,1059
14823,1059
7003,1059
19680,1059
160,1059
19983,1059
3345,1059
2178,1059
17693,1059
19610,1059
18436,1059
1673,1059
12534,1059
17032,1059
7153,1059
4206,266
17917,266
17319,266
12869,266
12359,266
2910,266
12822,266
19523,266
19304,266
16456,266
18684,266
13520,266
723,266
514,266
12750,21
8048,21
3382,21
16943,21
14982,21
15223,21
93,21
868,21
3253,21
7016,21
5170,21
8535,21
8121,21
3571,169
12461,169
3731,169
16157,169
7120,169
9982,169
12572,169
11641,169
18327,169
6541,169
7616,169
20108,169
8250,74
16847,74
4056,74
15594,74
4672,74
4843,74
18406,74
16028,74
1054,74
2018,74
15001,333
10750,333
6412,333
3757,333
16056,333
3469,333
11619,333
1279,333
11873,333
2786,333
19652,333
2081,333
6652,333
8110,333
6173,333
14979,333
10146,333
9843,333
913,333
14441,333
19713,333
14909,333
9684,333
16578,333
18463,333
12748,333
4315,333
18475,333
13544,333
13560,333
14930,1014
19794,1014
6131,1014
12477,1014
10853,1014
3530,1014
17967,1014
7253,1014
18259,1014
4153,1014
17085,1014
20104,1014
14838,1014
3540,1014
8739,1014
969,678
13161,678
19522,678
15569,678
6680,678
19773,678
4118,678
9147,678
13258,678
12501,678
11023,678
16024,678
17290,678
11855,1551
14604,1551
5301,1551
19876,1551
4017,1551
9184,1551
12656,1551
12356,1551
14392,1551
4275,1551
789,1551
19307,1551
7228,1551
2610,1551
2129,1551
19846,1551
5025,1551
7186,1551
19776,1551
13264,1551
10094,1551
19577,1551
16038,1551
5946,1551
13372,1551
4975,1551
16356,1551
14999,1551
13210,1551
2091,1551
12108,466
5705,466
3881,466
3461,1451
15912,466
18786,466
3754,1026
12668,1026
5116,1026
17661,1026
4889,1026
12742,1026
5012,1026
9793,1026
20605,1026
9056,1026
1660,1026
3737,1026
11480,1026
5074,1026
12154,1026
8126,1026
5772,1026
9290,1026
8287,1026
19959,374
17332,1468
5652,1468
17437,1468
5894,1468
8590,1468
20184,1468
15486,1468
13041,1468
16557,1468
15559,1468
20136,366
20422,307
18297,1079
13482,1079
5952,1079
20087,1079
5398,1079
6567,1079
7705,1079
12465,1079
4033,1079
15623,1079
1964,1079
4020,1079
5333,1079
198,1079
10953,1079
8371,1079
1416,1079
4195,1079
14775,228
7628,228
14777,228
3309,228
13853,228
6781,228
12421,228
19456,228
7706,228
18935,228
976,228
7903,228
4974,228
13881,228
15376,228
3438,228
13681,228
1483,228
9109,228
18154,228
16158,228
2587,228
10993,228
5728,228
4012,228
6056,228
12558,228
1566,228
18380,228
17646,228
15682,228
5722,228
19869,228
9686,228
11257,228
19395,228
2252,228
16923,228
2312,228
16541,228
5968,228
702,228
11442,228
9736,228
5321,228
20013,150
10777,1662
10074,513
20563,513
17878,513
7663,513
12035,513
4650,513
17236,513
2753,513
10180,513
16554,513
18540,362
13905,362
15724,362
5040,362
16131,362
4336,362
12804,362
8065,362
20259,362
1027,362
2177,362
6691,1599
2499,1599
17140,1599
20067,1599
15816,1599
2085,968
2085,80
2056,968
2056,80
20497,968
20497,80
1153,968
1153,80
1153,473
1809,968
1809,80
1809,473
12608,1406
12608,968
12608,80
3523,1406
3523,968
3523,80
3877,1406
3877,968
3877,80
18970,1406
18970,968
18970,80
18576,1522
18801,705
3536,705
2687,705
4165,705
9551,705
13466,705
11797,705
19210,705
3546,705
5288,705
8792,705
7665,705
14291,705
16563,705
7856,705
14619,705
13370,705
2675,705
12635,705
12512,705
5419,705
2383,705
20076,705
9500,705
12684,705
6517,705
13366,705
14495,705
7425,705
17186,894
18996,894
5049,894
16986,894
2858,894
648,894
19989,894
11975,894
18966,894
5550,894
7443,409
11595,409
2229,409
11022,409
12361,409
1696,409
972,409
16090,409
2333,409
5334,409
6340,409
5953,409
10773,409
15598,409
14768,409
1179,409
4707,409
3116,409
3386,409
15746,409
9411,409
19331,409
12792,409
4518,409
3278,409
17861,409
10469,409
14744,409
15972,409
20569,409
5296,409
13340,409
16690,409
6669,409
11259,409
14570,409
4601,409
5246,409
13448,409
3280,409
6825,409
16599,409
19094,409
16523,409
9533,409
11420,409
7291,409
17462,409
10280,409
16343,409
8798,850
12195,850
17941,850
18982,850
4402,850
18713,850
13059,850
2588,850
17750,850
16843,850
17304,850
9152,850
8175,972
20489,972
5663,972
5051,972
5340,972
17002,972
19840,972
6151,972
15131,972
18308,972
6353,1678
11889,1678
13800,1678
6200,1678
6803,1678
19396,1678
14827,1678
20436,1678
3713,1678
1318,1678
19484,1678
7758,1678
19297,1486
19761,1486
8733,1486
3934,1486
15042,1486
4562,1486
4858,1486
6113,1486
9291,1486
11482,1486
13698,1486
8624,1486
7905,1486
13963,1486
12973,1486
742,1486
18009,275
7600,275
2776,275
12919,275
7934,275
892,275
7931,275
16857,275
932,275
16484,275
60,275
12410,275
13612,275
2963,275
14625,275
800,275
2620,1632
4497,1632
20428,1632
8015,1632
16169,1632
10183,1632
20124,453
20264,1405
20264,729
2923,1405
2923,729
14738,1405
14738,729
20463,1631
14978,1631
13974,449
11786,449
3846,449
7446,449
9759,449
1033,449
22,449
12448,449
14270,449
20451,291
7485,291
17885,291
6670,291
11360,291
679,291
5028,291
14601,291
9705,291
4407,291
20233,351
19349,351
3671,351
15241,351
7196,351
14111,351
7250,351
5617,351
5480,351
7449,351
11465,351
816,351
7331,351
4183,351
19638,351
19486,580
16668,580
13119,580
10630,580
8084,580
2845,580
3276,580
17152,580
10182,580
2262,580
16350,580
13757,580
14791,580
16646,580
11280,580
11822,580
16570,580
4412,580
3802,580
1760,580
5989,580
3733,580
13840,580
11752,580
5902,580
19366,580
14033,580
14272,580
9172,580
19945,580
17510,580
5466,580
6888,580
13333,580
1249,580
19665,580
15464,1206
19121,1206
19318,1206
11524,1206
18019,1206
2794,1206
11181,1206
2823,1206
13123,1206
11329,1206
12467,1206
8395,1206
17740,1206
17056,1206
16298,1206
13518,1206
11320,1206
18953,1206
20141,1206
5198,1206
3972,1206
18400,1206
20163,1605
10637,779
19964,779
20030,1050
17852,1018
14224,1018
13899,1018
20496,1018
18384,1018
11618,1018
3790,1018
92,1018
13054,641
5676,641
16293,641
6301,641
10815,641
9471,641
12341,641
19442,641
17593,641
5022,641
4425,641
12094,641
17479,641
3580,641
20406,641
7747,477
3749,477
20380,477
6277,477
4258,477
17438,477
15909,477
9257,477
430,477
17210,477
19534,477
4771,477
3529,477
5757,477
7998,477
17961,477
6564,477
7709,477
4355,477
9899,477
11522,477
9827,477
19194,477
4754,477
11078,477
16792,1619
20251,1619
11048,1619
7864,1619
2486,1619
13421,1619
4790,1619
12953,1619
10805,1619
19909,1619
12346,1619
2303,1261
5981,1261
5538,1261
3827,1261
396,1261
20017,1261
17886,1261
9714,1261
1928,1261
10128,1261
6435,1261
11658,1261
12589,1261
16320,1261
3854,1261
3499,1261
16632,1261
7082,1573
20305,1573
20006,421
15793,1364
1074,1364
20325,1364
19758,1364
14587,1364
19963,244
19963,1144
3291,1388
7584,1388
9038,1388
6585,1388
12885,1388
7563,1388
19150,1388
19927,1388
10676,1388
3760,1388
9078,1517
9078,1578
9078,348
5160,1517
5160,1578
5160,348
10069,1517
10069,1578
10069,348
15361,1517
15361,1578
15361,348
17499,1517
17499,1578
17499,348
6527,1517
6527,1578
6527,348
11470,1517
11470,1578
11470,348
19557,1517
19557,1578
19557,348
16378,1517
16378,1578
16378,348
7617,1517
7617,1578
7617,348
5696,1517
5696,1578
5696,348
10116,1517
10116,1578
10116,348
6661,1517
6661,1624
6661,348
16905,116
16905,348
8669,668
8669,1
8669,592
14161,668
14161,1
14161,592
137,668
137,1
137,592
7002,668
7002,1
7002,592
6087,668
6087,1
6087,592
15231,668
15231,1
15231,592
12595,668
12595,1
12595,592
4926,668
4926,1
4926,592
11416,668
11416,1
11416,592
8976,668
8976,1
8976,592
3005,668
3005,1
3005,592
14778,668
14778,1
14778,592
10738,668
10738,1
10738,592
11935,668
11935,1
11935,592
16793,668
16793,1
16793,592
19468,668
19468,1
19468,592
5088,668
5088,1
5088,592
1880,668
1880,1
1880,592
294,668
294,1
294,592
12264,668
12264,1
12264,592
5895,668
5895,1
5895,592
18682,668
18682,1
18682,592
17911,668
17911,1
17911,592
9919,668
9919,1
9919,592
1069,668
1069,1
1069,592
13590,668
13590,1
13590,592
6919,668
6919,1
6919,592
2937,668
2937,1
2937,592
16706,668
16706,1
16706,592
13773,668
13773,1
13773,592
10692,668
10692,1
10692,592
4554,668
4554,1
4554,592
9838,668
9838,1
9838,592
11224,668
11224,1
11224,592
14806,668
14806,1
14806,592
19593,668
19593,1
19593,592
18722,668
18722,1
18722,592
12000,668
12000,1
12000,592
8075,668
8075,1
8075,592
5750,668
5750,1
5750,592
4591,668
4591,1
4591,592
15008,668
15008,1
15008,592
17835,668
17835,1
17835,592
19597,668
19597,1
19597,592
16493,1442
17751,1442
15285,1442
2416,1442
7293,1442
1643,1442
7479,1442
1446,1442
17842,1442
5971,1442
20207,1442
4208,247
2639,247
10305,247
18700,247
10641,247
15897,247
19261,247
12030,247
17175,247
73,247
13628,247
13875,247
10260,247
13454,247
2063,1334
16560,1334
6235,1334
19830,1334
10374,1334
5679,1334
14386,1334
1772,1334
15476,1334
18446,849
12743,849
13159,849
6282,849
13827,849
17351,849
20600,849
4420,849
8611,849
3484,849
19281,849
14087,849
18015,849
8001,849
3819,849
1152,849
18868,849
16635,849
3031,849
15339,849
1386,849
7662,849
9230,849
20354,1309
3606,1309
18226,1309
10349,1309
8724,1309
12968,1309
12155,1309
19138,1309
15954,1309
20484,1309
2645,1309
11543,519
20117,519
12412,519
3758,519
4219,1696
726,1696
8663,1696
10468,1696
14901,1696
6331,1696
5752,1696
5602,1696
20005,1696
13084,1696
19009,1696
9514,1696
12880,1696
942,1696
837,1696
14996,1696
19561,723
19441,723
18249,723
10563,723
9574,723
17157,723
7791,723
8417,723
10005,723
4761,723
8338,723
4872,723
10753,723
7302,723
2552,723
19492,723
9309,723
5987,723
20482,723
4589,1101
10319,1101
13806,1101
13077,1101
7457,1101
10524,1101
4203,1101
15208,1101
7111,1101
8381,1101
6404,1101
286,1101
16345,1101
6618,1101
1123,1101
15485,1101
9988,1101
12817,1101
6626,1101
15564,1101
19140,1101
10226,1101
3219,1101
13997,1101
16620,1101
8762,1101
14343,1101
10341,1101
11033,1101
16128,1101
3411,1101
8164,1101
1215,1101
6880,1101
15320,1101
18429,1101
20312,1101
18578,1101
15434,1101
16685,1101
15772,1101
18848,1101
18122,866
4621,461
7928,669
7928,1367
13849,461
14269,196
9915,461
2283,196
1861,461
1969,196
12488,1075
17084,196
13073,1603
13073,196
4597,1603
4597,405
15369,134
9359,114
2012,114
5293,114
20028,114
6441,1152
20190,1152
17810,1152
4544,1152
3532,1152
3914,1152
1351,1152
5797,1152
5578,1152
2566,1095
13970,1095
16975,1095
309,1499
16638,1095
4352,1095
16533,1095
3384,1095
15190,1095
5920,1095
2484,25
2484,716
6568,25
6568,716
4740,25
4740,716
20081,25
20081,716
14468,825
10021,825
20570,825
20348,1083
1729,1083
9890,1083
18719,1083
18489,1083
168,1083
3808,1083
491,1083
15676,1083
10892,1083
3524,1083
7121,1083
13170,1083
18806,341
6660,341
18634,341
12991,341
17789,341
19313,341
7333,341
4977,341
1763,341
7775,341
16780,341
12760,341
8575,341
12633,341
2038,341
8936,341
4811,341
14222,341
15847,341
5019,341
2384,341
11068,341
5825,341
2019,341
2901,341
4255,341
10214,341
17741,341
8350,341
1334,341
4416,341
1098,341
14047,341
19315,341
14419,341
9248,341
18880,341
9422,341
11094,341
18332,341
9450,341
1818,341
6587,341
9905,341
8784,341
20051,341
6164,341
7350,341
7590,341
15024,341
10873,341
12685,341
34,341
8723,341
8377,341
7690,341
18285,341
9922,341
9446,341
17674,341
12780,341
3376,341
7095,341
2557,341
2838,341
10792,341
20509,341
8216,341
3347,341
18055,341
12168,341
16440,341
9503,341
3863,341
14520,341
4357,341
9226,341
11143,341
15578,341
4369,341
19346,341
11860,341
4582,341
5141,341
7615,341
15077,341
11100,341
5561,341
9075,341
9337,341
19206,341
2763,341
4478,341
4095,341
2855,341
4011,341
2774,341
14816,341
2099,341
11096,341
7491,341
13289,341
7197,341
9665,341
7351,341
4692,341
3373,341
7334,341
3804,341
13083,341
1230,341
7566,341
4218,1664
12091,1664
15946,1664
18639,1664
9013,1664
12407,1664
804,1664
1562,1664
15529,1664
13527,1664
17118,1664
420,1664
14757,1664
15629,1664
1127,1664
1497,1664
16437,1664
9391,1664
3485,1664
15350,1664
17233,1664
4225,1664
7647,1664
7592,1664
6755,1664
12384,1664
2217,1664
3987,532
13911,532
6976,532
6150,532
8206,532
5168,532
12141,532
19271,532
17803,532
20055,532
3611,532
852,532
13341,1046
20456,1046
568,1046
11502,1046
15219,1046
12844,1046
5736,824
12816,824
14995,824
11348,824
4210,824
3512,824
8233,824
6639,824
7178,824
14888,824
12796,1496
18844,1496
4657,1496
5113,1496
4807,1496
583,1496
18011,1496
4896,1496
16296,1496
6232,1496
3857,1496
9270,1496
6357,1496
12174,1496
12594,1496
1229,1496
13494,1496
10267,1496
9554,1496
3139,1496
2699,520
19480,520
6816,520
10004,520
8910,520
5695,520
3354,520
18031,520
20475,520
9567,520
17644,520
12481,520
17884,520
8100,520
19209,520
17449,1451
8530,1451
16808,1451
13008,1451
15891,1451
16590,1451
15145,1451
19783,1451
4913,1451
9796,1451
1276,1451
1276,406
19452,1451
4158,1451
12473,1451
15444,1451
7283,1451
13268,1451
13570,1451
10217,1451
16489,1451
16722,1451
4570,1451
18609,1451
10238,1451
14030,1451
20020,59
18185,59
9473,59
20050,351
1548,351
6225,351
17340,351
2007,351
7044,351
9525,351
9299,351
7102,351
4377,351
2878,351
2131,351
15209,351
19013,351
4580,351
4228,351
14870,1000
4725,1000
17682,1000
2339,1000
8213,1000
7836,1000
7873,1000
2902,1000
19004,1000
20377,1000
18324,1000
14755,1000
19050,1000
9340,1000
17110,1000
4751,1000
17688,1000
3336,1285
3336,718
8710,1285
8710,718
9058,1285
9058,718
2721,1285
2721,718
19884,1285
19884,718
10935,1285
10935,718
3138,1285
3138,718
2909,1285
2909,718
1144,1285
1144,718
18738,1285
18738,718
9140,1285
9140,718
20313,529
20313,1306
8447,529
8447,1306
16034,529
16034,1306
4293,529
4293,1306
9327,529
9327,1306
11148,529
11148,1306
11782,529
11782,1306
2678,529
2678,1306
51,529
51,1306
14464,529
14464,1306
8049,529
8049,1306
5783,529
5783,1306
3511,977
10060,977
14125,977
1902,977
15130,977
2793,977
2929,977
15721,977
13179,977
18021,977
17711,977
9440,1444
10158,1444
7754,1444
5932,1444
19399,1444
2599,1444
20100,1444
1147,1444
8150,1444
6706,1444
3405,707
4552,707
16482,707
14724,707
10825,707
9697,707
10955,707
13294,707
16693,707
4154,707
6211,707
14153,707
633,707
16548,707
2245,707
20137,707
14456,1369
3797,1763
14675,1763
5187,1763
16789,1763
17329,1763
11513,1763
6365,1763
1342,1763
10726,1763
14067,1763
10134,1763
8970,1763
10702,1763
14251,1763
4107,1763
3626,518
20253,518
14427,518
3000,518
8504,518
16519,518
11654,518
14146,518
19677,518
4786,518
10354,518
7945,518
934,826
14297,826
3296,826
17282,826
19332,826
7957,826
755,826
19929,183
6792,211
16520,244
17996,183
12076,31
20071,31
1473,31
5356,31
2181,31
14437,31
11580,31
6156,31
9935,31
10550,31
8103,31
16256,1543
7568,1543
19984,1543
3189,1543
13005,1543
17231,1543
647,234
7203,234
17037,234
1161,234
964,234
901,234
9044,234
15143,234
19867,234
8652,234
12185,234
714,234
6074,234
966,234
2082,1734
20417,1447
20417,336
15807,1447
15807,336
5153,1447
5153,336
9376,1447
9376,336
12605,1447
12605,336
8299,1067
8299,987
104,1067
104,987
20065,1067
20065,987
14022,1067
14022,987
20442,1075
2829,1075
6449,1075
15403,1075
10938,1075
12746,1075
18707,1075
9402,1075
19369,1148
18723,1148
3547,1153
4989,1153
4989,1179
17670,1153
17670,350
10435,1153
10435,668
17993,1153
17993,627
15839,1153
15839,1062
9198,1153
5468,1153
5468,255
20048,1153
20048,525
1277,1153
1277,1062
13030,1535
12778,1535
15433,1535
20373,1535
7279,1535
16833,1535
18111,1535
1001,1535
180,1535
13988,1535
20268,845
7414,845
614,845
14703,845
4145,845
191,845
11476,845
9753,845
520,845
10285,845
12604,845
18832,845
7173,845
17954,1358
16155,1358
2189,1358
2643,1358
7290,1358
20453,1358
13702,1358
4242,1358
17105,1358
8653,1358
12237,1358
8929,1358
3578,1358
10027,1358
15281,1358
6853,988
17194,988
9455,988
14196,988
5404,988
11623,988
12986,988
20438,988
19459,988
10628,988
19689,988
3909,988
3990,988
1407,988
598,988
5354,988
10493,988
5857,392
2112,392
19482,392
20178,392
20396,1604
20396,1703
9325,1604
9325,1703
3776,1604
3776,1703
4437,1604
4437,1703
3526,1604
3526,1703
7721,1604
7721,1703
5181,1604
5181,1703
15860,1604
15860,1703
5123,1604
5123,1703
12326,1604
12326,1703
2945,1604
2945,1703
7415,1604
7415,1703
3666,1604
3666,1703
1739,1604
1739,1703
2195,1275
118,1275
11419,1275
15782,1275
6229,1275
8135,1275
16403,1275
735,1275
4125,1275
13285,1275
16715,1275
7623,1275
1994,1275
10284,1275
10075,1275
521,1275
10016,778
1285,778
20594,778
1804,778
12099,778
4310,778
16812,778
3755,778
17692,778
14308,778
19466,778
18864,778
15806,778
14474,778
4575,456
4606,456
4196,456
4695,456
4817,456
20503,456
16411,1121
10584,1121
4684,1121
547,1121
14517,1121
20384,1121
3707,1121
16899,1121
4491,1121
12928,1121
4233,1229
20173,1229
11738,1229
289,1213
7272,1213
6907,1213
16335,1213
6137,1213
11174,589
15204,589
17418,589
10178,589
14984,589
2054,589
17974,589
11202,589
6548,589
1801,589
3097,589
15217,589
3610,589
13667,589
19904,589
17782,589
5810,589
18800,589
11227,301
13747,301
1758,301
20481,301
17369,301
15133,1516
13154,1516
3929,1516
16709,1516
3868,1516
18917,1516
11225,1516
3717,1516
20356,1516
19872,1516
9812,1516
20074,1149
16683,501
13734,501
13202,501
2241,501
5193,501
6127,501
3577,501
16406,501
13153,501
161,501
12216,501
17526,501
20191,501
17848,501
250,501
39,295
12193,295
13547,295
11864,295
13769,295
7394,295
20153,295
4943,295
18691,295
4045,295
9908,776
8858,776
14780,776
3236,776
2733,776
8125,776
18196,776
18338,776
993,776
6756,189
17162,189
5103,189
18138,189
13451,189
18724,189
7504,189
10795,189
355,189
4839,189
13606,688
13606,957
6961,688
6961,957
20284,688
20284,957
19419,688
19419,957
9763,688
9763,957
500,688
500,957
12596,688
12596,957
406,688
406,957
10883,688
10883,957
18787,688
18787,957
15182,688
15182,957
12239,688
12239,957
11881,688
11881,957
16340,688
16340,957
10058,1093
17350,1093
7109,1093
20127,1093
10245,1093
19039,1093
5881,312
9400,312
20523,312
13032,312
14802,312
9423,1417
17558,1417
14440,1417
14106,1417
17817,1417
276,1417
17481,1417
16003,1417
11648,1417
20025,1417
19113,1417
11027,1009
7401,1009
18356,1009
19960,1009
8092,1009
10779,1009
11868,1009
13269,1009
4990,1009
13070,1009
13866,1009
3107,1009
4813,1009
1023,1009
8722,1009
16850,1009
10389,1009
9203,1009
18658,1009
5751,1009
2495,1587
2495,262
18502,1587
18502,262
18023,1587
18023,262
13787,1587
13787,262
12756,1587
12756,262
18477,1587
18477,262
4992,1587
4992,262
15632,1587
15632,262
19458,1587
19458,262
18980,1587
18980,262
17654,1587
17654,262
9317,1587
9317,262
12916,1587
12916,262
6207,1587
6207,262
628,1446
14136,1446
8165,1446
5701,1446
18004,1446
14385,1446
9580,1446
10273,1446
13925,1608
19294,1608
3698,1608
15523,1608
2354,1608
4531,1608
5518,1608
10179,1608
902,1608
14058,1608
20200,1608
16687,1517
16687,1214
16687,1367
11720,1517
11720,1214
11720,1367
9318,1517
9318,1214
9318,1367
20326,1517
20326,1214
16758,1517
16758,1214
14436,1517
14436,1214
3365,1517
3365,1214
360,563
1824,563
566,563
245,563
14510,563
17039,563
11993,563
10113,563
8439,563
5758,563
11842,563
128,563
9428,563
20595,563
20518,830
13362,830
6914,540
19965,540
13803,540
10780,540
9170,540
3157,540
2672,540
18754,540
11439,540
7532,540
1412,540
12206,540
15603,540
8166,540
1765,1676
9314,1676
10474,1676
15188,1676
14709,1676
6382,1676
18284,1676
5877,294
9579,294
4642,294
5943,294
8679,294
4716,294
8594,78
6933,78
8382,78
18174,78
5146,78
17352,78
3352,78
11987,78
8454,651
4291,651
15902,651
13872,651
11520,651
15422,651
5299,651
6065,651
8183,651
5305,651
15943,651
18956,651
730,651
15230,651
10437,651
5761,651
18500,651
18220,651
15745,651
367,1390
13644,1390
6335,1697
6335,897
3325,1697
3325,897
906,1697
906,897
4585,1697
4585,897
13869,1697
13869,897
2009,1697
2009,897
8897,1697
8897,897
19958,1697
19958,897
981,1697
981,897
15536,1697
15536,897
10527,1697
10527,897
15716,1697
15716,897
20231,1713
14967,1713
8252,1713
5201,1713
11986,1713
861,1713
15952,1713
16387,1713
20308,550
6967,550
13069,550
5898,550
16755,550
9252,550
5508,550
7984,550
12381,550
17022,550
7422,550
13713,550
13684,920
17160,920
20576,920
6984,920
5555,920
2153,920
13722,920
17864,920
2585,920
17401,920
2623,920
12095,920
5385,1193
5385,107
5385,204
5385,239
8258,1193
8258,107
8258,204
8258,239
18209,1193
18209,107
18209,204
18209,239
16782,1193
16782,107
16782,204
16782,239
15057,1193
15057,107
15057,204
15057,239
18577,1193
18577,107
18577,204
18577,239
15153,1193
15153,107
15153,204
15153,239
9390,1193
9390,107
9390,204
9390,239
18728,1193
18728,107
18728,204
18728,239
2382,1193
2382,107
2382,204
2382,239
6898,1193
6898,107
6898,204
6898,239
19527,1193
19527,107
19527,204
19527,239
5208,1193
5208,107
5208,204
5208,239
17562,1193
17562,107
17562,204
17562,239
6079,1193
6079,107
6079,204
6079,239
20390,1193
20390,107
20390,204
20390,239
14156,1193
14156,107
14156,204
14156,239
15965,1193
15965,107
15965,204
15965,239
654,1193
654,107
654,204
654,239
2525,1193
2525,107
2525,204
2525,239
15428,1193
15428,107
15428,204
15428,239
19636,1193
19636,107
19636,204
19636,239
9330,1193
9330,107
9330,204
9330,239
16658,1193
16658,107
16658,204
16658,239
6965,1193
6965,107
6965,204
6965,239
2294,1193
2294,107
2294,204
2294,239
6619,1193
6619,107
6619,204
6619,239
20520,1193
20520,107
20520,204
20520,239
6574,1193
6574,107
6574,204
6574,239
15258,1193
15258,107
15258,204
15258,239
4097,1193
4097,107
4097,204
4097,239
18223,1193
18223,107
18223,204
18223,239
3125,1193
3125,107
3125,204
3125,239
15163,1193
15163,107
15163,204
15163,239
14793,1193
14793,107
14793,204
14793,239
18168,1193
18168,107
18168,204
18168,239
6966,1193
6966,107
6966,204
6966,239
13951,411
20439,411
19955,411
12857,411
7601,411
12151,1185
14345,1185
195,1185
17687,1185
3501,1185
18483,1185
2121,1185
4238,1185
3826,1185
13104,1185
786,1185
3468,1185
14413,1185
393,1185
10840,1185
7349,1185
16829,1185
12202,1185
1016,1185
4426,1185
10831,1185
5129,1185
3641,1185
6801,1185
17745,1185
9348,1185
6286,1185
15117,1185
15997,1185
7347,1185
54,1185
14040,1185
12784,1185
8581,1185
3188,1185
2276,1185
13066,1185
223,1185
8281,1185
13752,1185
1551,1185
18759,1185
11188,1185
16522,1185
10417,1185
19077,892
12290,892
14846,892
4568,892
10904,892
16499,892
5778,892
20585,892
1072,892
6629,892
8940,892
10812,892
3443,892
15835,892
12082,1568
19997,1568
4581,1568
9499,1568
11888,1568
7588,1568
505,1568
3660,1568
6071,1568
16121,1568
11157,1005
20458,1005
1926,1005
5084,1005
5175,1005
12889,1005
7608,1005
15244,1005
8471,1005
7741,1005
19144,1005
10411,305
2394,305
167,305
6504,305
2391,305
7804,305
11278,305
6795,305
15448,857
8887,857
2399,857
13090,857
6843,857
17386,857
5036,857
17423,857
8544,857
12546,857
7961,857
4681,857
6941,857
15981,857
10383,857
16284,857
13423,857
2750,857
2117,857
6530,857
3832,857
11820,857
5589,857
6059,857
12691,857
11326,1043
11326,1746
7940,1043
7940,1746
2507,1490
2947,1490
20111,1490
11637,938
11637,399
8775,938
8775,399
8845,938
8845,399
18084,938
18084,399
12129,938
12129,399
20121,938
20121,399
9696,1389
9696,79
9696,498
9696,1642
9696,1367
9696,662
9696,724
9696,1461
9696,208
9696,271
8057,1389
8057,79
8057,498
8057,1642
8057,1367
8057,662
8057,724
8057,1461
8057,208
8057,271
1186,1389
1186,79
1186,498
1186,1642
1186,1367
1186,662
1186,724
1186,1461
1186,208
1186,271
3551,1389
3551,79
3551,498
3551,1642
3551,1367
3551,662
3551,724
3551,1461
3551,208
3551,271
349,1389
349,79
349,498
349,1642
349,1367
349,662
349,724
349,1461
349,208
349,271
18734,1389
18734,79
18734,498
18734,1642
18734,1367
18734,662
18734,724
18734,1461
18734,208
18734,271
2888,1389
2888,79
2888,498
2888,1642
2888,1367
2888,662
2888,724
2888,1461
2888,208
2888,271
8794,1389
8794,79
8794,498
8794,1642
8794,1367
8794,662
8794,724
8794,1461
8794,208
8794,271
6006,1389
6006,79
6006,498
6006,1642
6006,1367
6006,662
6006,724
6006,1461
6006,208
6006,271
19816,1389
19816,79
19816,498
19816,1642
19816,1367
19816,662
19816,724
19816,1461
19816,208
19816,271
6292,1389
6292,79
6292,498
6292,1642
6292,1367
6292,662
6292,724
6292,1461
6292,208
6292,271
20186,1357
9028,1674
5368,1674
20196,1674
9453,1674
4500,1674
5054,1674
9015,1674
15625,1674
12924,1674
10333,1674
13149,1674
5276,1674
835,1674
20611,1674
16027,134
1516,1553
6283,1553
9805,1553
19472,1553
17565,1553
12666,1553
19462,1553
16087,1553
4052,1553
5137,1553
11503,1553
7983,1553
9802,1553
12568,1553
3885,1553
11299,1553
15147,1553
4061,1553
5818,1553
18807,1553
11761,1553
5471,1553
4665,1553
19976,1553
1218,1553
20092,847
8872,847
14337,1071
5754,1071
5673,1071
2363,1071
11941,1071
5469,1071
8028,1071
14041,1071
9148,1071
9345,1071
5050,1071
7323,1071
15953,1071
6477,1071
17117,1071
19501,10
16994,10
8413,10
18622,10
7939,10
19777,10
5664,10
14360,10
5024,10
7759,10
14682,10
17714,10
8227,10
11771,10
11763,10
16633,10
16791,10
20343,10
15931,10
6877,1245
7322,1245
12372,831
10064,831
8071,831
18169,831
1362,831
2034,831
11602,831
14105,831
7502,831
16903,831
7454,831
12805,831
18118,831
8561,831
13426,831
19538,831
20385,397
7711,397
7488,397
1246,397
16581,397
7999,397
5177,397
4031,397
9775,397
13768,397
14543,397
4517,277
12006,277
1620,277
16648,277
8528,277
2253,277
18386,277
1241,277
9995,277
17130,277
7372,277
733,277
8604,277
2723,277
1931,277
7458,277
15210,277
14395,277
2097,277
15592,277
3688,277
4311,277
1247,277
3205,277
9442,277
16266,277
16971,277
12958,277
426,277
3423,277
1978,277
710,277
8113,277
6734,277
7719,277
17811,277
18828,277
11858,277
9594,277
12318,277
4378,277
3772,277
8513,277
13892,277
16860,277
19587,277
18920,277
9414,277
2171,277
16064,277
17076,277
2741,277
2662,277
10195,119
5651,119
18527,119
5100,119
8494,119
16823,119
6538,119
12989,119
17710,119
4278,119
12340,119
18501,119
4630,119
3985,119
38,119
15013,455
16565,455
9733,455
3680,455
5180,455
15066,455
1850,455
17393,455
13559,455
11528,455
9360,455
13664,173
19448,173
492,173
12676,173
12721,173
8533,173
2025,173
18405,173
12665,173
5592,173
11882,173
3298,173
11425,173
13779,173
20487,1148
12542,58
19962,58
13880,58
548,315
19780,315
9474,315
5426,315
13092,315
19979,315
5148,315
15662,315
6609,315
11653,315
8758,315
14603,315
17166,315
20084,1139
20252,734
19598,207
19197,207
8567,207
17846,207
13288,207
17067,207
1377,207
13060,207
17572,207
11620,207
6932,207
1773,207
1625,207
14713,207
18588,207
17613,207
7304,207
8401,207
15416,207
10059,207
1991,207
12863,207
3082,207
12993,207
16589,207
1558,207
5473,207
10288,207
16362,207
10431,207
13678,207
15112,1366
15112,224
2925,1366
2925,224
19110,1366
19110,224
16115,1366
16115,224
10869,1366
10869,224
5931,1366
5931,224
18737,1366
18737,224
12998,1366
12998,224
463,1366
463,224
7717,1366
7717,224
10212,1366
10212,224
5487,1366
5487,224
11375,1366
11375,224
20243,1366
20243,224
10092,1366
10092,224
10327,1366
10327,224
4971,859
4559,859
3286,859
17991,859
15435,859
4321,859
1852,859
15826,859
11571,859
2998,859
995,859
15599,619
19242,619
7774,619
10022,619
5786,619
10562,619
14915,813
19174,813
14244,813
3639,813
4448,813
4085,813
5039,813
2044,813
19494,813
14010,813
12388,813
10657,813
3025,813
4881,813
9001,813
3950,813
20590,813
9020,813
3173,813
10436,813
6870,813
3210,813
9701,813
15360,813
9361,813
11505,813
6309,813
12178,813
12714,1743
8523,1743
119,1743
13910,1743
4384,1743
6583,1743
11301,1743
3495,1743
16351,1743
11609,1743
1453,1743
16006,1743
1507,1743
12256,1743
14095,1743
11459,1743
20027,1743
6708,1743
5874,1743
1799,1743
1799,1565
20155,232
2765,232
12582,232
18678,232
9654,232
20362,1611
3362,1611
6406,1611
11971,1611
11754,1611
13363,1611
9683,1611
15450,1611
14530,1611
12813,1611
19685,1611
17296,1611
9663,796
10623,796
20228,796
825,796
14182,796
19714,796
19611,796
4985,796
5287,796
13742,796
6738,796
5697,796
6516,796
3613,796
14220,796
14699,1178
3837,1178
11950,1178
8011,1178
4253,1178
4083,1178
8817,1178
10887,1178
7325,1178
4850,1178
9630,1178
10593,1178
19502,139
5524,139
18866,139
16834,139
20148,139
20480,804
20480,152
20310,903
14,903
3218,1395
16192,1395
11799,1395
19820,1395
18265,1395
17585,1395
12832,1395
2490,1395
11117,1395
12971,1395
5119,1395
11331,1395
5212,1395
693,1395
4668,1395
3850,1395
1467,1395
13574,1395
10991,1395
16414,1395
3389,1395
14754,1395
15052,1395
6125,1395
9581,1395
18499,1234
11724,1234
13756,1234
2515,1234
9621,1234
6551,1234
1766,1234
19362,1234
12253,1234
18765,1234
16496,1234
228,1234
620,1234
7303,1234
14508,1234
17546,1234
20408,1234
9911,1234
16471,1234
1061,1234
9162,1234
5543,1234
10686,1234
3673,1234
3041,1234
4484,1234
13302,1234
12177,1234
2890,1234
1608,1234
13086,1234
9720,1234
4346,1234
16525,1234
6644,1234
3876,1234
11154,1234
272,1234
3736,1234
12650,1234
16239,1234
16818,1234
16481,1234
14717,1234
2315,1234
15630,1234
14053,1234
18686,1234
14032,1234
840,1234
3415,1234
9924,1234
7084,1234
5875,1234
8962,1234
3187,1234
1864,1234
16140,1234
16787,1234
11074,1234
6774,1234
17790,1234
2830,1234
15172,1234
2220,1234
10599,1234
2906,1234
1647,1234
6684,1234
756,1234
14496,1234
16526,1234
1594,1234
6154,1234
2897,1234
14665,1234
17699,1234
147,1234
10043,1234
366,1234
17260,1234
12926,1234
9762,1234
16530,1234
1428,1234
6490,1234
12111,1234
18059,1234
10234,1234
16290,1234
4970,1234
5928,1234
2146,1234
1364,1234
10632,1234
11028,1234
1037,1234
4772,1234
5847,1234
12713,1234
3998,1161
10425,1161
15938,1161
4822,1161
19326,1161
2064,1161
18504,1161
9747,1161
578,1161
15189,1161
19478,1161
6307,1161
13620,482
19340,482
17577,482
5381,482
10046,482
10797,482
5983,482
18130,482
1738,482
19812,482
12670,482
17281,482
5346,482
7473,482
16561,482
7871,482
2772,482
1522,482
10898,482
12399,482
951,482
4689,482
11622,509
636,509
13248,509
9228,509
1389,509
10978,509
4413,509
17195,509
11809,509
15775,509
2060,509
5934,1489
13307,1489
17183,1489
5959,1489
18773,1489
7846,1489
14774,1489
20072,1489
13438,1489
15500,1489
2460,1489
20038,440
10776,440
1719,440
18344,440
15374,440
10160,1265
14410,1265
20032,1265
9193,1372
8654,1372
19348,1372
19693,1372
4433,1372
12956,1372
20521,1372
506,1372
8823,1372
2558,1372
10824,1372
12859,1372
5973,1372
19986,539
19908,192
5268,192
5642,192
4457,192
9070,192
12672,192
2320,192
1212,192
5573,192
5093,192
10489,192
15686,192
2040,192
20171,192
12143,753
9750,753
12462,753
7821,753
325,753
19198,753
1063,753
16984,753
13193,753
20562,753
20288,415
15211,415
15287,415
298,415
20524,966
18599,966
49,966
9974,966
8673,966
8029,966
13857,966
10969,966
5980,966
6838,966
5416,966
14895,966
10381,966
290,966
9543,966
12393,966
15804,1781
2717,1781
9886,1781
3685,1781
17627,1781
9417,1781
11099,1781
2505,1781
14485,406
19434,406
17662,406
7974,406
17781,406
14350,406
19460,406
10256,406
1787,406
217,406
12238,406
1618,406
12449,406
5188,406
856,406
269,344
6157,344
16318,344
3605,344
9431,344
5871,344
7284,344
5453,344
19438,344
20075,797
16175,797
11788,797
5029,797
16538,797
19126,797
13584,797
17283,797
18532,797
5147,797
19129,797
20398,886
15879,472
14183,472
5274,472
19798,472
1815,472
10782,472
1388,472
6419,472
20158,472
6523,772
19770,772
11943,772
313,772
16431,772
17299,772
7911,772
16749,772
7143,772
5281,193
2225,193
9656,193
5873,193
9041,193
14068,193
6559,193
20369,193
13498,193
7046,193
8704,193
16665,193
676,1603
676,1398
18809,1603
18809,1398
9523,1603
9523,1398
14362,1603
14362,1398
6240,1603
6240,1398
127,1603
127,1398
11393,1603
11393,1398
9216,1603
9216,1398
11994,935
10190,935
8573,935
6885,935
13145,935
6329,935
16369,935
2080,935
9576,935
9294,935
1262,935
11734,1527
13781,1527
9178,1527
8668,1527
20239,1527
18505,1527
11122,1527
8369,1527
4010,503
6565,503
18510,503
15202,503
4637,503
4866,503
6068,503
949,503
20552,503
12788,503
9051,503
14328,503
8188,503
16467,503
1067,1762
13078,1762
16123,1762
270,1762
11194,1762
12846,1762
6837,1762
4803,1762
14310,1762
19740,1762
7560,1762
2703,1762
13897,264
20201,530
12627,1424
10453,1424
14701,1424
19520,1424
11928,1424
18444,1424
15377,1424
3637,1424
17535,1424
8348,1424
14566,1424
15615,126
1977,126
8119,126
7182,126
13490,949
4136,949
19073,949
16359,949
12103,949
7879,949
6638,949
1159,949
6593,949
4366,949
14598,949
18937,427
18937,444
18937,492
8187,427
8187,444
8187,492
15174,427
15174,444
15174,492
9563,444
9563,492
13437,427
13437,444
13437,492
14981,427
14981,444
14981,492
10961,444
10961,492
2914,427
2914,444
2914,492
3589,444
3589,492
11431,1179
11431,444
11431,492
7221,427
7221,444
7221,492
9306,427
9306,444
9306,492
5273,444
5273,492
4704,427
4704,444
4704,492
2014,427
2014,444
2014,492
8825,427
8825,444
8825,492
9316,427
9316,444
9316,492
20237,427
20237,444
20237,492
2435,427
2435,444
2435,492
16659,427
16659,444
16659,492
19971,427
19971,444
19971,492
14997,1350
20118,1350
13782,1741
18181,1741
3305,1741
16739,1741
19897,1741
8443,1741
17666,1741
11512,1741
2188,1741
17513,1741
14608,1741
17268,1741
17410,1741
11764,1741
17525,1741
4493,1741
6044,1741
18788,1741
890,1741
9232,1741
4093,1741
1915,1741
10490,1741
18683,1741
17094,1741
5358,1741
1838,1741
10749,1741
15004,1741
2782,1741
16906,1741
17038,1741
14016,1741
17797,1741
16907,1741
17426,1741
16224,1741
8394,1741
13272,1741
12977,1741
6532,1741
16057,1741
1390,1741
17007,1741
3883,1741
17534,1741
11727,1741
295,1741
20046,1741
15657,1741
1929,1741
2534,1741
12519,1741
20206,1476
17061,349
8035,349
7181,349
16841,349
14285,349
3902,349
5922,349
4368,349
5795,349
20516,1179
20516,549
8727,1179
8727,549
12535,1179
12535,549
8220,1179
8220,549
13182,1179
13182,549
15947,1179
15947,549
16575,1179
16575,549
1358,1179
1358,549
18533,1179
18533,549
16257,1179
16257,549
19864,1179
19864,549
16177,1179
16177,549
12480,1179
12480,549
16506,1179
16506,549
15939,1179
15939,549
11077,1179
11077,549
17737,1179
17737,549
19797,459
2028,459
7433,459
16612,459
16612,461
12984,459
5076,459
19204,459
16728,459
3079,459
17008,459
16114,459
5227,459
14960,459
1743,459
1743,461
14302,459
9506,459
17985,459
18144,459
18424,459
7115,459
13585,459
6147,459
10983,459
6662,459
10999,459
9312,459
18237,459
166,459
7379,459
16438,459
15331,459
19688,459
13855,459
18947,459
19181,459
16147,459
13129,459
4921,459
17939,459
1706,459
4902,459
20405,904
6097,904
7885,904
20416,1345
14268,1345
6988,1345
8969,1345
4886,1345
2747,17
13856,17
13928,17
16187,17
8469,17
19470,17
3556,1173
9151,1173
9564,1173
7052,1173
18772,1173
15845,1173
19223,1173
9482,1173
20540,1173
10001,1173
11167,1173
20238,1729
1808,1729
20209,1449
19508,1004
5775,1004
2856,1004
11790,1004
20441,1004
14155,1004
5903,1004
17531,1004
4472,1004
16760,1004
4359,1004
16702,1254
5998,1254
623,1254
8951,1254
17916,1254
11316,1254
7211,26
7493,26
16426,26
6020,26
8209,26
931,26
6336,26
6396,26
9734,26
11647,26
9655,26
2586,26
8069,26
8148,26
9807,26
11387,26
18903,26
4600,26
14814,26
17783,26
6524,1549
6524,1638
9386,1549
9386,1638
13369,1549
13369,1638
10907,1549
10907,1638
15887,1549
15887,1638
8854,1549
8854,1638
10578,1549
10578,1638
1454,1549
1454,1638
17223,1549
17223,1638
17439,1549
17439,1638
15193,1549
15193,1638
5179,1549
5179,1638
19481,1549
19481,1638
19156,1549
19156,1638
18565,1549
18565,1638
19759,1549
19759,1638
3106,1549
3106,1638
11741,1549
11741,1638
10536,1549
10536,1638
14954,1549
14954,1638
12100,1549
12100,1638
14642,1549
14642,1638
13199,1549
13199,1638
6719,1549
6719,1638
6577,1549
6577,1638
3973,1549
3973,1638
9677,1549
9677,1638
10397,1549
10397,1638
13019,1549
13019,1638
9830,1549
9830,1638
4646,1549
4646,1638
689,370
2833,370
20400,370
13325,370
18465,370
15099,370
7822,370
7807,370
5763,370
8660,370
12010,370
728,370
10967,370
9913,370
12358,370
2614,370
15304,370
2371,370
19256,1458
3061,1458
19844,1458
9970,1458
1819,1458
3275,1458
6759,1458
7006,1458
19427,1458
3890,1458
11159,1458
839,1458
13355,1458
3585,1458
17302,1458
11203,1458
2400,1458
15609,1458
4629,1458
12166,1458
4815,1458
16022,1458
6726,1458
15036,1458
18426,1458
7498,1458
3123,1458
6797,1458
15635,1458
6799,1458
12649,153
1346,153
4475,153
19982,153
1617,153
1478,153
2737,153
4797,153
17541,153
18638,153
13488,153
12371,153
3453,153
10193,153
13489,712
8127,712
20054,712
8427,712
6922,712
17364,712
13071,712
8678,712
14113,712
12622,712
17656,712
8932,199
11187,199
4191,199
13107,199
9501,199
5577,199
7650,199
2864,199
14588,199
3560,199
5546,199
20391,199
14697,199
10987,199
15533,199
20151,206
16766,1565
3983,706
20412,706
5675,706
18534,706
12176,706
7481,706
9943,706
970,706
7987,706
148,706
17149,1462
8302,1462
19921,1462
1126,1462
12834,1462
2375,1462
1273,1462
17927,1462
14934,1462
19974,1462
15507,1462
17739,1462
1059,1462
13882,1462
3213,1462
15470,1462
3848,1462
6095,1462
4809,1725
18188,1725
13987,16
5206,16
6397,16
13079,16
8912,16
19247,16
9189,16
11394,16
9798,16
10139,16
5478,16
17792,16
13873,16
10768,16
20550,1082
20387,32
10888,32
332,323
15587,323
7195,323
11478,323
20063,323
11768,323
2433,323
1595,323
1885,323
15942,323
6316,323
2761,323
19828,323
13409,323
17791,323
10114,323
7198,323
3472,323
9516,323
6064,323
15118,323
1420,323
10302,408
4430,408
19005,408
11601,408
9505,408
2630,408
301,408
19920,408
19457,408
20577,408
18811,408
5667,408
612,87
20276,87
2263,87
15910,87
2624,87
13430,87
2527,87
14628,87
17599,87
11115,87
15524,87
12428,87
12963,87
9223,87
11706,87
11681,87
17127,87
9404,87
3976,87
13028,87
16039,87
940,87
13811,87
7607,87
680,87
5812,87
7877,87
12647,87
8480,369
9219,369
16660,369
7475,369
20285,369
2873,369
14088,369
12068,369
12466,369
4436,369
13908,369
12726,5
11200,5
16497,5
292,5
2497,5
13596,5
2287,5
3359,5
20287,436
14746,436
18105,436
12443,436
5249,436
7843,436
7059,436
3775,436
321,436
19953,436
17134,657
5512,890
9419,890
1463,890
129,890
10433,890
9898,890
1306,890
18086,890
14491,890
8418,890
5217,890
6836,111
6836,1743
9161,111
9161,1743
18232,111
18232,1743
5386,111
5386,1743
12136,111
12136,1743
16724,111
16724,1743
6953,111
6953,1743
14575,111
14575,1743
17529,111
17529,1743
11089,111
11089,1743
3632,111
3632,1743
12815,111
12815,1743
17536,111
17536,1743
13759,111
13759,1743
1679,111
1679,1743
3063,111
3063,1743
2681,111
2681,1743
15928,111
15928,1743
9539,111
9539,1743
16784,111
16784,1743
3498,111
3498,1743
20095,111
20095,1743
10481,111
10481,1743
8522,111
8522,1743
7552,111
7552,1743
920,111
920,1743
2100,111
2100,1743
13442,111
13442,1743
3986,111
3986,1743
19496,111
19496,1743
15412,111
15412,1743
2357,111
2357,1743
608,111
608,1743
5615,111
5615,1743
17559,111
17559,1743
17924,111
17924,1743
12715,111
12715,1743
9260,111
9260,1743
1737,111
1737,1743
4065,111
4065,1743
15737,111
15737,1743
12181,111
12181,1743
14644,556
15637,556
20421,556
7357,556
1601,556
16238,556
5923,556
18300,556
3455,556
2272,556
6773,556
6454,556
16770,556
1298,556
14677,556
15752,1215
11191,1215
5668,1215
10577,1215
14338,1215
13173,1215
19762,1215
4963,1215
3674,1215
5888,1215
20486,1215
15658,1693
20407,1693
19154,1693
2168,1693
7696,1693
1080,843
20411,843
6000,974
20608,974
13321,974
7752,467
20431,467
7277,467
10740,467
216,467
3114,467
341,467
12939,467
18281,467
501,467
19041,467
10258,467
19292,467
1806,467
7386,467
9265,467
11725,467
7190,467
6246,467
5128,467
418,467
10667,1115
8609,1115
7161,1115
1599,1115
11058,1115
18503,1115
10544,1115
13146,1115
10823,1115
4071,1115
18919,1115
414,1115
395,1115
10271,1115
17086,1115
16929,668
16929,82
10444,668
10444,82
18630,668
18630,82
16361,668
16361,82
12979,668
12979,82
1294,668
1294,82
13094,668
13094,82
20248,668
20248,82
17180,668
17180,82
989,668
989,82
11902,668
11902,82
634,196
19704,196
11145,196
1753,196
9029,196
5365,196
19049,196
10242,196
17919,196
16997,196
19439,196
15084,196
7839,196
11639,196
11997,196
5421,196
19551,196
12957,196
2818,196
11334,196
10101,196
17923,196
6628,196
11492,196
8599,196
17659,196
12753,196
3598,196
10404,196
9389,196
14761,196
16858,196
9738,196
5972,196
9458,196
7689,196
14411,196
14324,196
8402,196
1672,196
6346,196
16995,196
16985,196
11901,196
13995,196
16640,196
11883,196
16679,196
10936,196
6489,196
8708,196
5063,196
18470,196
6580,196
9612,196
8923,196
10398,196
2826,196
10136,196
10221,196
12362,196
5832,196
5388,196
13255,196
5805,196
7127,196
12654,196
4247,196
14011,196
3267,196
13356,196
13774,196
5114,196
1136,196
10960,196
18133,196
12040,196
7967,196
8047,196
14211,196
9222,196
14304,196
5339,196
1988,196
13130,196
20320,1057
12464,542
6654,542
9351,542
14815,542
4688,542
17108,542
618,542
6434,542
6482,542
12229,542
806,542
3734,542
5648,542
1572,542
6023,542
1097,542
10440,542
15344,542
14808,542
20448,542
18522,542
4871,542
1779,542
18413,542
8996,542
587,542
11120,542
13955,542
5584,1328
5726,1328
4594,1328
479,1328
8690,1328
15801,1328
19333,1328
5941,1328
13777,1328
1811,1328
3428,1328
8246,1328
10208,474
20,474
14482,474
18721,474
2101,474
7225,474
10017,474
17147,474
9961,474
17664,474
12392,786
10066,786
18519,786
10332,786
2708,786
7658,786
1129,786
4373,786
16708,786
10294,786
5007,786
1148,786
2350,786
9123,786
749,786
9342,786
19444,786
19054,786
11315,786
2969,786
9716,786
14298,786
7235,786
2827,786
18959,786
10352,786
17997,786
7982,786
18867,786
10546,786
17881,786
5351,786
1372,786
14740,786
4394,786
15356,786
232,786
7140,786
15639,786
19590,786
19179,786
10745,786
17163,786
18110,786
4984,786
11787,786
279,786
14937,786
16041,786
20167,1313
5272,1313
9083,378
3072,378
5670,378
6894,378
12074,378
15546,378
13257,378
302,378
9107,378
10020,378
2068,378
4249,378
8434,378
2379,378
13261,378
1770,378
20450,378
2803,378
19592,378
15750,378
6051,70
12736,70
8769,70
17396,70
1108,70
8795,70
7426,70
16475,70
11384,70
12770,70
13097,70
11844,70
1471,70
3861,70
19240,70
4950,70
20526,881
9865,881
13468,881
1440,881
1451,881
15070,881
3946,881
10042,881
13346,881
8753,881
707,881
16126,881
12765,161
4882,161
20596,161
11629,161
9145,161
649,161
17116,161
18511,161
16895,161
19493,161
2609,161
9426,161
20558,161
11346,161
9967,161
3549,161
14986,485
2314,485
17639,485
5867,485
8089,485
12884,485
15315,485
1287,485
19314,485
1543,485
11863,485
19562,105
10814,515
10814,1749
6473,515
6473,1749
17581,505
20010,505
10228,505
19363,505
19717,505
9992,505
720,505
10620,505
12020,505
13938,505
11305,505
4037,505
20381,15
16432,15
20512,6
2432,6
17807,6
13626,6
7572,6
8489,6
17261,6
19011,6
3330,6
3975,6
9583,61
3911,885
20073,885
11327,885
86,885
9561,885
19614,885
15778,885
9578,885
12934,885
7853,885
8913,885
10519,28
9983,28
2698,28
12766,28
2037,853
12409,853
4000,853
16005,853
4286,853
14500,853
4250,853
5163,853
14935,853
20561,853
10561,853
20379,523
17102,523
18860,523
17663,523
5104,523
19329,523
11215,523
3521,523
1221,523
2221,523
9456,523
13134,523
2962,523
18282,523
7909,140
4991,140
4048,140
15205,140
1482,140
7177,140
9644,140
9055,140
11877,140
15251,140
15563,140
8466,140
18025,140
18550,140
572,140
4393,140
6972,140
8236,140
8728,140
2641,140
18455,140
8363,140
17288,140
16654,140
10107,140
20495,140
3531,140
10786,140
12422,140
12118,140
2870,140
10622,140
1785,140
717,140
10710,140
12433,140
14593,140
3720,140
9021,140
18792,140
6778,140
370,140
17215,140
17079,911
19715,911
1590,911
1216,911
19707,911
16982,911
12303,911
3172,911
7260,911
20097,911
15868,911
15071,911
3752,911
4082,911
7041,911
2232,911
15974,911
19280,911
16227,911
18690,911
17976,911
18674,911
19407,911
9880,911
6393,911
646,911
19579,911
16845,911
19923,911
4853,911
11690,911
17023,911
8873,911
3431,911
13696,911
16093,911
18423,911
6443,911
12523,911
1050,911
17432,911
7620,911
12320,911
19755,911
5866,911
18945,911
7785,911
1071,911
12543,911
10033,911
8025,911
10130,911
13207,911
13186,1237
7327,659
1827,659
13410,659
13270,659
12517,659
7194,659
6735,659
1325,659
12479,659
14526,659
10502,659
20116,659
12741,659
12960,659
18252,659
14434,659
19031,659
7528,1613
13361,1613
2893,1613
16294,1613
10608,1613
20370,1613
13127,1613
10560,1613
13208,1613
1223,1441
9768,1441
14800,1441
17016,1441
10903,1441
8423,1441
20568,1441
18040,1441
2756,317
11207,317
2975,317
19219,317
19750,317
11839,317
6996,317
14684,317
17689,1413
13406,1413
17601,1413
3204,1413
8182,1413
19471,1413
14881,1413
14140,1413
19725,1413
5558,1413
10485,1413
18545,1413
17397,355
20583,355
17394,355
8598,355
6204,355
17793,355
9710,355
11893,355
17404,355
15767,355
7712,355
19753,1564
19753,168
19753,637
2378,1564
2378,168
2378,637
12510,1564
12510,168
12510,637
12167,1564
12167,168
12167,637
19007,1564
19007,168
19007,637
10176,1564
10176,168
10176,637
14618,1564
14618,168
14618,637
674,1564
674,168
674,637
19072,1564
19072,168
19072,637
18289,1564
18289,168
18289,637
1350,1564
1350,168
1350,637
12683,878
6526,878
1188,878
6050,878
18125,878
12894,878
14727,878
12574,878
15201,878
845,878
4824,878
4117,878
12390,1269
20194,1269
18643,1269
14879,1269
9253,1269
8867,1269
3669,1269
7884,1269
5843,634
15050,634
9086,634
138,634
580,634
14931,634
79,634
14939,634
16311,634
17573,634
16964,1361
9498,1361
6076,1361
13528,1361
3028,1361
2163,1361
9608,1361
11793,1361
18990,1361
14399,1361
2098,725
17275,725
18829,725
6753,725
12851,725
19097,725
14200,725
19020,725
1968,725
12839,725
13645,725
6032,725
19040,1242
19040,504
1093,1242
1093,504
18346,1242
18346,504
15509,1242
15509,504
8508,64
17888,64
16125,64
16958,64
2437,64
14071,64
552,64
20132,64
7301,64
9937,64
14627,64
18767,64
18421,64
523,64
16200,64
18641,64
3212,64
11411,64
8848,64
15267,64
9845,64
4199,64
19325,64
6768,64
8605,64
17269,64
16462,64
5383,64
17698,64
8245,64
3409,1238
11523,1238
7470,1238
18010,1238
5961,1238
10119,1238
15591,1238
17188,1238
8356,1238
12342,1238
16053,1238
20430,1192
15266,1062
15266,1571
15266,348
15596,1062
15596,1571
15596,348
12693,1062
12693,1571
12693,348
16160,1517
16160,1571
16160,348
6257,1517
6257,1571
6257,348
6230,1517
6230,1571
6230,348
3693,1517
3693,1571
3693,348
15619,1571
15619,348
1075,1571
1075,348
6075,1571
6075,348
14181,1571
14181,348
16872,1571
16872,348
9144,1571
9144,348
12350,1571
12350,348
11678,1571
11678,348
9968,1571
9968,348
4660,1571
4660,348
2004,1571
2004,348
11268,1571
11268,348
7288,1571
7288,348
4678,1571
4678,348
7071,1571
7071,348
3482,1571
3482,348
18833,1571
18833,348
4192,1571
4192,348
4941,1571
4941,348
3574,1571
3574,348
18554,1571
18554,348
11281,1571
11281,348
9380,1571
9380,348
19217,1571
19217,348
206,1571
206,348
9310,1571
9310,348
9378,1571
9378,348
6409,1571
6409,348
13053,1571
13053,348
3117,1571
3117,348
3728,1571
3728,348
71,1571
71,348
18894,1571
18894,348
5632,1571
5632,348
9532,1571
9532,798
10799,1571
10799,798
20415,1220
3581,1220
12555,1220
4904,1220
3120,1220
17527,1063
3980,1063
12191,1063
8152,1063
4067,1063
19497,1063
13785,1063
16939,1063
7614,1063
7949,1063
13715,1063
17713,1063
6874,1063
2805,1063
10863,1063
20023,377
2237,377
19330,377
17678,377
594,377
7132,377
12646,377
1028,377
15864,377
2629,377
1840,377
6613,377
658,377
19440,377
7995,377
6347,377
8752,377
1190,377
5359,121
6398,121
9036,121
9782,121
15713,121
12843,121
10500,121
4909,121
12810,121
80,121
13835,121
16339,121
4076,3
18039,3
4923,3
20146,3
5509,3
3550,967
3608,967
11572,967
7299,967
16222,967
4973,967
2861,967
17987,967
11568,967
10323,536
20424,536
3653,536
2728,536
9079,536
7669,536
10510,536
18027,536
11703,536
14910,536
8569,536
3480,536
9823,536
18216,536
17442,652
2866,652
16164,652
13778,652
8308,652
16726,652
12585,652
10845,652
20352,652
11008,652
19975,89
7340,89
13888,89
14169,89
4710,89
3001,89
14353,89
15353,89
6112,89
16941,89
19811,89
16678,89
941,89
17660,89
1299,579
9518,579
17588,579
8576,579
19991,579
19852,579
143,579
10201,579
16953,579
15958,579
1384,579
11264,579
13192,579
18907,144
15956,144
1883,144
18890,144
2104,144
2899,144
11417,144
19284,144
10044,144
12333,144
11015,144
1825,1006
1825,1628
1825,624
9489,1006
9489,1628
9489,624
16716,1006
16716,1628
16716,624
9931,1006
9931,1628
9931,624
102,1006
102,1628
102,624
13942,1006
13942,1628
13942,624
10452,1006
10452,1628
10452,624
11674,1006
11674,1628
11674,624
5879,1006
5879,1628
5879,624
10126,1403
6741,1403
6509,1403
1755,1403
4469,1403
6494,1403
12824,1403
18779,1403
20504,1403
8219,1403
18755,667
15197,667
319,667
5625,667
13573,667
3132,667
3651,667
19336,667
6612,667
19576,667
8882,667
19000,667
19791,667
7092,667
10478,667
19992,667
20554,1719
11651,1719
12818,1719
18376,1719
11718,1719
9613,1719
16360,1719
10951,1719
17498,1719
8985,1719
20455,1719
20008,1622
18838,1622
2694,1622
15410,1622
405,1622
14656,1622
14656,1675
2656,1622
17843,1622
1798,1622
9048,1622
1508,1622
18217,1622
6427,1355
19961,695
5966,695
6993,695
1781,695
10197,695
6171,695
18028,695
3387,695
19910,1752
17992,1752
17802,1752
14023,1752
12049,1752
14423,1752
15087,1752
19390,1752
2302,1752
657,1180
20454,1180
6817,1180
13636,1180
11021,1180
5075,1180
6860,1180
6415,1483
5118,1483
4277,1483
15727,1483
15269,1483
1103,1483
9548,1483
8179,1483
16524,1483
19135,1483
14320,1483
12201,1483
19068,1483
20269,1483
883,1483
17193,1483
15141,1483
20102,933
9687,1470
20066,1470
18485,1470
19748,1470
8016,1470
19589,1470
5897,1470
15654,1470
8186,1470
16743,1470
19381,1470
12950,1470
11353,1470
17247,1470
11201,1470
19268,738
20296,738
18974,738
9127,738
1151,738
12173,738
8741,738
5241,738
8745,738
13467,738
7612,738
5155,738
18812,738
8149,738
3076,738
20026,738
5066,738
12791,1136
5683,981
877,981
13719,981
887,981
16124,981
13323,981
11379,981
15695,981
10055,981
7185,981
2096,981
20098,981
10567,981
4150,981
18570,970
18313,970
11775,970
17657,970
12790,970
121,970
8696,970
2816,970
12442,970
20059,970
11272,970
19566,970
15747,1769
7681,1769
1611,1769
4309,1769
4477,1769
3150,1769
15650,1769
6135,1769
2903,1769
15170,1769
6597,1769
10253,1769
9635,1769
20197,1779
11029,1779
16767,1779
12107,96
5643,96
16220,96
3699,96
20367,96
15517,96
7292,96
2746,96
3158,96
18627,585
14568,585
13833,585
15692,585
11364,585
9850,585
11957,585
3735,585
19705,585
20128,585
16478,585
12088,585
2853,585
10488,585
15977,585
16667,327
3348,327
20302,327
9617,327
5044,327
17028,327
7651,327
16826,327
16874,339
18345,339
16407,339
15723,339
14556,339
7586,339
2441,339
15081,339
15990,339
19786,339
908,339
557,339
13814,339
15611,1199
12696,1199
3493,1199
2740,1199
10948,1199
19064,1199
14611,1199
8780,1199
11440,1199
1751,1199
11246,788
17486,788
16935,788
4507,788
4706,788
18863,788
1181,788
20330,788
11544,788
8675,788
3055,788
17694,788
4956,788
13731,788
2516,1140
19970,1140
11834,1140
2267,1140
1424,1140
16097,1140
12662,1140
5151,1140
504,1140
13978,1140
2739,1140
11087,1140
7963,1308
903,1308
11287,1308
5901,1308
9494,1308
9053,1308
1764,1308
9011,1308
15927,1308
20029,1308
11471,811
11471,561
11471,798
6403,811
6403,561
6403,798
7257,811
7257,561
7257,798
13651,811
13651,561
13651,798
12283,811
12283,561
12283,798
8751,811
8751,561
8751,798
19092,811
19092,561
19092,798
9626,811
9626,561
9626,798
13477,811
13477,561
13477,798
4312,811
4312,561
4312,798
16586,811
16586,561
16586,798
16174,811
16174,561
16174,798
10312,811
10312,561
10312,798
5318,811
5318,561
5318,798
9183,811
9183,561
9183,798
10933,811
10933,561
10933,798
3424,811
3424,561
3424,798
1401,811
1401,561
1401,798
7938,811
7938,561
7938,798
5517,811
5517,561
5517,798
13619,811
13619,561
13619,798
14036,811
14036,561
14036,798
2913,811
2913,561
2913,798
2089,811
2089,561
2089,798
17287,811
17287,1367
17287,669
19186,811
19186,1367
19186,669
15101,811
15101,1367
15101,669
4854,811
4854,1367
4854,669
345,811
345,1367
345,669
10711,811
10711,1367
10711,669
1486,811
1486,1367
1486,669
443,811
443,1367
443,669
12692,811
12692,1367
12692,669
11804,811
11804,1367
11804,669
16574,811
16574,1367
16574,669
2509,811
2509,1367
2509,669
15091,811
15091,1367
15091,669
13163,811
13163,1367
13163,669
359,811
359,1367
359,669
19994,625
18320,625
16191,625
867,625
3984,625
2572,143
4617,143
17478,143
14945,143
11324,143
5338,143
7969,143
1303,143
2048,143
15833,143
9891,143
19296,143
7068,143
17467,143
20232,445
14785,587
9868,587
6040,587
18092,587
8002,587
16540,587
14080,587
7078,587
7927,587
16435,587
13178,587
19807,587
13131,587
9054,587
5353,587
19056,587
12996,587
8903,587
1985,587
3692,587
9156,587
15994,587
16801,587
15069,587
4687,587
16434,587
5091,587
9255,587
4434,587
15093,587
11679,587
17813,587
18198,587
20297,587
3967,587
3835,587
14319,587
15159,587
3856,587
5513,587
19351,587
12400,587
16344,587
18242,587
1813,587
11328,587
10542,587
5831,587
12553,587
4779,587
14368,587
8656,587
17408,587
11277,587
11091,587
10531,587
2191,587
4595,587
18865,587
13315,608
3271,608
16127,608
184,608
1057,608
7150,608
9269,608
18038,608
16059,608
13351,608
1283,608
14447,608
799,608
12944,608
1591,608
7051,608
13174,608
1363,608
19765,608
18950,608
5537,608
4697,608
293,608
2835,608
10548,608
12003,608
17604,608
18375,608
12312,608
10372,608
5547,608
12016,608
5231,608
9722,608
1582,608
18528,608
9600,608
7413,608
12348,608
12716,608
11611,608
9667,608
5842,608
10931,608
16429,608
2317,608
14696,608
12739,608
1281,608
17482,608
9755,1459
20426,1459
11545,1459
14563,945
20553,945
16682,945
848,945
432,945
16583,945
70,945
16099,945
17367,945
1776,945
4912,945
10013,945
4040,945
18667,945
15469,945
6178,945
7800,945
15032,945
7093,945
8170,945
5423,945
6268,945
5396,945
18342,945
2367,945
6951,945
2517,945
6990,945
15514,945
12114,1293
5869,1293
14938,1293
11624,1293
20336,1293
12498,1293
12426,1293
13411,1293
16653,1293
9131,1293
17871,1293
10677,1293
10413,1293
7090,1293
827,1293
10073,1293
7360,1293
2735,584
3798,584
11696,584
18662,584
13772,584
2368,584
11161,584
1468,584
8880,584
20602,584
4563,183
17035,954
17035,868
4361,954
4361,868
1754,954
1754,868
13045,954
13045,868
20510,954
20510,868
4317,954
4317,868
15549,954
15549,868
12243,954
12243,868
5317,954
5317,868
15126,954
11373,954
6511,954
6511,868
15908,806
3238,806
10619,806
716,806
20270,806
12299,806
12556,806
9092,806
10135,806
10110,806
15272,1201
4899,1201
1201,1201
19615,1201
63,1201
20378,1201
14941,1201
5347,1201
17469,1201
5770,1201
6466,1201
10505,1201
1095,1201
1810,1559
10635,1559
13317,1559
13874,1559
10396,1559
20143,1559
15127,1559
6687,1559
12397,1559
14102,1559
4486,1143
20483,1143
9625,1143
15427,1143
7991,1143
8265,1143
3721,1143
6605,1143
2277,1143
15148,1143
13088,1143
17690,1143
17578,1143
2988,850
16527,702
5769,702
19906,702
20543,702
8428,702
12763,702
18926,702
6937,702
9985,702
233,702
12009,702
6535,702
14366,702
2385,702
2806,702
8267,702
5026,702
17651,702
11642,702
19408,702
16098,702
11351,702
15253,702
2773,702
13761,702
18492,702
6667,702
20080,1249
15936,1053
17676,1053
2074,1053
2035,1053
437,1053
5531,1053
19838,1053
9470,1053
7289,1053
16208,1053
11233,1053
685,1053
6499,1053
18412,1053
18131,1053
9479,1053
13276,1053
13314,1335
13611,1335
4808,1335
2496,1335
18763,1335
5023,1335
12982,1335
12344,1335
18383,1335
8352,1335
20094,1335
6315,1335
8718,1335
12757,1335
4611,1335
982,1335
3233,1335
17428,1521
14861,1521
17598,1521
16963,1521
18524,1521
17968,1521
20185,722
1666,722
14017,722
2282,84
4651,84
1866,84
8375,84
16634,84
5788,84
16582,84
18187,84
19443,84
6645,84
17122,84
11263,1287
19428,1287
15431,1287
15119,1287
7827,1287
8750,1287
18137,1287
14264,481
14264,1287
6027,122
2755,122
13063,1260
10009,1260
19980,1260
3459,1260
6787,1260
1735,1260
14847,1260
8046,1260
12387,1260
10174,1260
19465,1260
4237,1260
6607,709
2661,351
10654,135
13320,135
14025,1054
12197,1054
16644,1054
10829,1054
6455,1054
11072,1054
18160,1054
12196,1054
20093,1054
357,1054
3171,279
2172,279
17284,279
3209,279
11722,279
772,279
153,279
11509,279
17806,279
20589,818
6525,818
1605,818
15191,818
4087,818
15777,818
14094,818
2292,818
4476,818
5087,818
3141,818
14481,818
8159,818
257,818
17389,818
9349,818
16102,818
11000,818
14443,1182
4525,1182
5566,1182
6002,1182
8255,1182
13312,1182
14246,1182
6031,1182
11805,1182
15169,1182
1903,1182
14818,1182
2412,1182
4816,1182
2244,1182
18784,1182
7867,1182
11229,1182
7786,1182
9511,1182
20574,1182
5437,1182
4827,1182
7431,281
996,1453
19091,1453
20022,1453
11352,1453
14330,1453
11372,1453
4190,1453
5982,1453
2900,1453
14352,1453
14286,1453
10614,1742
8153,1742
6337,1742
9050,1742
6658,1742
13525,1742
9019,1742
10872,1742
20488,1742
4485,1742
8829,1742
19608,1742
9332,1742
17975,1742
16337,1742
5341,1765
11634,1765
17487,1765
5817,1765
3533,1765
12419,1765
2513,1765
7799,1765
10605,1765
8578,744
12087,744
7556,744
14799,744
5194,744
13280,744
14688,744
17049,744
13749,744
13135,744
6177,744
8339,744
3552,744
5774,744
7154,744
12642,744
832,744
18562,744
13214,744
17414,744
16987,744
14130,744
2647,744
3333,744
9856,744
838,744
9771,744
12149,744
7531,744
6893,744
14831,744
18443,744
15534,744
10590,744
4444,744
4766,744
11996,744
10574,744
12723,799
4762,799
12268,799
9049,799
1056,799
4427,799
15392,799
19630,799
4954,799
2306,799
13830,799
3414,799
17575,799
16851,799
17371,799
842,799
379,799
20365,174
2701,746
14988,746
14726,746
10096,746
7328,746
9944,746
2508,746
7881,746
18212,746
12789,746
18323,746
13025,746
20199,746
9320,746
19814,746
5916,746
5861,746
9692,746
1319,746
860,746
1561,746
12802,746
14716,746
13943,1579
871,1579
7486,1579
6827,1579
20088,1579
7591,1579
1790,1579
17204,1579
20156,1579
13219,1579
14961,375
16144,375
4079,375
5090,375
16060,375
5230,375
225,375
9165,375
7887,375
6693,375
2473,375
2204,375
18909,375
4781,375
688,375
20061,375
7330,375
16891,375
265,375
1904,375
5969,375
11339,375
602,375
17754,375
16004,375
3930,375
19510,1179
19510,1218
5031,1179
5031,1218
16585,1179
16585,1218
15398,1179
15398,1218
2938,1179
2938,1218
5226,1179
5226,1218
2196,1179
2196,1218
8309,1179
8309,1218
898,1179
898,1218
3152,1179
3152,1218
1312,1179
1312,1218
15164,1179
15164,1218
4254,1179
4254,1218
6046,1179
6046,1218
17950,1179
17950,1218
20560,1179
20560,1218
7518,1179
7518,1218
1832,1179
1832,1218
14201,1179
14201,1218
919,1179
919,1218
14497,1179
14497,1218
5779,1179
5779,1218
15969,1179
15969,1218
19871,1179
19871,1218
18770,1179
18770,1218
15666,1179
15666,1218
14721,1179
14721,1218
9454,1179
9454,1218
12445,1179
12445,1218
16474,1179
16474,1218
9801,1179
9801,1218
6588,1179
6588,1218
1271,1179
1271,1218
16086,1179
16086,1218
18934,1179
18934,1218
8852,1179
8852,1218
15925,1179
15925,1218
15346,1179
15346,1218
19006,1179
19006,1218
17896,1179
17896,1218
50,1179
50,1218
1101,1179
1101,1218
19588,1179
19588,1218
11934,1179
11934,1218
7874,1179
7874,1218
565,1179
565,1218
17989,1179
17989,1218
18585,1179
18585,1218
9528,1179
9528,1218
2649,1179
2649,1218
13253,1179
13253,1218
17185,1179
17185,1218
10337,1179
10337,1218
12192,1179
12192,1218
859,1179
859,1218
1257,1179
1257,1218
12755,1179
12755,1218
7119,1179
7119,1218
7844,1179
7844,1218
15757,1179
15757,1218
19384,1179
19384,1218
17800,1179
17800,1218
9003,1179
9003,1218
13820,1179
13820,1218
9834,1179
9834,1218
843,1179
843,1218
20461,1179
20461,1218
19619,1179
19619,1218
2691,1179
2691,1218
2628,1179
2628,1218
9209,1179
9209,1218
7947,1179
7947,1218
11495,1179
11495,1218
11783,1179
11783,1218
5514,1179
5514,1218
12416,1179
12416,1218
8759,1179
8759,1218
13027,1179
13027,1218
2840,1179
2840,1218
3727,1179
3727,1218
17255,1179
17255,1218
6475,1179
6475,1218
9917,1179
9917,1218
17617,1179
17617,1218
6997,1179
6997,1218
2479,1179
2479,1218
14096,1179
14096,1218
5957,1179
5957,1218
15479,1179
15479,1218
1947,1179
1947,1218
12992,1179
12992,1218
9420,1179
9420,1218
3261,1179
3261,1218
3240,1179
3240,1218
12438,1179
12438,1218
2152,1179
2152,1218
9221,1038
20262,973
9120,402
2248,402
20078,402
1053,402
6248,782
2760,782
20366,782
17773,782
19540,782
2795,782
540,1704
20309,1704
18230,1704
4616,1704
6542,1704
7440,1704
12101,1704
14602,1704
18291,895
10899,895
4453,895
17484,895
14341,895
10758,895
8973,895
8550,895
12545,895
17131,895
4141,1685
2472,1685
4032,1159
846,1159
20592,1159
378,1159
9769,1159
5684,1159
7529,1159
8692,1159
7578,1159
8421,1159
1088,1159
16349,1159
5505,1537
5672,1537
798,1537
2334,1537
12241,1537
13316,1537
16546,1537
17435,1537
5863,1537
18955,1537
18126,1537
2851,1537
9619,1537
20157,1537
20292,1332
15029,811
11961,811
16619,811
1995,811
13515,427
4958,410
15402,410
7384,410
5481,410
1164,427
176,427
13015,427
4279,427
19631,427
12391,1669
9004,422
6611,422
20445,1109
8595,1109
15067,1109
20257,1109
17836,1109
15090,1109
16458,1109
8042,1109
6702,1109
4038,1109
13886,1109
18089,1109
6596,1109
1573,1109
19752,1109
1856,1109
4221,810
10698,810
10916,810
1768,810
15411,810
12954,810
12729,810
3244,810
1674,810
15642,810
5205,810
17192,250
9416,250
20113,250
7463,250
13061,250
12809,250
7280,250
14912,250
13198,250
16915,250
20357,1017
8740,1017
11110,1017
10318,1017
13937,1017
2883,1017
1980,1017
6261,1778
9059,1778
8079,1778
240,1778
18949,1778
7789,1778
5590,1778
13542,1778
1237,1778
955,1778
7622,1778
7417,1778
5344,1778
15787,1778
16457,1778
1587,1778
16536,1778
9833,1778
20210,1778
4289,1778
17373,1778
11849,1778
12566,1778
2264,1778
7834,1778
16491,1778
3237,1778
15810,1778
13223,1778
7562,1778
17920,129
20241,129
173,129
3711,129
2839,129
13601,129
20499,129
8067,129
10072,129
14344,129
18218,129
16145,129
12508,129
2065,129
14176,129
13867,129
11802,129
5595,129
11617,129
979,129
9712,129
19511,129
229,129
5892,129
1859,129
18142,129
14813,129
15076,129
7445,129
13177,129
7480,129
57,129
4501,129
10391,129
759,129
15557,129
2036,129
8321,129
5005,129
19788,129
9723,129
8815,129
7753,129
12552,129
1274,129
12830,129
17507,129
7329,129
9432,129
20139,1532
18551,1532
20429,489
16928,489
16501,1393
7344,1455
7378,1455
2029,1455
6918,1455
2493,1455
18236,1455
15722,1455
19103,1455
20129,1455
797,1455
7050,356
372,356
19941,356
1588,356
15631,356
5389,356
1091,356
13212,356
4548,356
5464,356
11857,356
10656,356
4220,356
12325,356
18537,356
14676,356
20234,356
9653,356
7164,356
12677,356
4700,356
4965,356
4362,356
3684,356
17653,356
15073,356
17424,356
17235,767
1096,767
2456,767
10361,767
1156,767
13927,767
3652,767
11310,767
4553,767
11038,767
15930,767
19745,767
16120,767
8688,767
19533,767
20447,767
16396,767
3378,767
11381,767
5275,1022
9515,217
9515,1022
20295,217
20295,1022
15794,217
15794,1022
545,217
545,1022
14203,1354
14203,217
14203,1022
7605,1354
7605,217
7605,1022
1580,1354
1580,217
1580,1022
6747,217
6747,1022
9202,1354
9202,217
9202,1022
1335,1354
1335,217
1335,1022
19286,217
19286,1022
2820,217
2820,1022
18294,1354
18294,217
18294,1022
18512,1354
18512,217
18512,1022
1275,1354
1275,217
1275,1022
11460,1354
11460,217
11460,1022
10088,1022
20549,997
19602,997
11296,997
2533,997
20573,1641
6352,1641
2915,1641
12664,1641
11487,50
2734,50
12653,50
316,50
11779,50
14433,50
7276,50
20286,1429
20286,1472
967,1429
3100,1429
3100,1472
18082,1429
18082,1472
7796,1429
7796,1472
876,1429
876,1472
19719,1429
19719,1472
12786,1429
12786,1472
18013,1429
18013,1472
4820,1429
4820,1472
2556,1429
2556,1472
15438,1429
15438,1472
5911,1429
5911,1472
3763,612
3763,686
1182,612
1182,686
4713,612
4713,686
2022,612
2022,686
9246,612
9246,686
20037,612
20037,686
12261,612
12261,686
2198,686
1013,612
1013,686
9531,612
9531,686
12188,612
12188,686
15065,612
15065,686
2295,612
2295,686
3995,612
3995,686
10257,427
10257,612
10257,686
18333,1668
11150,1668
2524,1668
20267,1668
11037,1668
7369,1668
141,1668
15109,1668
3137,1668
14116,1668
9097,1668
13112,1102
2250,1102
11649,1102
6793,1102
7043,1102
7429,1102
8623,1102
3290,1102
8844,1102
4649,1102
12779,1102
6158,1102
19425,1102
5402,1102
7404,1102
20507,1102
11330,1102
10091,1102
20103,1292
5311,1292
8774,1292
19946,1292
5653,1292
8390,1292
597,1292
2448,1292
8591,1292
17252,1292
9634,1292
14450,1292
19338,1292
862,1292
14054,1292
13536,1292
1245,1292
10897,1292
110,1292
1042,1292
19265,35
19265,1469
19232,35
19232,1469
14820,35
14820,1469
19972,35
19972,1469
12972,979
12931,979
8965,979
4723,979
7538,979
20598,979
12277,979
2353,979
4471,479
14052,479
19993,479
3421,479
4035,479
14225,479
12588,479
12559,479
3307,479
3377,479
18897,479
6570,479
4473,1768
9571,1768
3515,1768
18568,1768
18351,1768
7234,1768
15185,1768
9381,1768
13519,1768
19469,1768
12447,1768
14889,1768
13075,1768
20138,130
15298,130
9302,1197
19824,1197
15167,1197
9520,1197
5327,1197
16304,1197
20351,1197
12138,1197
5742,1197
7073,1197
14750,1197
10801,1197
1332,1197
17818,1197
9504,1197
19412,1197
11354,278
741,278
4348,278
6503,278
4631,278
17623,278
3553,278
17779,278
13101,278
20052,278
3739,278
2126,278
18675,278
5964,278
16264,278
16205,1066
12690,1066
7010,1066
4447,1066
6276,1066
19903,1066
20360,1066
5270,1066
16505,1066
11702,1066
308,1066
8041,1066
19373,1066
17609,1066
3320,1347
18288,1347
9484,1347
8566,1347
1563,1347
16085,1347
20255,1347
1115,1347
19455,1347
6986,1694
6986,1311
20152,1694
20152,1311
15663,1694
15663,1311
16194,1694
16194,1311
7145,1694
7145,1311
15607,1694
15607,1311
19433,1694
19433,1311
16968,1694
16968,1311
5503,1694
5503,1311
2738,1694
2738,1311
403,1694
403,1311
19233,1694
19233,1311
1207,1694
1207,1311
15037,1694
15037,1311
16031,1694
16031,1311
4663,1694
4663,1311
4708,1694
4708,1311
4905,1694
4905,1311
428,1694
428,1311
2280,1694
2280,1311
2748,1694
2748,1311
19374,1694
19374,1311
8459,1099
20182,1099
3716,1099
18631,1099
14528,1099
12248,1099
8615,1099
13688,1099
4301,1099
10498,1099
12134,1099
3095,1099
19575,1565
17078,1565
19987,1565
10099,1565
248,1565
1873,1565
18963,1565
5762,1565
1413,1565
4300,525
4300,1166
642,525
642,1166
11274,525
11274,1166
19477,525
19477,1166
3175,525
3175,1166
7368,525
7368,1166
8102,525
8102,1166
5336,525
5336,1166
6595,525
6595,1166
18559,525
18559,1166
1320,525
1320,1166
6555,525
6555,1166
10495,525
10495,1166
16870,525
16870,1166
4326,525
4326,1166
579,525
579,1166
4133,525
4133,1166
7163,525
7163,1166
9607,525
9607,1166
7512,525
7512,1166
20133,1175
15406,1175
18566,1175
2033,1175
2531,545
20437,545
18007,545
3040,545
12524,545
7863,545
15396,545
2518,545
12472,545
8328,545
11314,1019
19411,1019
13402,1019
2841,1019
4008,1019
4381,1019
11413,1019
12208,1019
20174,1019
10108,1019
14932,1019
6819,1019
8800,1635
12022,1635
16122,1635
4180,1635
17752,1635
8059,1635
132,1635
11825,1635
18211,1635
12819,1635
20443,1767
929,1202
10719,1202
20403,1202
6925,1202
12521,1202
13850,1202
9457,1202
4691,866
2296,866
5511,866
7362,866
9387,866
19192,866
10594,866
6769,866
4940,866
375,866
5906,866
6161,866
16738,866
11433,866
8884,866
5002,866
14339,866
3161,866
4893,866
16664,866
8387,672
19109,672
5820,672
14710,672
16737,672
20342,672
15254,672
2415,672
15368,672
637,672
13784,672
13887,672
15426,1113
15426,1687
14507,1113
14507,1687
10707,1113
10707,1687
4947,1113
4947,1687
10682,1113
10682,1687
3181,1113
3181,1687
14741,1113
14741,1687
1830,1113
1830,1687
8435,1113
8435,1687
3033,1113
3033,1687
8056,1113
8056,1687
8317,1113
8317,1687
15763,1204
7773,1204
19397,1204
7667,1204
8351,1204
4711,1204
17879,1204
3795,1204
9945,1204
8889,1204
17795,1204
15383,1204
20229,648
2863,223
12440,223
7001,223
1835,223
15215,223
15213,223
14694,223
14655,223
5876,223
2860,223
14383,223
5239,223
14396,1294
9258,1294
17675,1294
8391,1294
795,1294
7133,1294
10426,1294
18859,1294
17504,1294
13852,1294
3714,1294
13068,1250
5495,1250
4961,1250
14849,1250
17492,1250
14660,1250
10974,1250
13215,1250
19969,1250
4834,1250
8657,1764
20169,340
830,486
18969,486
577,486
8414,486
84,486
19521,486
15466,486
20024,486
13378,486
1703,486
15617,486
14045,36
16171,36
1750,36
20115,36
4376,36
11939,36
2059,36
13950,36
18830,36
17303,36
8232,36
19741,36
4897,36
13188,36
252,36
10956,36
7243,36
8487,404
5760,404
1741,404
8112,404
17495,404
12284,404
16657,404
18655,404
17702,404
15830,404
12528,404
2137,404
1142,404
20339,912
12829,870
15149,870
686,870
20335,870
7633,870
6813,870
6052,870
6695,870
16955,691
18349,691
12414,691
13704,691
17635,691
13233,691
8909,691
8464,691
6168,691
15840,691
20566,691
14679,691
2242,691
18250,691
2918,691
19767,691
3576,1065
20213,1065
19943,1065
3078,1065
487,1065
6980,1065
19581,1065
10759,1065
12015,1065
19771,1065
7904,1065
15664,1065
3654,1065
19360,1065
11248,1065
3828,1065
14448,1065
18434,1065
15437,1065
13436,1065
7336,1065
7660,1065
20079,37
20079,905
20389,1555
6470,1555
15461,1555
17839,1555
17921,1555
6678,1555
9159,1555
2798,1555
2144,1555
2540,1555
18653,1555
2538,383
18560,383
4186,383
20471,383
7021,383
14266,383
13812,383
10703,383
7183,383
6944,383
17181,383
14554,383
13614,231
3542,231
8843,231
20279,231
14851,231
11457,231
13365,231
16016,66
10241,66
15256,66
4034,66
12502,66
20183,66
19175,66
2372,66
9595,66
6429,66
19476,66
5411,66
1596,66
13201,66
9704,66
737,526
14736,526
6640,526
2732,526
7579,526
18837,526
7894,526
7898,526
6731,526
20517,526
17391,526
3281,526
15110,1243
15173,1243
18225,1243
16084,1243
20219,1243
19170,1243
10716,1243
3092,1243
17776,1243
9804,1243
11403,1243
8570,1243
19143,1243
5624,1681
14014,1681
20011,1681
19026,1681
11638,314
13971,314
3016,314
16373,314
4298,314
3665,314
11959,314
4023,314
9829,314
350,314
13657,314
2720,605
13121,605
19565,605
7226,605
6600,605
6794,605
10586,605
16062,605
2898,605
17549,605
11084,605
9507,605
3329,605
10125,605
18456,605
6379,605
7180,605
20019,1300
20053,984
4411,984
17872,984
3166,984
6653,984
14803,984
6251,984
10826,984
791,984
18240,984
5712,984
2648,984
7270,984
10964,984
14189,568
9285,568
13006,568
249,568
10998,568
20329,568
20501,1381
20501,697
17237,319
17237,840
17237,747
1550,1464
1550,319
1550,840
1550,747
12561,1464
12561,1060
12561,840
12561,747
5764,1464
5764,1060
5764,621
5764,840
5764,747
16201,1464
16201,319
16201,840
16201,747
2343,1464
2343,621
2343,840
2343,747
10827,1464
10827,319
10827,840
10827,747
7419,1464
7419,621
7419,840
7419,747
15955,1464
15955,46
15955,840
15955,747
12783,1464
12783,319
12783,840
12783,747
16196,1464
16196,1382
16196,840
16196,747
1253,1464
1253,621
1253,1382
1253,319
1253,840
1253,747
9954,1464
9954,46
9954,840
9954,747
9606,1464
9606,319
9606,840
9606,747
9575,319
9575,840
9575,747
13508,668
13508,388
13508,1012
13508,1221
12085,668
12085,388
12085,1012
12085,1221
15440,668
15440,388
15440,1012
15440,1221
12881,668
12881,388
12881,1012
12881,1221
20371,668
20371,388
20371,1012
20371,1221
5924,668
5924,388
5924,1012
5924,1221
8918,668
8918,388
8918,1012
8918,1221
3192,668
3192,388
3192,1012
3192,1221
16966,668
16966,388
16966,1012
16966,1221
10681,668
10681,388
10681,1012
10681,1221
19045,668
19045,388
19045,1012
19045,1221
2122,668
2122,388
2122,1012
2122,1221
17620,668
17620,388
17620,1012
17620,1221
11130,668
11130,388
11130,1012
11130,1221
4823,668
4823,388
4823,1012
4823,1221
20222,67
8514,67
11661,1433
3295,1433
9398,1433
15031,1433
15114,1433
1396,1433
3394,1433
15022,1433
20432,1433
2468,1433
338,1433
13741,1433
1634,1436
11803,1436
2611,1436
684,1436
1462,1436
17956,1436
7402,1436
9264,1436
15624,1436
1652,1436
14758,1436
6306,1436
15532,1436
7805,1436
10851,1436
19716,1436
9224,1436
8540,1436
13138,1436
6167,1436
11082,1436
465,1001
1545,1001
16904,1001
12130,1001
17964,1001
8804,1001
11217,1001
18946,1001
4538,1001
5120,1001
6546,1001
6647,1001
16830,1001
6073,986
20266,986
12903,986
14708,1663
13504,1663
935,1663
6101,1663
2149,1663
2523,1663
8357,1663
4130,1663
20018,1663
347,1663
4509,1663
1366,1663
8032,1663
16332,1663
20556,1162
11065,1162
10124,1162
2804,1723
6784,1723
4338,1723
20106,1723
10402,1723
7627,1723
4787,1723
13420,1723
7483,1723
4528,1723
11829,1723
12062,1723
10685,1280
8144,1280
19161,1280
9410,1280
18960,1280
11973,1280
16639,1280
20217,1280
2285,1280
15789,1280
3402,654
20588,654
9853,160
2175,160
1461,160
19370,160
9295,160
16338,160
13388,160
3527,160
13507,160
18672,160
14145,160
3368,160
4880,160
4440,160
8713,160
12180,1248
6124,1248
1175,1248
18571,1248
13200,1248
11273,1248
7469,1248
19089,1248
708,1248
19131,1534
6985,126
10778,126
19075,644
4727,644
20283,644
9689,72
3380,72
7166,72
5490,72
13502,72
10847,72
7456,72
19977,72
8330,72
6026,72
12337,72
13389,72
16925,72
974,72
480,72
15684,1191
12969,1191
20235,1191
2234,1191
58,1191
4951,1191
19549,1191
13379,1191
2670,1191
18163,1191
2284,1191
10161,1339
16277,1339
6317,1339
11879,1339
4750,1339
15673,1339
3194,1339
13676,1339
16607,1339
6782,1339
7876,1339
4371,1339
11371,1339
18394,1339
19626,1198
3924,1198
18498,1198
11497,1198
10912,1198
9610,1198
1155,1198
3912,1198
6010,1198
19569,1198
15439,1198
20404,1198
2562,1198
18858,1198
635,601
5253,601
15302,601
12631,601
9981,601
417,601
11483,601
6716,601
2182,601
13936,601
4579,601
16803,601
377,601
20525,720
15365,1588
20383,1588
3353,1588
19513,1775
77,1775
20015,1775
10029,1775
16886,1775
1031,1775
10012,1775
2349,1775
17197,1775
12876,1775
10918,1775
10028,353
12133,353
3648,353
8269,353
13904,353
3186,353
10688,353
20069,353
19808,353
13846,353
11173,353
20340,88
19924,88
13384,88
11745,88
7664,88
11249,88
4741,88
3315,88
12744,88
10408,88
4055,88
8117,88
3091,352
1650,352
13456,352
13416,352
19099,352
16771,352
1177,352
18781,352
14983,352
4845,352
18268,352
8473,352
9336,1117
6481,1117
239,1117
10842,1117
528,1117
4758,1117
2271,1117
422,1117
16795,1117
13506,1117
14271,1117
5737,1117
10659,1117
15342,1117
10836,1117
4401,1117
5121,1117
1470,1117
4622,1117
18315,1117
19082,1117
13074,1117
13074,1317
15714,1117
13863,1117
13795,1117
18941,1117
10345,1117
2348,1117
5607,1610
17733,1610
20021,1610
17500,1610
12651,668
12651,487
4535,668
4535,487
3662,668
3662,487
15305,668
15305,487
9685,668
9685,487
3833,668
3833,487
7818,668
7818,487
9599,668
9599,487
11195,668
11195,487
20161,668
20161,487
178,668
178,487
6362,668
6362,487
9445,668
9445,487
9175,668
9175,487
15899,668
15899,487
14734,668
14734,487
19267,668
19267,487
3073,668
3073,487
5415,668
5415,487
14918,668
14918,487
9609,668
9609,487
15146,668
15146,487
322,668
322,487
12679,1068
18824,1068
19542,1068
13521,1068
17827,1068
12246,1068
4245,1068
19616,1068
9938,1068
6128,1068
9451,1068
5277,1068
10891,992
18464,992
4655,992
9227,992
9238,992
20414,992
213,1563
8846,1563
4114,1563
20324,1563
7790,1563
19029,1563
4572,1563
20579,680
20376,528
18472,528
16902,528
11317,528
15306,528
11129,528
14259,528
16179,528
12514,535
20261,535
9371,535
9350,535
1722,535
12910,535
10045,535
13640,377
19014,377
828,941
9858,941
20599,941
2680,941
2475,941
12370,941
12493,941
10249,941
7077,941
12632,941
4566,631
11999,631
17748,631
20273,631
12061,631
19949,631
6646,631
15924,631
18180,631
10769,631
19973,83
9847,83
13841,83
20444,44
19147,44
13837,44
13604,44
17213,44
2571,44
6190,44
13717,44
11073,44
18381,1157
18381,794
18381,660
19283,1157
19283,794
19283,660
16453,1157
16453,794
16453,660
8564,943
10376,943
20271,943
11013,943
14381,770
18681,770
15796,770
1942,770
20205,770
16101,770
13485,770
3392,770
20494,1135
1812,420
9623,420
5746,420
11189,420
6809,420
9679,420
15299,420
14185,420
6514,420
6086,420
8879,200
19842,200
5060,200
11472,200
13108,200
2005,200
13169,200
11665,200
1716,200
18311,200
19354,200
3830,200
5463,200
12153,200
10347,200
20145,200
10382,200
12935,200
7468,200
16898,200
16341,200
2726,200
7597,200
10970,200
1475,200
19563,200
3208,200
556,200
423,200
16054,200
12065,124
17368,124
3050,124
20363,124
15571,124
18668,124
11684,124
9247,1660
1173,1660
15171,1660
948,1660
9754,1660
18881,1660
10882,1660
8450,1660
13658,1660
20347,1660
16762,1660
5218,1660
6675,1660
7645,245
7444,245
5715,245
20275,245
3765,245
7640,245
17246,245
16672,245
1118,245
11758,245
12104,245
13924,245
10606,245
20060,1302
14389,1302
10086,1302
16701,194
19613,194
14172,194
18656,194
13327,194
8714,194
19573,194
656,194
20419,194
11378,194
20334,635
5522,635
8145,635
12169,635
2684,635
11019,635
16055,635
17450,635
4619,676
7202,676
15442,676
7737,1327
7353,1327
6170,1327
16152,1327
7176,1327
6840,1327
16033,1327
18676,1327
5977,1327
701,1327
11563,1327
18235,1327
3645,1327
3645,1612
19739,1327
19739,1612
18714,1327
18714,1612
13948,1327
13948,1612
4365,1327
4365,1612
238,1327
15604,1327
16992,1327
4801,1327
8888,1327
296,1327
14024,1327
8826,1327
11086,1327
595,1327
16139,1327
6987,1327
15336,1327
8312,1327
8312,1612
4422,1327
17648,1327
11599,255
11599,1327
11599,1612
4830,1327
20230,287
14540,1612
5224,1612
8967,661
18366,661
13979,661
18650,929
20220,929
3466,929
8574,929
3104,929
4405,929
4102,929
5165,929
13537,929
2921,929
11182,1330
7914,1330
18173,1330
16393,1330
8476,1330
20149,1330
10731,1491
16991,1356
3086,1549
20299,1717
3862,602
8386,602
11977,602
2452,602
15556,602
7554,602
6191,602
14651,602
17851,602
262,602
13326,602
8789,602
17453,602
1083,602
12619,602
12548,602
17641,602
433,602
19535,602
16037,602
16348,602
1382,602
1427,602
9113,602
19532,602
6682,602
10966,602
10067,602
5015,602
314,602
3112,602
3032,602
8475,602
15459,602
6392,602
13044,1268
14857,751
5443,296
6534,296
10639,296
8651,296
16488,296
16781,296
2935,296
10447,296
4339,296
851,296
10741,296
2492,296
20597,993
20597,959
9549,626
15390,626
13553,626
14284,626
2953,626
12310,626
20539,626
12431,626
18711,626
11450,626
9367,626
14452,626
669,626
10311,626
17221,626
18636,626
18782,626
13098,626
6971,626
11751,626
17763,626
4724,626
1614,626
10117,626
11861,1078
18637,1078
6070,1078
4263,1078
18101,1078
15512,1078
11376,1078
12305,1078
1635,1078
9569,1078
13821,1078
7536,1078
1293,1078
18823,1078
8118,1078
7233,1078
20527,1378
17542,1378
17590,1378
4266,1378
14027,915
20485,915
9731,915
5186,915
10422,915
10262,915
16712,915
9297,915
1357,915
20359,1170
3258,1170
11113,1170
12380,1170
17119,1170
17327,1170
6295,1170
19669,1170
17556,1549
18648,1549
18882,1549
13548,1549
4955,1549
13608,1356
19234,1549
2892,1549
8091,1549
1510,1549
6891,1549
15088,1549
3193,1707
8565,1707
20321,1707
865,1707
7359,1707
9942,1707
5533,1707
2584,1707
14044,1707
9478,1707
17930,1707
14729,610
7777,610
7062,610
20091,610
13566,610
18835,610
82,610
7826,610
6862,610
858,679
13139,679
16197,679
13999,679
1973,679
20058,679
1272,679
17172,679
12226,679
9486,679
3070,679
19863,679
9603,679
13654,679
959,737
17070,737
16330,737
18642,737
16374,737
20172,737
18906,737
4571,737
6233,737
19999,737
20166,1425
20166,1156
15726,1425
15726,1156
15980,1425
15980,1156
13476,1425
13476,1156
6344,1425
6344,1156
2767,1425
2767,1156
14614,1425
14614,1156
17621,1425
17621,1156
6021,1425
6021,1156
8857,1706
15741,1706
2581,1706
20016,1706
9133,1706
17458,1706
10889,1706
12164,1706
12147,1706
18129,1706
16529,102
12357,102
14685,102
6121,102
17753,102
2268,102
11056,102
2730,102
7893,102
13284,102
15265,102
5688,102
17995,102
17587,102
18182,102
10309,102
10926,102
1521,102
13743,102
7968,102
15790,102
4658,102
8180,102
18596,1027
6897,1027
7255,1027
20316,1027
19400,1027
2569,1027
13377,1027
18062,1027
11076,1720
5172,1720
19558,1720
18156,1720
16717,1720
8702,1720
3360,1720
16306,1720
11468,1720
13740,1720
17343,754
6740,754
943,754
17914,754
20473,754
10975,754
19250,754
15669,754
2114,754
12252,754
11479,754
2402,668
2402,1342
2402,1640
20044,668
20044,1342
20044,1640
7980,668
7980,1342
7980,1640
10837,668
10837,1342
10837,1640
6318,668
6318,1342
6318,1640
13893,668
13893,1342
13893,1640
1993,668
1993,1342
1993,1640
10582,668
10582,1342
10582,1640
3436,668
3436,1342
3436,1640
12331,668
12331,1342
12331,1640
17829,668
17829,1342
17829,1640
4840,668
4840,1342
4840,1640
3823,668
3823,1342
3823,1640
17333,668
17333,1342
17333,1640
16116,668
16116,1342
16116,1640
7320,668
7320,1342
7320,1640
8242,668
8242,1342
8242,1640
2697,410
1523,627
7023,1062
8064,1062
8064,473
11231,1534
18361,1534
18260,1534
20247,1534
4944,1534
15656,1534
4004,1534
12224,1534
653,1534
4213,1534
11514,1534
16365,1534
3640,1534
18972,1534
20144,1227
3675,1506
20293,1506
12537,1506
16543,1506
19100,1506
6153,1506
15572,1506
15680,1506
11083,1506
15729,1506
16211,1506
8493,1506
17938,1506
6864,1506
20246,944
8665,944
10532,944
1260,944
8023,944
4081,944
12681,944
15748,944
18518,944
19168,944
14438,944
19214,944
18992,944
3615,944
12505,944
3572,270
10355,270
923,270
5738,270
2316,270
4157,270
17313,270
14731,270
6975,270
46,270
2289,270
4540,270
4747,270
3740,270
15456,270
14751,270
16449,270
4931,270
19836,270
14896,270
8755,270
16516,270
18440,270
7992,270
13392,270
6105,270
4226,270
2405,270
9921,270
15537,270
8958,270
11250,270
8821,270
4075,270
19319,270
5647,270
15966,270
15011,270
16009,270
13172,270
11625,270
13091,270
8947,270
9840,270
8426,270
1194,68
3506,68
9014,68
19544,68
4980,68
13510,68
14515,68
7537,68
3143,68
17030,68
19285,68
11933,68
15493,1092
1941,1092
2633,1092
4328,1092
2173,1092
394,1092
8620,1092
5939,1092
15968,1092
330,1092
641,1092
11151,1092
7269,1092
19769,1092
13975,1092
19900,1092
2136,1196
12113,1196
20140,1196
12394,1196
17125,1196
1604,1196
5457,1196
336,1196
17765,1196
2328,1196
15795,1196
10089,1196
5950,1196
1895,1196
16918,1196
12602,1196
16209,1196
13492,1196
9761,1196
12883,1196
9633,1196
12891,1196
17443,1196
15325,1196
10232,1196
13358,1196
19087,1196
14240,1196
11153,1196
8790,1196
11565,1196
16813,1196
13613,1196
18993,1196
16873,1196
5912,1196
721,1196
10704,1196
5985,1196
4987,1196
13848,1196
16069,1196
62,1196
2083,1196
10039,1196
6686,1196
20466,1196
4235,1196
11705,1196
13934,1196
6332,1196
3183,1196
14248,1196
6264,1196
10246,1196
12836,1196
3996,1196
12626,1196
2895,1196
4058,1196
8208,1196
9512,1196
11186,1196
7085,1196
499,1196
7757,1196
4,1196
5134,1196
12592,1196
16366,1196
5882,1196
6484,1196
18460,1196
17636,1196
8684,1196
8492,1196
7416,1196
12905,1196
19386,1196
4483,1196
18999,1196
17899,1196
11066,1491
15878,1491
13718,1491
5432,1491
4390,1491
16176,1491
4632,1491
7045,1491
2926,1491
11307,1491
1792,1491
3147,1491
5685,1491
385,1491
11891,47
6181,47
20538,47
19299,47
13600,47
1150,47
11046,47
6468,47
1863,47
11918,47
7882,47
20202,442
10162,442
15499,442
20101,91
15588,91
16537,91
3153,91
9779,91
11137,91
5215,91
6549,91
15355,91
6172,91
13180,91
10095,91
6130,1127
14376,1127
6775,1127
6145,1127
18794,1127
19133,1127
2550,1127
16674,1127
17533,1127
8014,1127
19160,1127
17174,1127
9822,1127
16135,1127
7218,1127
11035,1127
15092,1127
19539,1127
11818,1127
2644,1127
10098,1127
14624,1127
5765,1210
5765,1385
12263,1210
12263,1385
14534,1210
14534,1385
16013,1210
16013,1385
20548,1210
11841,1592
14042,1592
10403,1592
1439,1592
11650,1592
2090,1592
1553,1592
13457,1592
16029,1592
16404,1592
4288,1592
13113,1592
875,1592
18600,1592
19101,1592
20193,1037
2501,1037
7193,1037
9885,126
8529,126
5638,1725
20040,1236
13595,204
13595,805
13595,107
13176,204
13176,107
13176,805
415,204
415,805
415,107
18321,204
18321,107
18321,805
26,204
26,805
26,107
14498,204
14498,805
14498,107
9032,204
9032,805
9032,107
16980,204
16980,805
16980,107
7517,204
7517,805
7517,107
7913,204
7913,805
7913,107
226,204
226,805
226,107
13461,204
13461,805
13461,107
13984,204
13984,805
13984,107
4152,204
4152,805
4152,107
12272,204
12272,805
12272,107
18379,204
18379,805
18379,107
13959,204
13959,805
13959,107
20457,204
20457,107
20457,805
3068,204
3068,805
3068,107
14641,204
14641,107
14641,805
4731,204
4731,805
4731,107
16822,204
16822,805
16822,107
5549,821
7080,821
5081,821
6751,821
5378,821
19080,821
9883,821
11136,821
18008,821
9077,821
3254,821
11047,821
9629,821
1270,821
10520,821
9669,821
12139,821
16559,821
8451,821
76,821
20294,821
18991,821
11469,821
9674,821
17208,821
20578,43
17704,43
7106,43
7286,43
3105,43
210,668
3096,1179
3096,487
19410,255
1829,1179
17570,811
17570,1367
19629,1062
10211,668
4526,1062
13105,668
6193,1062
6193,487
424,668
4187,1062
11410,134
3249,255
20224,883
16494,883
329,879
9573,879
10662,879
17909,879
1196,879
495,879
551,879
12657,879
20467,879
9565,879
11135,879
9358,1273
20034,1273
18506,1273
18813,1273
17772,864
3087,864
15894,864
11760,864
10860,864
18526,864
11704,864
3624,864
1264,864
14191,864
7391,864
15542,864
13229,864
6022,864
2340,1298
14959,1298
11923,1298
18861,1298
20089,1298
17294,1298
5529,1298
6009,1298
13398,1298
2256,1298
5855,1298
14522,1298
10804,1298
10210,1494
12199,891
16355,891
7076,891
10062,891
14868,891
20355,891
11169,891
5521,891
16397,425
5048,425
9538,425
5539,425
20035,425
3932,425
10056,425
604,425
3977,425
8980,1509
5156,1509
17354,1509
47,1509
17677,1509
18816,1333
16645,1333
4432,1333
16061,1333
4783,1333
15157,1333
13746,1333
18659,1333
18045,1333
15045,1333
4132,1333
12345,1333
15822,1333
16811,1333
16254,1333
19645,1333
11205,1333
4282,1333
5434,1333
8883,1333
11125,1333
12887,1333
8018,1333
16410,1333
6872,1333
3022,1333
12194,1333
18745,1333
19258,1333
7526,1333
4109,1274
14451,1274
7831,1274
6219,1274
16972,1274
10155,1274
2711,1274
19952,1274
16650,1274
6921,1274
7784,1274
17345,1274
17519,1274
8289,1274
14008,1274
14034,1274
7434,1274
15661,1274
3814,1274
3269,136
20070,136
14363,136
9418,136
9742,136
13552,136
9377,136
3747,136
9364,136
17868,136
6949,1128
447,1128
16253,1128
8709,1128
20317,1128
11867,287
11867,839
11867,1561
16562,287
16562,1544
16562,839
16562,1561
1041,287
1041,1544
1041,839
1041,1561
14695,287
14695,1544
14695,839
14695,1561
8881,287
8881,1544
8881,839
8881,1561
19090,287
19090,1544
19090,839
19090,1561
11239,287
11239,1544
11239,839
11239,1561
5450,287
5450,839
5450,1561
7921,287
7921,1544
7921,839
7921,1561
13234,287
13234,1544
13234,839
13234,1561
15735,287
15735,1544
15735,839
15735,1561
13301,287
13301,1544
13301,839
13301,1561
8329,287
8329,1658
8329,839
8329,1561
7215,287
7215,871
7215,839
7215,1561
19839,287
19839,871
19839,1544
19839,839
19839,1561
8601,287
8601,871
8601,1658
8601,839
8601,1561
1392,287
1392,1544
1392,871
1392,1658
1392,839
1392,1561
15728,287
15728,871
15728,839
15728,1561
12930,287
12930,871
12930,839
12930,1561
2006,287
2006,871
2006,1544
2006,839
2006,1561
17637,287
17637,871
17637,1544
17637,839
17637,1561
15074,287
15074,871
15074,1544
15074,839
15074,1561
894,287
894,871
894,1544
894,839
894,1561
4828,287
4828,839
4828,1561
1854,287
1854,871
1854,1544
1854,839
1854,1561
763,287
763,871
763,1544
763,839
763,1561
11566,287
11566,871
11566,1544
11566,839
11566,1561
9590,287
9590,1658
9590,839
9590,1561
6848,287
6848,839
6848,1561
12858,287
12858,839
12858,1561
3655,287
3655,839
3655,1561
3257,287
3257,839
3257,1561
1479,287
1479,839
1479,1561
219,287
219,839
219,1561
9010,287
9010,839
9010,1561
15297,287
15297,1544
15297,1658
15297,839
15297,1561
10419,287
10419,871
10419,1544
10419,1658
10419,839
10419,1561
9304,287
9304,871
9304,1544
9304,839
9304,1561
5844,287
5844,871
5844,1544
5844,839
5844,1561
3015,287
3015,871
3015,839
3015,1561
1922,287
1922,871
1922,1544
1922,1658
1922,839
1922,1561
2912,287
2912,1544
2912,839
2912,1561
9192,287
9192,1544
9192,871
9192,1658
9192,839
9192,1561
17415,287
17415,1544
17415,839
17415,1561
12620,287
12620,1544
12620,839
12620,1561
17169,287
17169,871
17169,1544
17169,1658
17169,839
17169,1561
2637,287
2637,1544
2637,839
2637,1561
9719,287
9719,1658
9719,839
9719,1561
9955,287
9955,1544
9955,1658
9955,839
9955,1561
5467,287
5467,871
5467,1544
5467,839
5467,1561
15697,763
17774,763
7420,763
3926,763
20542,763
16521,763
13531,763
8715,763
5499,763
14048,763
6012,763
3491,763
17580,156
11519,1326
5197,575
15890,1326
17709,488
7130,1199
19966,743
3042,743
7857,743
16215,599
18229,599
20328,599
7207,599
2202,599
10145,599
3036,599
8156,599
8068,599
18851,599
5406,599
4738,599
13165,599
4367,599
9187,599
3766,599
9632,599
19021,599
3762,599
12317,346
15919,346
8241,346
13433,346
3024,346
7364,346
6649,346
457,346
10338,346
16262,346
20041,1669
20041,219
14265,1669
14265,219
17306,1669
17306,219
1693,1669
1693,219
9025,1669
9025,219
6363,1669
6363,219
3039,1669
3039,219
11400,711
11400,1669
11400,219
14974,711
14974,1669
14974,219
7731,711
7731,1669
7731,219
11284,711
11284,1669
11284,219
19245,811
19245,876
19245,1493
19245,600
9725,811
9725,876
9725,1493
9725,600
12849,811
12849,876
12849,1493
12849,600
11576,811
11576,876
5307,811
5307,876
15399,811
15399,876
1927,811
1927,876
14086,811
14086,876
18277,1482
14855,1482
2612,1482
3417,1482
19800,1482
3083,1482
10465,1482
41,1482
541,1482
277,1482
8347,1482
14458,1482
10299,1482
18704,1482
3906,1482
256,1482
15694,1482
19495,1482
13564,1482
64,1482
1900,571
24,571
4686,571
3957,571
10048,571
8608,571
10755,571
8577,571
14944,571
17980,571
8786,571
20319,571
11557,910
18701,910
622,910
7381,910
11632,910
4441,910
14283,910
8142,910
7047,910
8163,910
10239,910
15944,1505
7819,1505
16282,1505
14397,1505
16571,1505
20349,1505
6913,1505
7217,1505
6047,1505
10240,1505
10272,1716
6977,1716
9101,1716
13117,1716
9177,1716
3177,1716
15963,1716
3266,1716
2964,1716
7281,1716
15791,1716
19200,1716
8037,1716
14349,1716
10494,1716
4320,470
4752,470
15421,470
20446,470
16214,470
20361,470
15756,470
13072,470
13532,470
1226,470
10746,470
5793,470
19530,470
16068,470
1002,470
12036,470
15075,470
7855,470
2669,470
15413,470
17384,470
5486,470
946,470
18530,470
10867,470
7390,470
1500,470
5714,470
666,470
1526,470
3179,470
6671,470
7214,470
18555,470
7238,470
9862,470
10718,470
15150,470
15715,470
18257,470
8373,470
9017,470
3250,470
16415,470
2161,470
6533,470
18030,1673
8961,1673
14753,1673
19450,1673
14674,1673
15633,1673
3638,1673
19990,1673
1597,1673
16043,1673
14114,1673
11055,292
11338,292
5854,292
14645,292
16452,292
10828,292
11098,292
12351,292
14154,292
15937,292
18855,292
9186,1757
11656,1757
19902,1757
3239,1757
7230,1757
18409,1757
8945,1757
18414,1757
17444,1757
6038,1757
16611,1757
11759,1757
16067,1572
19298,1572
4294,1572
7880,1572
6780,1572
5606,1572
18051,1572
20493,1572
14509,1572
7641,1572
17217,1572
9585,1572
10344,1698
14001,1698
20159,1698
7694,1698
2210,1698
10063,1698
8354,1698
7972,1698
8562,1698
297,1698
19550,1698
8953,1698
20168,835
9134,1118
19142,1118
19229,1118
18239,1118
1984,1118
18557,1118
18340,1118
3136,1118
13026,1118
5390,1118
4178,1118
10636,1118
14007,629
15808,629
2341,629
13543,629
1242,629
3302,629
16867,629
10785,629
7950,629
20119,629
4243,629
4932,629
15168,629
11792,629
8151,629
4895,629
10875,629
12349,629
2814,629
16598,629
1844,629
538,629
3759,629
14877,629
8101,629
2724,629
3265,629
11230,629
2301,629
365,629
5900,629
18933,629
18362,629
16721,629
7763,804
151,804
8019,804
1549,804
10530,804
1345,804
15626,804
20368,804
17685,804
19130,804
5448,804
17520,804
4216,804
9363,681
1752,681
17984,681
5306,681
14163,766
13998,766
14126,766
20402,766
7514,766
4635,766
15660,1657
20397,1657
5204,1657
2707,1657
224,1657
11753,1657
16328,1657
1125,1657
353,1657
16233,1657
11080,512
19784,512
20280,512
3555,512
10265,512
2757,1744
16425,1744
11462,1744
8667,1744
8907,1744
1029,1744
3810,1744
19334,1744
20564,1744
17825,1744
761,1744
6118,1744
6871,750
6871,1558
9308,750
9308,1558
15634,750
15634,1558
14840,750
14840,1558
19637,750
19637,1558
17860,750
17860,1558
17417,750
17417,1558
11322,750
11322,1558
950,750
950,1558
16878,594
19487,594
1529,594
20274,594
14871,594
3462,594
12625,594
1397,594
9946,594
7089,594
5990,7
7643,7
3060,7
12214,7
1051,7
15704,7
5438,7
3217,7
14595,7
621,7
5954,7
18603,7
20478,1283
1119,494
15473,494
42,494
16588,494
4670,494
2904,494
8313,494
5730,494
6573,494
11833,494
11840,494
5000,494
17199,494
8956,494
65,494
12244,494
2386,494
3859,494
383,494
471,494
14891,494
16042,176
9611,176
13190,176
5,176
19199,176
18760,176
19095,176
7951,176
3102,176
17840,176
11102,176
13655,176
3355,176
11781,176
17298,176
4070,176
17212,176
6390,176
7216,167
6445,167
1162,167
10679,167
2209,167
20208,1689
1636,1125
2828,1125
9631,1125
10673,1125
2682,1125
18303,1125
5787,1125
14673,1125
1235,1125
7352,1125
14281,1125
8211,1125
13348,1125
18067,1125
18525,1125
652,1125
6711,1125
19275,1125
7033,1125
5158,1125
53,1125
713,1125
17945,1125
8115,1125
10952,1125
8885,1125
3149,1125
14152,1125
1834,1125
1007,1125
10053,1125
7516,1125
19398,1125
3522,1125
16389,1125
20532,1381
20394,90
20394,318
1981,364
11408,364
20003,364
7200,364
17723,142
5802,142
12269,142
17671,142
12360,142
19866,142
8674,142
20386,142
12737,1617
1452,1617
14640,1617
6655,1617
13009,1617
1683,1617
5302,1617
15474,1617
2429,1617
20214,1617
20476,1680
9792,1680
4126,1680
14099,1680
12584,1680
6610,1680
3601,1680
9732,1680
18921,1680
19620,286
20249,286
8393,286
1688,286
7324,286
1530,286
16117,286
6438,286
19661,286
4480,286
8054,286
6926,286
17092,996
11978,996
20198,996
18625,996
6826,996
10078,996
16779,996
16855,996
2344,996
1853,996
5267,996
4248,996
8979,996
7847,996
11034,996
10954,996
3516,996
3433,996
13575,521
13699,521
13499,521
5265,521
8397,521
20469,586
10384,586
15250,586
15606,586
11061,844
20203,844
16636,844
17602,844
13242,844
6833,844
10369,844
18479,844
10937,844
2459,844
909,844
19301,844
11032,844
14346,844
14171,844
9167,844
5191,1656
20345,1656
14527,1656
639,1656
4652,1656
10589,1656
2483,1656
11441,1656
18255,1656
12080,1656
8010,1656
3664,1656
7066,1656
2615,1656
19120,1656
4335,1656
20530,781
8890,614
7015,614
1539,614
19255,614
193,614
15425,614
12758,614
12544,614
19378,614
2458,614
16927,499
10080,499
13014,499
9347,499
7965,499
20007,499
7723,499
14232,499
2849,499
44,499
8316,499
11811,238
2668,238
20388,238
16532,238
18815,238
15264,238
7363,1629
13082,1629
19917,1629
16609,1629
16908,1629
6739,1629
12469,1629
18416,1629
14236,1629
7527,1629
15951,1629
12923,1629
20307,1629
13132,166
18957,166
14548,166
16278,166
11646,166
9307,166
10663,166
16539,166
881,166
12217,166
8192,166
14484,166
8315,166
14811,166
16212,609
11309,609
11304,609
12938,609
12866,609
1430,609
3592,609
8828,609
11948,609
8725,609
14028,609
3672,609
20358,609
3969,609
35,609
20318,1219
2598,874
14486,874
18790,874
10822,874
11499,62
20609,62
6520,62
7254,62
14705,62
2665,62
6974,62
16235,62
3690,62
9907,62
5345,62
15128,62
15872,62
19085,62
7210,62
5687,62
11081,62
243,62
1547,62
17206,62
10329,62
10687,62
4100,62
19574,62
11664,62
10385,62
8531,62
8767,62
1344,62
13579,62
6529,62
13345,62
19676,62
10196,62
8240,62
17191,62
1665,62
17946,410
17946,1385
17946,220
1958,410
1958,1385
1958,220
20192,410
20192,1385
20192,220
12823,410
12823,1385
12823,220
17767,410
17767,1385
17767,220
10023,410
10023,1385
10023,220
17390,410
17390,1385
17390,220
6176,410
6176,1385
6176,220
9929,410
9929,1385
9929,220
449,410
449,1385
449,220
7312,410
7312,1385
7312,220
8955,410
8955,1385
8955,220
2788,410
2788,1385
2788,220
5355,410
5355,1385
5355,220
17701,410
17701,1385
17701,220
2066,410
2066,1385
2066,220
1417,410
1417,1385
1417,220
10835,410
10835,1385
10835,220
15419,410
15419,1385
15419,220
13695,410
13695,1385
13695,220
17248,410
17248,1385
17248,220
5839,410
5839,1385
5839,220
13826,410
13826,1385
13826,220
8174,410
8174,1385
8174,220
9487,410
9487,1385
9487,220
6850,410
6850,1385
6850,220
6854,410
6854,1385
6854,220
8074,410
8074,1385
8074,220
15877,410
15877,1385
15877,220
13291,410
13291,1385
13291,220
3893,410
3893,1385
3893,220
19104,410
19104,1385
19104,220
11990,410
11990,1385
11990,220
14314,410
14314,1385
14314,220
2423,410
2423,1385
2423,220
12598,410
12598,1385
12598,220
16970,410
16970,1385
16970,220
19383,410
19383,1385
19383,220
2107,410
2107,1385
2107,220
2775,410
2775,1385
2775,220
11570,410
11570,1385
11570,220
14467,410
14467,1385
14467,220
3777,410
3777,1385
3777,220
9149,410
9149,1385
9149,220
18075,410
18075,1385
18075,220
16032,410
16032,1385
16032,220
11947,410
11947,1385
11947,220
1612,410
1612,1385
1612,220
16844,410
16844,1385
16844,220
10379,410
10379,1385
10379,220
1836,410
1836,1385
1836,220
12629,410
12629,1385
12629,220
6254,410
6254,1385
6254,220
13861,410
13861,1385
13861,220
9468,410
9468,1385
9468,220
19708,410
19708,1385
19708,220
12699,410
12699,1385
12699,220
9996,410
9996,1385
9996,220
11362,410
11362,1385
11362,220
18091,410
18091,1385
18091,220
14707,410
14707,1385
14707,220
13235,410
13235,1385
13235,220
16206,410
16206,1385
16206,220
17873,410
17873,1385
17873,220
6485,410
6485,1385
6485,220
16617,410
16617,1385
16617,220
12860,955
6730,955
18410,955
13663,955
12489,955
7728,955
5202,955
16616,955
18403,955
3916,955
4608,955
14470,955
20120,1277
18911,321
16218,321
89,321
14690,321
14369,321
13735,321
3327,321
13926,321
10901,321
7208,514
5139,514
20522,514
3393,514
19180,514
9566,514
13279,514
3164,514
16998,514
16167,514
1846,514
3959,514
933,514
5979,514
6770,514
3046,514
9114,514
1341,514
20433,48
16424,1560
12682,1560
17798,1560
2447,1560
8712,1560
362,1560
12042,1560
20500,1560
13556,1560
10163,1560
6479,1560
14887,1560
13939,1560
9859,1560
14193,1560
187,1560
13845,1560
8963,1560
10871,1560
7242,1560
13157,1560
2351,1560
5372,1560
17756,1560
10514,1560
19951,1560
7734,1560
472,1560
987,1560
4410,1560
1337,1560
6215,1560
13991,1560
5234,1560
14063,1560
8462,1560
14227,1560
15515,1560
13491,1560
4577,1560
12570,1560
13191,1560
6255,1560
4937,1560
8499,1560
3513,1560
15337,1560
159,1560
13627,1560
9987,1560
183,1560
2685,1560
1434,1560
17170,1560
2589,1560
11730,1560
3771,1560
8680,1560
712,1560
7626,1560
9288,1560
16417,1560
13523,1560
805,1560
6106,1560
12895,1560
10821,1560
5429,1560
5918,1560
17900,1560
9388,1560
10144,1560
12980,656
760,656
3958,656
9971,656
10858,656
20258,656
15463,656
5997,1586
1762,1586
20126,1586
3843,1586
14683,1586
9087,1586
19405,233
19405,8
19123,233
19123,8
2692,233
2692,8
17762,233
17762,8
11396,233
11396,8
14489,233
14489,8
10230,233
10230,8
13144,233
13144,8
20468,233
20468,8
7824,233
7824,8
8982,233
8982,8
4759,233
4759,8
15018,233
15018,8
18100,233
18100,8
12637,233
12637,8
9964,233
9964,8
10591,233
10591,8
1692,233
1692,8
9373,233
9373,8
11290,233
11290,8
10170,233
10170,8
12673,233
12673,8
11060,233
11060,8
6579,233
6579,8
11880,233
11880,8
4252,233
4252,8
15467,233
15467,8
19152,233
19152,8
1841,233
1841,8
15959,233
15959,8
3285,233
3285,8
4734,233
4734,8
12289,233
12289,8
2987,233
2987,8
991,233
991,8
17107,233
17107,8
16430,233
16430,8
2145,233
2145,8
19947,233
19947,8
14911,233
14911,8
8256,1393
20125,543
19518,543
7241,543
1121,543
13516,543
3534,543
11265,543
14503,543
2273,543
9328,543
18712,913
20374,913
1183,913
17855,913
2164,913
7476,1133
7476,898
7476,387
5286,1133
5286,898
5286,387
18898,1133
18898,898
18898,387
7098,1133
7098,898
7098,387
20036,1133
20036,898
20036,387
7550,1133
7550,898
7550,387
18296,1133
18296,898
18296,387
1728,1133
1728,898
1728,387
15181,1133
15181,898
15181,387
13183,387
15064,39
6969,39
9993,39
400,39
18730,39
13633,39
12640,39
4693,39
17454,39
1191,39
11748,1064
13109,1064
8905,1064
20195,1064
12525,1064
3599,1064
15309,1064
6460,1064
7670,1064
10946,1073
15284,1073
5108,1073
9293,1073
2627,1073
3596,1073
15921,1073
8991,1073
5297,1073
19416,1073
3121,1073
3704,1073
9443,1073
17485,1073
4789,1073
9791,1073
17566,1073
3427,1073
5349,1073
19935,1073
2821,674
20083,674
12777,709
13916,709
20395,709
2323,709
15002,709
19264,709
2664,709
952,709
7236,709
19213,709
4919,709
11794,709
14321,709
11399,852
1469,852
14914,852
17815,852
20221,852
10730,852
16817,852
4392,852
16695,852
4319,852
7978,1147
19681,1147
12171,1147
6099,1147
19584,1147
6889,1147
10181,1147
15351,1147
3034,1147
15329,1147
5256,385
1376,385
11332,385
13375,385
11002,385
6651,385
18427,385
7012,385
7355,385
14249,385
1899,385
2872,385
2480,385
7932,385
11451,385
19257,385
1149,385
11455,385
5639,385
16276,385
20584,385
9100,385
13589,385
10129,1761
9869,1761
18140,1761
522,1761
6598,138
4428,995
16785,995
20571,995
4276,995
19623,995
4069,995
8344,995
15740,995
16763,995
2050,995
13076,995
1524,995
16790,995
17569,995
5376,1776
6697,1776
6745,1776
105,1776
8247,1776
12828,1776
445,1776
16725,1776
13558,1776
3503,575
14873,575
4626,575
4261,575
19640,575
5073,1126
7567,1126
5501,1126
19500,1126
18393,1126
4805,1126
19032,1126
11090,1126
2565,1126
13306,1126
18902,1126
4726,1126
5909,1126
11308,1126
3231,1126
6820,1126
18017,1126
6114,1126
4271,1126
1578,1126
16408,1126
20057,1045
1444,554
20465,554
7129,554
16564,554
13484,554
15702,554
13587,554
9675,554
19696,554
467,554
19572,554
6063,554
10855,554
13018,554
18390,1616
20064,1030
10448,345
20545,345
10415,345
10644,345
2514,345
10674,1503
20215,1503
19001,1503
11796,1503
19423,1503
5166,1503
3449,1503
8146,1503
11119,1503
1965,1503
8990,1652
10680,1652
2801,1652
20322,1652
8743,1652
13896,1652
18044,1652
11283,1652
16883,1652
19061,1652
18718,682
7245,682
8920,682
19847,682
2485,682
3952,682
18798,682
16509,682
2200,682
9034,682
3127,682
20498,682
20423,760
4313,760
15006,760
13048,760
10335,760
7672,1199
11178,429
9073,429
8403,429
19310,429
2809,429
14278,429
15776,429
14372,429
16044,429
17362,429
14646,429
18449,429
13310,429
14537,1081
12013,1081
17376,1081
19033,1081
306,1081
9052,1081
17734,1081
1202,1081
4838,1081
18,1081
488,1081
10275,1081
13446,1456
8661,1456
20112,1456
10368,1456
10569,1456
2498,1456
15027,1456
16051,288
16989,288
2960,288
10549,288
18439,288
221,288
13766,288
19447,288
3751,288
16926,288
19515,288
15123,288
4142,288
13429,869
11795,126
5020,126
8158,126
6399,126
5945,126
10896,126
15409,126
371,126
8603,126
20353,126
11714,126
4998,126
3620,126
9794,126
17381,126
16962,335
8746,335
19105,335
18227,335
3160,335
6312,335
12066,335
2663,335
7506,335
1731,335
4482,335
20114,335
2471,738
4046,738
19402,738
9382,191
9778,191
16137,191
15913,191
20175,191
343,191
15621,191
1213,191
5704,1438
10775,1438
5053,1438
11824,1438
8744,1438
6102,1438
17913,1438
5532,1438
16573,1438
7767,1438
3618,1438
17082,1438
18697,1438
10672,1438
218,1438
19172,1438
6822,1438
11607,1438
15999,1438
1494,1438
18561,1438
1174,1438
7075,1438
1236,1438
3961,1438
2233,1438
19865,1438
20131,412
1180,715
4994,715
2109,715
10122,715
1802,715
2212,715
6423,715
2474,715
11112,715
16729,715
324,715
15665,715
13103,715
3465,715
5665,715
3667,715
11036,715
13602,715
109,715
11206,755
12406,755
9143,755
18022,755
3840,755
20077,755
8761,755
9680,755
10538,755
11773,755
19978,398
9280,398
5071,398
14866,398
1070,398
17743,398
20511,398
17184,398
2488,398
2073,1317
15701,1317
20085,1317
18539,1317
20107,49
16713,49
15711,49
2667,49
5794,1671
20260,1671
743,1671
8300,1671
170,1671
2000,1671
14783,1671
3441,1671
11671,1671
19323,1671
734,1595
10957,1595
244,1595
5727,1595
5809,1595
19607,1595
19208,1595
13140,1595
9900,1595
554,1595
20056,1320
14070,1320
13010,1320
7926,1320
2877,1320
1360,877
2600,877
12899,877
11402,877
18407,877
85,877
6458,877
17043,877
3718,877
16019,877
1574,877
5515,877
1464,434
81,434
14579,434
6905,434
19894,434
4560,434
3789,434
7906,434
11907,434
15788,434
18857,209
2570,209
7412,209
1015,209
19413,209
7621,209
5420,469
11559,469
20245,469
5395,469
5988,469
8944,469
15886,469
744,469
2305,469
3875,1501
20535,1501
5593,1501
6636,1501
10585,1501
5195,1501
14273,1501
4349,1501
10150,1501
18076,1501
10771,1593
14637,1593
9217,1593
17973,1593
14991,1593
18940,1593
16656,1593
7017,1593
20603,1593
18708,1593
1698,1593
13724,1593
16881,588
15889,588
4618,588
7644,588
956,588
570,588
6823,588
20410,588
18725,588
3379,588
10910,1167
18797,1167
20218,1167
19803,1167
17649,1167
2993,1167
16877,919
3381,919
10076,919
10547,919
4106,919
17419,919
1726,919
13311,919
7152,919
14523,919
10864,919
12403,919
20427,919
20572,1737
10651,1737
3525,1737
10255,1737
10669,1737
11813,1737
13412,1737
7188,1737
317,1737
8191,1737
2510,1737
4996,1737
12730,1737
6929,1737
6590,1737
4429,1737
14539,1737
8999,1737
13550,1737
6643,1737
14865,1737
8870,1737
3703,1737
16485,1737
1082,1737
15010,1737
4385,1737
7500,1737
5656,1737
15771,1737
12427,1737
9857,1737
7511,1737
11004,1737
4549,1737
8378,1737
19625,1737
10378,1737
15214,1737
841,1737
11401,1737
17457,1737
18876,1737
14786,1737
3007,1737
11053,1737
18132,1737
17554,1737
18309,1737
3858,1737
1308,1515
1308,1552
7375,1515
7375,1552
18474,1515
18474,1552
18595,1515
18595,1552
20082,1515
20082,1552
7441,1515
7441,1552
11608,1515
11608,1552
5523,1515
5523,1552
8043,1515
8043,1552
1489,1515
1489,1552
13721,1515
13721,1552
16705,1515
16705,1552
91,1515
91,1552
9636,1515
9636,1552
724,1515
724,1552
14623,1515
14623,1552
11698,565
2695,565
4267,565
9353,565
12453,565
1481,565
4933,565
2528,565
3075,565
1983,565
10810,565
1887,565
16631,1070
13733,1070
11737,1070
17937,1070
14021,1070
4685,1070
2875,1070
6621,1070
8771,1070
7377,1070
18207,1070
6622,1070
18453,1070
19076,222
16188,222
9927,222
15489,222
2393,222
14184,604
20582,604
20559,573
19720,573
10923,573
2626,573
18762,573
6119,573
12029,573
6395,573
17342,573
13335,573
1742,573
7515,162
11711,162
849,162
18751,162
5413,162
14065,162
7631,162
19183,162
3701,162
5220,162
14204,162
20311,162
11666,162
8662,162
18348,162
15644,1774
8808,1774
11992,1774
18764,1774
8636,1774
5821,1774
3203,1774
12722,1774
10032,1774
3230,1774
957,1774
9777,1774
10487,531
4756,531
18952,531
14992,531
6042,531
11293,531
11589,531
4532,531
5078,531
2710,531
2722,531
6345,531
10409,531
8279,531
9976,531
15139,623
3732,623
13675,623
16384,623
5431,623
1721,623
9088,623
3437,623
19290,623
3470,623
2554,623
440,623
16146,623
15359,623
5827,623
16566,623
7946,134
9957,134
17347,134
15979,134
10093,134
8588,134
11914,134
20105,134
9706,134
9313,134
15246,134
18696,134
6712,134
18572,134
16567,134
19559,134
18290,134
3252,134
20440,41
6901,423
19888,423
13762,423
826,423
19377,423
307,423
8497,423
19622,423
11652,423
13337,423
9846,423
20593,1123
2203,1123
7022,1123
6839,1123
20240,1212
20240,309
20534,1349
9026,1349
12913,1386
12913,1252
1200,1386
1200,1252
10977,1386
10977,1252
18840,1386
18840,1252
20147,1386
20147,1252
18777,1386
18777,1252
10421,1386
10421,1252
19766,1386
19766,1252
19899,1386
19899,1252
5214,1386
5214,1252
9510,1386
640,1386
640,1252
2030,1386
2030,1252
16015,1386
16015,1252
3785,1386
3785,1252
9645,1386
9645,1252
1987,1386
1987,1252
5092,1386
5092,1252
17890,1386
17890,1252
2266,1386
2266,1252
19744,1386
19744,1252
10213,1386
10213,1252
13283,1386
13283,1252
13290,1386
13290,1252
16073,1386
16073,1252
6082,1386
6082,1252
13691,1386
13691,1252
303,1386
303,1252
10832,1386
10832,1252
14197,1386
14197,1252
15242,1386
15242,1252
15554,1386
15554,1252
5613,1386
5613,1252
10423,1386
10423,1252
7492,1386
7492,1252
16422,1386
16422,1252
10416,1386
10416,1252
1794,1386
1794,1252
13790,33
7168,1189
20282,1189
1678,1189
12175,1189
3273,1189
6138,1189
1310,1189
17955,1189
1609,1189
9605,405
17106,405
16924,405
20533,405
3603,405
8628,405
13615,405
19254,405
12886,1651
10602,1651
13859,1651
16810,1651
10789,1651
2521,1651
13481,1651
1286,1651
19162,1651
8485,1651
19317,1651
5410,1651
1998,576
8957,576
5905,576
15691,576
12762,576
1447,576
13400,576
10793,576
2751,576
2573,576
323,576
20256,576
17052,576
4066,576
13050,576
10266,576
5325,576
12888,576
2120,576
3334,576
15828,1541
6539,1541
2907,1541
5117,1541
14416,1541
19988,1541
18159,1541
8168,1541
19167,1541
12551,1541
8517,1754
8517,202
20546,1754
20546,202
9910,1754
9910,202
10184,1754
10184,202
17446,1754
17446,202
15,1754
15,202
6744,1186
20047,1186
8410,1186
11059,1186
10491,1186
15095,1186
13478,1186
16274,1186
8122,1186
4983,1186
6250,1186
2013,1186
19248,1343
19248,1105
13483,1343
13483,1105
19914,758
9132,758
15152,758
1540,758
918,758
17421,758
11176,758
8626,758
2021,758
12794,758
8621,758
1503,758
7971,758
17640,758
6077,758
7167,758
20344,1011
6560,1011
19537,1011
17697,1011
11276,1011
20301,1457
16967,1356
20045,1356
4728,1356
762,1356
5099,1356
8796,1356
11079,1356
9952,1356
8081,1356
14869,1356
15926,1356
10816,930
9766,930
12491,930
7919,930
16592,930
477,930
15831,930
7692,930
10100,930
11422,930
16614,930
11336,930
6290,930
16291,930
8407,930
5326,930
13275,930
8596,930
14046,930
10927,930
2313,930
13450,930
1365,930
5079,1359
16697,1359
18370,1359
19827,1359
4988,1359
12032,1359
9370,1359
17322,1359
7018,1359
6498,1359
8655,1359
20537,1216
8195,1216
3799,1216
5308,1216
16837,1216
20607,559
20607,726
20607,1072
1936,559
1936,726
1936,1072
18973,559
18973,726
18973,1072
10997,559
10997,726
10997,1072
10085,559
10085,726
10085,1072
6116,559
6116,726
6116,1072
6078,559
6078,726
6078,1072
3773,559
3773,726
3773,1072
9586,397
9586,559
9586,726
9586,1072
8440,559
8440,726
8440,1072
8123,427
8123,559
8123,726
8123,1072
17065,559
17065,726
17065,1072
11969,1734
3993,1734
8510,1734
18431,1734
7232,1734
4003,1734
12255,1734
13220,1734
15720,1734
10650,1734
15317,1734
2322,1734
2370,1734
5203,1734
496,1734
9427,1734
19008,1734
8994,1734
3344,1734
13334,1734
18493,1734
16961,1734
20009,1734
12579,1734
13956,1734
7570,1734
6632,1734
18052,1734
6515,1734
9163,1734
17370,1734
6909,1734
7813,1734
15508,1734
12492,1734
18233,1734
311,1734
5106,1781
18546,1781
489,1781
10450,1781
4922,1781
6841,1781
1630,1781
6243,1781
1203,1781
14377,1781
12782,1781
20277,1209
16331,1074
8866,1074
599,1074
1677,1074
19070,1074
7619,1074
19339,1074
10506,1074
9023,1074
6931,1074
6111,1074
7389,1074
20278,1074
19933,1074
1040,1074
15280,1074
3460,1074
10683,1074
10079,566
10424,566
20337,566
12470,566
12165,566
20004,1232
13797,1232
6743,1232
20250,1625
9236,1554
11548,1554
19125,1554
19671,1554
20062,1554
3260,1554
17615,1554
13458,1554
11147,1554
11498,1554
10781,1554
9799,1554
5061,1554
6812,1554
4372,1554
10006,1554
17624,226
10986,226
13231,226
19519,226
12053,273
9718,273
15106,273
15526,273
9237,273
4927,273
7787,273
19706,273
19343,273
10565,273
18536,273
459,273
19746,273
16376,273
3851,273
4755,273
17597,1542
19568,1542
9081,1542
2015,1542
8333,1542
20109,1542
11931,1542
11534,1542
7397,1542
6798,1542
17910,657
20364,386
9914,386
18369,386
55,386
19654,1384
9740,1384
8871,1384
17907,1384
5045,1384
15986,484
1048,484
19968,484
20086,131
20204,1150
18774,1414
18774,893
17258,1414
17258,893
16765,1414
16765,893
3668,1414
3668,893
20306,1414
20306,893
18908,1414
18908,893
2396,893
3519,893
5199,893
16421,893
11954,893
4088,211
20452,211
11577,211
6253,211
6212,211
2846,243
14917,243
19357,243
20346,243
10467,243
14409,243
14192,243
19760,243
18875,243
11740,243
10610,243
13983,293
20142,293
15850,293
10645,293
16207,293
13588,293
19642,293
15652,293
6815,293
15341,293
3873,293
3849,293
8036,293
16950,293
4671,293
13081,293
18775,293
2894,293
15525,667
8291,1164
1124,1164
11887,1164
2003,1164
20300,1164
11912,1164
5285,1164
13417,1164
12875,1164
11838,1164
13870,1164
17744,1164
14958,1164
202,616
10298,616
3997,616
3635,616
3570,616
7461,616
13760,616
13865,616
13439,1650
18804,1650
15454,1650
2618,1650
20212,1650
1038,1650
5042,1650
8160,1650
16363,763
3331,763
6279,763
4464,763
14969,763
19018,763
1640,763
18267,763
19650,763
2093,763
18437,763
6767,763
15400,763
15993,763
13236,763
13656,763
2392,763
11216,763
10030,763
12759,763
19034,763
10200,763
2640,763
2398,763
20449,763
1062,1174
16371,1487
11716,1174
2051,1487
15161,1487
2118,1174
7676,1174
20188,1487
19287,1174
13422,1174
4265,1487
4092,1487
15859,1174
7138,1174
5741,1487
17031,1487
8952,1174
19799,1174
20039,1487
9249,1487
2249,1487
4305,1487
19826,1487
3316,1487
19083,1487
17042,1487
8687,1487
16490,85
20042,85
4044,85
5693,85
16118,85
9552,1016
9552,1643
16104,1016
16104,1643
10571,1016
10571,1643
14490,1016
14490,1643
18869,1016
18869,1643
11853,1016
11853,1643
14906,1016
14906,1643
13929,1016
13929,1643
122,1016
122,1643
10587,1016
10587,1643
11044,1016
11044,1643
1782,1016
1782,1643
20434,1090
8349,1090
2848,1090
4842,1090
3514,1090
15973,1090
3364,1090
8335,1090
17455,381
20154,381
15483,381
12423,381
19529,381
8193,381
15848,381
18552,381
3425,381
16734,381
2255,381
6016,381
5782,381
19230,381
5008,381
7962,1539
20413,1539
20170,1423
17051,1423
14309,1423
14309,325
2679,1423
1493,1423
994,1423
189,1423
13332,1423
6080,1423
8013,1423
878,1423
15786,1423
11251,1423
409,1423
4677,1423
10721,1423
20099,1279
20528,1583
20392,443
17908,1039
14453,1039
7064,1039
3836,1039
3841,1039
3612,1039
20298,1039
19695,1039
14706,1039
11111,1039
16190,1039
13799,1039
1065,1039
18948,1039
20226,1714
